133.88168610258245,135.5671371621377,91.78997096026731,87.40464362139902
139.29687788793817,140.91658387751144,91.67651879614989,87.32949610901909
141.54095195964592,141.30361314444445,91.65772367346943,87.37517541213991
142.92119695374242,143.8901730114666,91.5848289574476,87.35685733980965
143.57828520130565,144.00668084870293,91.4665529366619,87.36692948571795
140.8634626572363,143.21663852064833,91.23057017464495,87.45761708522777
139.47011203854845,142.42052056839566,91.18812548484665,87.7139131268732
138.8617785140425,141.95813587717484,91.14903788998534,87.85798394597269
138.91614936926467,141.70408153433158,91.10852378165633,87.91907342100163
140.58190225685382,141.98964520189355,90.88203381911492,88.02214473825754
141.47539700811365,141.71263444283002,90.73620641677637,88.09746983378017
140.82100219100073,142.01485671056523,90.60090314511295,88.01012121131693
140.65197104138736,141.99587747980192,90.4839994392671,87.9100781490578
138.90715772233509,140.308862510829,90.38215129327043,87.76381616970656
137.29819766031818,139.5816845190327,90.38772354782112,87.67792433263993
137.6831473497954,139.3415602277701,90.36642084173224,87.71098431581481
139.18637411174683,139.95710773007625,90.21409947725904,87.83460534668167
138.46211673463947,140.9756842521387,90.06686063232803,87.87713442141624
134.72401540586046,139.57968985234996,90.00992680134989,88.01309751581798
132.0834767268642,138.84798037656662,89.8919246642983,88.16084056383444
134.03080605846705,140.34884582148294,89.66014032869445,88.30657016039402
130.37864857024778,139.00053483952118,89.43494993171575,88.493798353262
125.20420104022325,137.4695235396537,89.6341741865049,88.50636028969302
120.84734678519276,136.57346061384501,90.24404661263458,88.55338701708492
110.62889504949658,130.22970712363716,90.5936628667203,89.252624898012
109.62334111247766,128.59276796068656,90.77437251672534,89.6567656064732
114.86278427532952,131.65719217754543,91.04934577998006,90.92243122090912
113.42091916888674,129.26509778745938,91.7311292762425,94.53690572834122
107.50532426910918,116.378022585477,92.08936520865176,95.89865095522579
108.01136148608776,114.56617304187569,92.63863421958179,97.14005950040588
107.40651567481667,120.38046366492622,92.61304440549468,96.90854062770632
106.71037163021077,109.53072045884255,92.11130254319667,93.46732250359933
112.28540681875025,118.46028045603283,91.55531578832799,90.4506109820359
104.28411469271913,119.62347327169856,91.28982280391338,89.25478807025465
106.18985532124584,121.59585258409554,91.02825093908635,88.6675686738965
109.97840327710459,126.1685734908297,90.37983613545339,88.4802614773061
107.90685607358279,118.58200427476561,89.7682441680242,88.22365318911352
102.34695502823342,108.26710886871341,89.28566900893028,87.82372251977932
108.00501096664838,118.78312029246717,89.09126677335797,87.64355705104164
114.29821460665046,128.6001202346985,89.54474838671186,87.55539887354834
109.2490752467253,126.92023083008104,90.44422866171956,87.69537867512479
102.2686245901891,113.99000709818918,91.14725942528317,87.75640513138057
101.3619420362124,100.6822224876741,91.31211700520747,88.20874536258515
98.31591338366665,100.90269134663679,91.87088243082879,90.74850689590058
90.28591457847605,76.02369819517409,91.92384583808801,90.86624893993746
93.05916720469,89.79753957630892,91.79893036505392,90.52762927572002
96.42366488976751,110.06942375235009,91.74016921142609,89.96483501992044
97.0785887895843,111.5279880237119,91.71380696758408,89.61716651494274
96.20989610650815,114.33955290667762,91.340535175399,88.62959817678959
112.95439637236478,120.58194487284352,90.70232449096277,88.08863655164866
114.83183549717214,122.26746811167848,89.77332708733452,87.10248515807164
110.94796644370378,122.02091409579657,89.69655711398674,86.99115284624114
109.26678273410883,122.19231543677547,89.65357878323952,86.92297438870905
109.97479213414194,121.62064975802843,89.6341459678546,86.77572910962117
104.67751042236607,119.82216451524862,90.1363266727507,87.12991396199114
100.54677107757738,111.73366123821424,90.61253434349133,88.39554780971218
98.41532940483995,108.13599031669725,90.87982307747102,89.06118208080304
91.36933552379864,88.36591016006821,91.15627343056404,92.37295499570106
90.76605505882536,72.11561626452165,91.47143664471211,93.97508708680694
88.57558983202169,74.98279431111445,91.43300897461764,93.34191708552706
91.26811516890487,93.5487495995221,91.39269719378689,93.04517028168397
92.94162589060774,99.31619467160957,91.30607701413786,92.82964349875243
103.01976630617217,114.00698351932333,90.93014131563247,91.1959999407019
104.02914557847373,115.43693677815244,90.59381407533137,88.96764378273788
113.50038688494583,125.54479528504514,90.2327581076431,88.1892202737041
113.8641701945522,126.38012460285985,90.05356579987792,87.79256459706359
121.9335498012028,131.80118486627094,89.94834532020212,87.61451896285588
121.55540369858022,128.35810690135776,90.08653921380407,87.51989652184952
110.01319916791456,121.67848815460573,89.81955284245971,87.05208194668276
108.60359835348778,119.23907821698874,90.58481810782921,87.60664197941293
104.82664827846551,117.78946458749452,90.98331593593906,87.90480307286397
99.11903769355108,109.32429873654051,91.56935988101009,89.56361126972844
93.40046195046571,95.36303439108532,91.80970471941515,93.64866916006878
88.51434191076213,83.25973318047782,91.87625489487364,97.33098295070937
87.36353479962055,80.38261965027739,91.72963341851244,96.01528421583673
93.7755194978793,85.1592186832365,91.26476604203722,93.89658708706578
96.69843763671534,102.58441049893638,90.99262506518615,93.22528339353497
112.27590291732326,119.89768883411747,90.91524374019669,91.10343390842428
116.78621998025301,123.40714240070228,90.4789991600815,89.69113241374578
117.46779555141903,125.13825315697355,90.28817342926038,88.96463262699726
118.3263810160974,129.68870616411562,90.4171151808796,88.75073366546874
118.02474968171803,132.13132071776067,90.27543876281268,88.13672479492057
123.2094882266843,136.40841371539543,90.97041748959823,88.06218467052122
118.51325580599887,131.8758725430743,91.32289259043432,87.96225983384763
117.35933660168327,129.4663786321203,91.74257735034438,88.91261534642075
116.89109958995893,129.14210422362225,92.00293961146697,89.449590620816
103.89535739418858,96.98864832958772,92.20429176818102,92.5756040948447
96.61816083155007,97.22997042241514,92.29635726078634,96.68982411291603
99.72433305705341,96.03603980964581,92.54481440793728,97.65310303509882
96.9961628982436,77.26373318600315,92.39709903024234,97.67583121700768
109.21156298492211,107.99380400230763,91.91849419986427,94.98525228084875
109.5691231680921,110.49686841026472,91.72703727425244,92.84290805051462
113.35486990032372,111.57837458624951,91.49587502842611,89.80068470703647
109.20353345827547,115.0966906084579,91.30076123688502,88.20326456001821
109.99104287035698,128.59901259604052,91.37875583926748,87.62330803966758
121.6035677691566,141.56264437191,91.77901375123656,87.55908823432475
117.09830376906523,134.17843374957124,91.86366845981236,87.6270608465912
103.43399056838761,111.71672412676082,92.29502098793974,87.90928918331574
99.4429687007182,112.02758440481382,92.66257650675371,88.16616409655548
97.83215221649823,106.01974456057333,92.71379831193059,88.71281857903534
97.07765868235673,104.64756690595836,92.7192720522152,89.09293240020536
98.24785899057957,91.49196681850545,92.65064810626748,91.7403567840274
95.82848758514064,86.93948076143748,92.73307440106367,95.58762947227545
90.41653021634124,62.86623851373761,92.74936886268657,96.90703580585956
97.29719036835147,75.31740888878768,92.48637644571012,96.44671601325871
98.30929097901354,94.2852928921884,91.8705944029217,93.21847426433197
106.85719669501844,111.62898149221894,91.87239777657155,89.96522342990633
106.77074319814088,110.68518001442956,91.81792179442637,88.7271066755013
109.73511920887245,123.07022634967917,91.61221747048218,87.79674591984808
113.30899622706282,121.99610696796428,91.26528301633513,87.28767925428883
120.78247481292935,114.59091831938817,91.30856747047876,87.17388814886178
112.86029906346289,115.06272335092825,91.62567229037522,87.12056124364639
103.0203374458849,111.0202448006171,91.75170402085911,87.07865410644561
97.58193354823509,112.12135850937194,91.98791390879944,87.23717611928568
100.73251213796517,107.38055276882932,92.45275107081436,87.96109166432005
102.09022728063368,105.43076460852137,92.85801646104164,89.65081935422548
103.05916256143828,104.76077769277772,93.04873750339614,90.44435620969016
101.0572799201422,93.80857905488155,93.10238609310399,92.58075014770861
106.73120016041933,100.37212774191613,93.3915771840794,93.4758701545041
98.22985886121005,90.78783903369572,92.75104824120416,93.16183817527181
106.8664185931488,111.91630578436622,92.02868935745848,92.37133013683
108.21297844935341,114.47660105094768,91.56569914588944,91.9822139643747
113.89147068353078,122.81649523716104,90.79724059240769,90.80021173998263
122.23767574621459,129.66319888840647,89.54174479772844,89.71275945123263
125.54445000248009,134.56359082941262,88.80351212874281,88.02954319303845
116.7673799952211,114.94152126328864,88.56791275829968,86.92564342679415
119.8613003842159,120.8421673232205,90.04846544209262,86.67369346378035
118.00458193135354,121.90519237560441,90.49821427840631,86.59442928420023
118.37607802132862,128.3182620880192,91.46029078774397,86.71910341004619
119.23523477471757,127.440902478153,92.28375954142581,87.05065268590951
119.2612178949036,126.54019669740079,92.34786498502741,87.09058864090647
119.20204703546234,129.93191064215,92.0495405327912,88.84607897051404
121.72665383683389,137.87690217202393,91.73761740299213,89.67718360637026
111.12012784575596,117.84260803470947,91.21280311231503,91.4251957569793
131.72945543772528,138.90776636242094,90.89906543558106,90.34354551334383
129.72959025818716,139.2068581385823,90.53327817885517,88.97404552110464
131.06892784773277,136.68657775990113,90.52068376760208,88.14799360806019
128.41619257750563,135.35236092453985,90.24080059315992,87.76273343226087
122.66697401617854,136.02265043802598,89.12022048084785,87.28538426194183
122.15210746770796,135.31684754183877,88.68553670981463,86.87119513310031
120.0515765566237,135.3145772650205,87.82384241661255,86.70399001552367
119.8765837974342,132.77756997233593,88.70103678793612,86.70363417147937
120.05534393753922,130.34680727092942,89.07160906190269,86.64674144974236
105.38777642285868,105.32941809802732,89.73356283560513,87.31077524546926
109.02411320503317,106.54681336626022,90.67598860067322,89.0963652814812
106.66001188214872,101.68682850552558,91.07845822314623,89.76362693945902
99.71686112568472,80.45165077486928,91.17283792073249,89.99435390552739
96.48348860125755,58.28443882687337,91.19576599818556,90.12740570567952
85.37090422103697,47.4318683091538,91.15361440324317,91.10038907798842
96.88718900264088,69.39184013449261,90.65969845371211,90.11172401253214
108.91795102372156,104.53620393816301,90.34433439179311,89.44684875366028
108.87067938808495,109.46340406799897,90.11226694072151,89.12600245093556
108.81776950686368,104.52073606941539,89.53812222994578,88.37026703125146
109.7783635941942,104.55489455932883,89.15336951270153,87.99371963990001
118.49983668282638,131.2604178368776,89.23770019806253,87.5106941944809
122.9010992748037,136.25931760413985,89.45813996753793,87.71015427686622
121.6058060364414,121.99834020654514,90.00250980401783,87.44989446577974
116.04401325247512,119.86857178661079,90.08541407150241,87.61114446423205
115.44191210812745,113.58980230107666,90.11278457205906,87.67295849407977
114.03895930596613,115.21801542347416,90.6815773323908,88.07523532397006
112.8019857904461,115.07870995371476,90.97430176408598,88.37421192364381
124.6357328043811,120.87511458055936,91.09512880788124,89.71210078391954
121.75636923694618,124.11188796408767,91.28609397270961,90.59923610836141
118.52145275173199,85.8944777691956,90.65964819386095,90.1204165722013
103.91742195177424,61.34698564465402,90.178711662858,87.9007236437024
97.35860118896305,63.18031160936892,89.32926705768679,87.2917197635022
100.67299384453696,83.18228085404692,88.76353973904637,86.17138897557444
113.21015742424879,92.23230360607793,88.68244368627101,85.31633713335142
113.0893721538594,123.87694543328904,88.64442479565615,85.53790720013639
119.0658922904041,131.71360492114079,88.21815339116517,85.07119895821087
110.36997247079549,126.44003504591126,88.15339312875768,85.12496781945731
111.10506388445832,126.6892565697098,88.44765665207963,85.15717171545869
112.12141182920915,124.97956533637652,88.72557933941557,85.17090513028606
106.16539931529441,97.17823112649968,88.97418433856899,85.47640357657313
106.87482969696002,73.58799110079173,89.44381963777761,85.94619421840466
117.68758654971535,88.5910367300011,89.8585904200898,86.83747186994101
122.10411608025845,94.60821333570591,90.15901705903016,87.258367490353
132.896426279662,139.05538720564073,90.56047872908518,88.96710483255988
136.24365617271,134.22674820253502,90.53802677663684,88.85644894525261
116.9365399182493,93.66724980552071,90.3625785368336,88.66925564654554
114.47128789940105,94.64051779156212,89.95131386692778,87.69542411691107
107.35221483461332,95.58476403618144,89.86405478297291,87.08622746478623
121.86856646293434,111.33971998434724,89.26410556764462,86.49494690798588
114.36112017763824,94.28011180722169,88.78180484649563,86.57880914563633
108.31448305101071,114.57778520130432,88.16493164564123,86.23633770667324
97.1349326922277,109.30294437780726,88.53809289480752,86.07034818805263
94.52040095126894,106.61169000574874,89.12307948545082,86.0048047134061
93.983763939304,89.44355880396633,89.31930524574551,85.8698471426788
111.42516845377699,123.27811468231003,89.97149814159114,86.19980949944186
110.11190359504945,113.54232761327766,90.76103476602918,86.97457145556365
109.2907962205877,110.28275661444665,91.08737796379042,87.33562527479859
111.07938982223894,109.26611602259497,91.11382942668818,88.61229450301067
119.93267141782796,120.48294888627366,91.06326888522726,88.9911707302104
111.11220491151197,73.57791951258969,90.92037204998397,88.81305283689547
113.62433752914572,88.07757240636927,90.63379094735696,88.70042868888838
129.20919942290143,123.78181574582263,90.17129426195896,88.33997776772524
132.38587708268471,123.50917774579003,88.89532129364812,87.20072537958151
121.26027345182511,123.54020767992517,88.65085626794377,86.72507515459026
134.07185353841209,127.44084845067023,88.39103141647834,86.6401502889329
122.28117133790977,127.55649733973843,88.75587597203682,86.78043631717544
125.55400819195599,120.19446613461719,88.90477608717325,86.805128113671
119.43157364302843,122.10114567220276,89.45361511498358,86.9231637988495
121.07404360711551,126.33531105626807,90.4623802696098,87.71959526165514
134.51661936563573,131.9298827170225,90.78472663894357,88.32067339486939
131.00002659699635,128.58822279591885,90.77087648131118,88.85347051470642
130.39056119556784,130.1987207004977,90.7429671770558,89.03470616088384
132.34955687872304,132.81214567372575,90.97647118519892,89.42387365797826
124.06087091006101,102.06770855623749,90.65691782191126,88.94929430679157
114.05679059120246,112.56193286137601,90.51011083586073,88.70534602573221
116.43403243087639,120.81751652749998,90.43418144506539,88.51951418199785
129.95488854321943,128.93332438311813,90.02891718776307,87.46040789098745
131.45334962384507,108.9540572146159,89.55248672779462,86.91574456551064
120.19019831045573,119.9808819925977,88.98747462682466,86.10065531886089
121.26796725039017,121.14345538159017,89.33949073589008,86.39831493699366
122.24988307277725,122.71423424900664,89.6884542548885,86.66504876738331
120.88887609231817,116.30798638496586,89.71890207208396,86.59061387946036
118.92128865027932,120.0542260201472,89.85194793537417,86.9962567553492
121.18281028697128,120.06776651813038,90.85523084839743,89.20808056640952
119.20091325470237,100.1698516037445,90.93424769457215,90.18631674228449
125.14521009734302,109.97678096241215,91.11285171730754,90.85737820257388
122.82802147419717,94.54186099681706,91.04177019174215,91.55872638493766
106.2771545790342,67.85174384603779,90.14999779282817,91.4361558457935
111.47365055278668,85.44757802707377,90.00083910897796,90.7349455856417
113.25893961413396,89.16527607283719,89.90598669883246,90.21973352550813
112.86796573572389,91.60977815744008,89.85888671449274,89.23855732055291
118.62833977339407,126.34123304909046,89.38091731209991,87.51906068147842
130.0450602188804,123.86968157582275,88.48119682178164,86.22623214491519
123.75182364924298,122.984600038828,88.34427286024231,85.70766184024288
120.9489627844381,134.6194672803932,88.15223487983228,85.32584652665923
119.01660854846432,134.47217681359527,88.06815526356539,85.18599368160308
119.49842360614306,127.35009855251757,88.39050991144047,85.3934583296349
118.35247009189669,122.70993234547194,88.71930203671421,85.68615478820587
118.81050283557649,120.93613053002058,88.96561848664165,86.02652906696991
117.90562770270908,121.03255404142466,89.55522468051632,87.31518507945302
120.70274820970702,119.96549429308939,90.18614366149646,88.89603006301006
127.87506083883353,121.41567232025017,90.2899315116363,90.66223205242727
123.38747391108731,104.39806373094532,90.23628750586433,90.71123572100421
128.4766007895959,123.35753706945438,90.15777720495018,90.1314054677828
125.8217163566831,130.03148659704433,88.88104366363736,88.32066864546874
117.67066664434134,108.31447460281638,88.3827847580542,87.5288898466629
124.4530651074884,116.6597663135268,88.1819313947069,87.0640295491015
93.50458699161075,115.0939463025093,88.08911076375469,86.76909846478131
92.36987894303235,114.84563273964943,88.15209030468839,86.47333449233655
99.73018359799178,107.44564493944056,88.67499415851806,86.2161243392427
109.4945326282229,125.0236847837775,88.9324373500596,86.53428023683405
124.73642931922907,131.78771502267034,89.57680429776973,87.54884772636139
130.04302080995288,130.5497140406644,90.18819679659939,88.80730653082841
130.3967075789561,129.29653662924684,90.50621396599188,89.54292548912768
133.1492300868626,129.74413602163133,90.52158994173243,91.02239845846285
132.55662203677608,128.0007559868454,90.8185443745445,91.1824533604626
113.18751909920131,84.27255096937486,90.26313411988565,90.47800268460858
116.5799099092673,101.23752558035565,90.24043166773983,89.55435547745076
114.91046727377436,77.32510727800454,90.03574159403077,89.04131003389064
122.3985623920511,121.72312228160217,89.49506440577001,88.02619353319919
116.71894874487825,108.72165578752193,88.5765528816789,87.18297721496249
76.94848235922014,79.520072122626,88.28515731199414,86.08577383644332
70.2051744003232,73.86030943545109,88.0311459486194,85.2811694047503
93.79506365855376,114.95385152932992,87.99504707465435,84.81033521305525
108.47814320946149,114.03106325618721,88.23478269624844,84.91566369054999
126.23140650983856,133.1076192640538,89.30533406462226,86.4877514130517
133.5489909523867,133.58774459964735,89.85692051863383,88.04955220877821
131.56320606713743,107.72704377101603,90.08663679587505,91.1541269544825
124.27704010193261,102.20424564635717,90.22517351538937,92.40317182844694
125.93936808868725,100.29831976047141,90.28715990509896,90.33428879922371
109.52902450258533,82.50818915922522,90.13324391282727,90.15847182321512
111.74458838848035,79.51085705360443,89.85850358133719,89.35440977937965
119.52917540108183,111.37078098585435,89.56221810277977,88.48467594689532
135.3097135040945,129.32415711595593,88.79711642731434,87.53340499270952
128.14579912151723,127.01640198948837,88.06938116898239,86.46385599003872
124.03387844209851,128.05513543031117,87.78026877062922,85.79842552734154
111.17199300088801,107.05677938928922,87.84484123374135,85.45709490838158
106.94381259063901,103.35201804300303,87.79211183437869,85.15151305062693
119.88315059026534,122.29884283941647,88.32729979744254,85.19904468594459
117.57408368045016,125.71924806041629,88.8374434993724,85.424154803977
113.45508191490201,124.3262905604326,89.14340195400824,85.49617098715835
121.11993637874141,130.0737028658133,90.372995524928,87.31152491779635
119.98229175916038,118.3037319475841,90.54148717915744,88.02350298736921
114.3513610512887,81.44850863365798,90.5124418232585,88.49101807066077
114.92584050435543,76.72306776152284,90.92696457440208,88.86443201803591
117.19411724106367,105.13894596918465,90.52268845793483,89.21369128309372
111.31767422383493,99.38113528808952,90.13757968493222,89.2443940207591
123.68471467288818,131.03487407057256,89.81116803436646,88.5919431548552
123.32656105768312,126.01281266018903,89.18964093433758,87.43677791690371
122.61961836129083,124.77671053201361,88.75725338912902,87.00115661166578
113.3804879946791,122.18628707497822,88.08737908814496,86.5122188267314
105.40241154054846,124.25640658017963,87.9368738748478,85.9756526031041
104.99276949145344,122.40658316353603,87.72982535379164,85.55765248500641
115.78704554202959,113.01297889939049,88.07292727032977,85.43519329964472
117.8414478307135,127.73219443975977,89.04569961010952,85.64526002578654
132.65836532500603,133.9227546499406,90.21469938229176,87.43344164899344
139.68874271017333,136.39923377214583,90.73375592161509,87.83963889978445
135.21509572842686,96.82666038079441,90.8844332787403,88.06261687192607
131.38199524189508,66.62443464177623,90.98051550673554,88.01121455888779
127.85661533328737,79.07638470066823,91.16438598408511,88.33683062160482
120.89297903546345,72.16123575041294,90.99276190870441,88.00135940702835
118.48643842461831,71.33434014186827,90.91580827545518,87.63946070228573
122.53775254397397,109.54340410483657,90.85106750664922,87.50319002483675
117.33542060110688,106.3596631746382,90.77781191602263,86.61164259149234
126.13871470749581,114.66302220820782,90.57201346572113,86.2367440985144
130.29082051812762,128.15874700178236,89.94213749706859,85.47835870621601
129.06634716878315,126.39559633079838,89.9043326535627,85.37765033144066
127.37868019634031,137.27104789968493,89.90257330068513,85.57110685732351
126.06791962204167,137.38899419511012,89.88386472545328,85.64511187253409
123.87268885611397,134.0725097687617,90.2099012395778,85.96966870647061
111.40834575515755,81.8745874508266,90.31944341171041,86.46821154194373
119.96554484343446,82.0662568123406,90.46876683728846,87.2404393793344
117.19244113478416,57.038061046938495,90.50426636062133,88.27920981810026
117.35470120945216,60.75121293734981,90.53344187670476,88.58856048169689
115.93537341511383,67.62309061458694,90.51025828503698,88.48491653589222
120.69213275606698,101.81969204147191,90.53442875983296,88.79744786553098
122.6137746173031,113.51569708535818,90.49545299947414,88.37112554544827
120.60053253447327,121.70325454028037,90.4853587982072,88.21111851140532
130.4850297438496,128.71682728873782,90.19343450492431,87.463907536232
126.8108212356452,123.00713723658237,89.83106359892882,87.03100466383876
127.94190042457984,109.0261552799666,89.38415122041582,86.3079669926213
128.63899194672445,122.1626897625071,88.97578084586107,86.02136900369047
123.72784581598104,114.85710902222691,88.72362975675432,85.7687909605219
118.96655628754054,119.1463425268388,88.94357812077442,86.02999003336839
120.77586853719413,129.54447352135097,89.10836738154023,85.98696735716727
134.4005718005774,129.72737996095077,89.84315135744566,87.07649426279204
140.78418618703824,127.84065428905024,90.12147883187592,87.62082711716978
131.64022036863702,62.910575211130755,90.19827611433553,87.69146542216883
130.3568865202243,65.84399406840619,90.38000955332404,87.77770638590503
113.70126440772101,75.20061816498722,90.51893259577892,87.95316335875297
113.28323271935831,80.48172091950755,90.23097587473937,87.77790178896632
103.09777714779058,71.44400353476834,90.18933808040084,87.70214494539188
109.6374516708363,121.74589368999168,90.14113202055128,87.1669235791306
109.72473438857787,111.0577982622678,89.03771757298138,86.17442857015499
102.55999853167832,79.26765829210258,88.07477652845547,85.58429388104196
107.64205592439828,114.60693137937918,88.23538410127144,85.45816186171376
110.58581414432241,122.43304857210164,88.1977620880479,85.0791408975411
112.58122178543839,124.07600405008479,88.1486150389118,84.92272712141965
116.11482434099484,117.33994039890386,88.54022308836865,84.929731884725
100.22398519640663,78.43132244477867,89.11353233795406,85.62528471722534
99.20560219906305,79.61547035786987,89.50256741549782,85.98812803744686
130.01045176500713,130.34650815781512,90.09173518616261,87.63248635278902
135.07823813613152,138.21327148841274,90.74738675236378,88.158865769649
140.73177290110706,136.2684205692418,91.09664458425794,88.49945874538915
133.0457071892342,113.39153401782936,91.0934417661868,88.35204895101886
132.63513720989715,127.41686101020082,90.890521342326,87.87891661034662
120.97689984734016,92.7591105616637,90.23389948817058,87.25094026471362
121.04333242015555,101.72443607440644,90.0815471880265,87.02026394977909
114.46475942752548,111.0787099853303,89.85162239896555,86.66250400710763
115.37778090449716,109.39174967197525,89.79850467463473,86.48007059618051
116.32528258715081,105.86701699213633,89.67925556586223,86.32680609856678
117.98162161680254,105.72705155079471,89.68733937209655,86.37965088097923
117.5382450917445,105.41981732026017,89.6950512927424,86.40857742231715
110.785478183418,113.41222156045997,89.94498239905711,86.50740573777865
112.14618462295176,126.39442644513916,90.34519299921718,87.52469965293524
131.2656338525517,138.29905736023096,90.46081931230559,88.66472500064354
132.99745319083934,134.31608811500845,90.66123075467522,89.03923179642526
136.44422390056263,135.43277101326328,90.91170779348076,89.17849338705824
129.58074673636628,127.33468812407607,91.1210266373806,89.16836481292017
130.93154947203195,128.65714680914473,90.94388264541462,89.22157704477092
127.4685796834026,132.21105539674275,90.52979552884949,88.0634419362614
110.21144025168275,105.27362469490366,89.4085083976156,87.1528719915475
106.76587478673152,91.0446824348747,88.90308237132848,86.336404588928
102.41519267985214,75.63196732537033,88.6515444048243,85.97639551163546
99.9136112825321,78.81669688266312,88.48017165726638,85.81394683564001
105.17723239189876,116.71283118586267,88.6094344857153,85.87388942562367
112.65050185617928,97.42081506007716,88.80480861119433,86.06408122860972
113.79764738992245,93.87815930663945,88.92955412116032,86.10527067148885
117.89366562583345,116.33020504877,89.90352604809985,87.42145766381194
130.88850791435183,129.02763259388317,90.6757767811554,88.65135836593596
128.81393248461652,97.62759055301444,90.87115252836082,89.05352285058368
123.38152386379488,88.29210829255841,90.84442457395424,89.54928342634885
122.40934751577262,95.98530416073315,90.41360426811666,88.7429906104786
121.21701445804521,99.41491274975976,90.29067911238624,88.69652407277147
120.0773354821565,116.68671122519874,90.12368343259173,87.56199320630077
124.70780404340836,124.59712594493615,90.23062032578459,87.31013636949399
117.39279483583383,123.75764845873962,90.06164468611506,86.56427152605126
117.02863225416732,134.20074531151621,89.92082544631084,86.21443671120844
116.66489695484759,118.13272903445116,89.91646335501277,86.17945694208115
109.87563362001174,100.10579408343368,90.0009226670667,86.71972223935477
123.29590894309611,130.68914449745057,90.7107730986225,87.50416284745839
138.63882453146942,139.75308157826117,90.84463314456576,88.2967583802019
140.53235816027643,140.56881393514757,91.01220917207526,88.68721651682408
126.91041977127092,86.23644604297625,91.00714292281464,89.9760739704955
129.3975441939714,82.2496604789791,90.92179490452936,90.10447604633768
134.0989131464805,131.52199229649477,90.64810028116148,89.37869259076831
134.6112566995956,128.7801525183107,89.83959654736516,88.33434688610495
131.09608870730386,131.2248825637897,88.92700531035553,87.33460288926241
130.9467552283857,131.3705908342351,88.4777125492518,86.95741837038827
126.58164100096263,130.40258057069553,87.9891445581255,86.34712378596016
122.42599451436631,129.23338474413302,88.31650994213445,86.26713725622258
118.60271344413455,126.17414643918114,88.41721133713251,85.96416564363601
139.25323563904945,122.59325748180791,88.894724095707,86.04439458770986
137.15461729423757,125.6979295458243,89.30595284032123,86.67638419464798
137.21937509755236,126.11167500634785,89.58308280770108,87.12155563207239
136.46301524194917,125.01717872513346,89.66007055913929,87.6635735475387
144.3427478462992,134.43172982245017,89.6898548140249,87.89241023850592
106.18793452910653,79.67037815324538,89.51562601140617,87.78333776950558
120.42854164625707,121.55111255989506,89.54023510975144,87.88202996292767
124.40830858432984,122.57167923196216,89.13466961992519,86.97138706431956
126.79828091762195,126.77851881929612,88.81176978107972,86.18311961718646
124.15537741731633,117.11873648653315,88.2994677973592,86.11388898209003
99.50459014312025,104.10378837523314,87.871110943738,86.32354823917241
107.79889155930823,106.77353448872117,87.67902151984603,86.5597880725583
105.9876022080592,108.63318634571297,87.538938966656,86.14263041954578
94.61821397467094,116.25118195608098,87.43083411195335,85.56861480270952
106.37455424848065,113.87531655020994,88.35396142103477,86.11256246261591
135.33643828601788,132.93254623426202,89.17223287526298,87.42109640430073
132.83323723594947,129.8282599548854,89.79994607279004,88.27421239621948
131.55014007665355,132.73000992385863,90.23186156469282,88.5648806489957
128.73485167491185,124.58643598319458,90.42825745270913,90.68656434932815
121.31458947092091,82.19216325315301,90.43815016713333,90.06690422097188
126.51189536043834,127.30612286231931,90.33544702517582,89.2142525039252
131.86631750807936,130.32485241091803,89.99457454855296,88.08971925273408
134.12623445681803,120.75780106027688,89.38631671088258,87.60315181950297
135.3256033417172,119.9064427379295,88.97794327245607,87.3180338524494
130.03627657497057,127.79263440669885,88.56997901338946,86.76661031850193
105.78322418544747,115.66920727910238,88.2418575929605,86.25889443263225
104.10041098488522,115.80664891704656,88.12581303943361,86.05841375772688
119.56059183524467,135.7209778657864,88.07976653506608,85.97863787162599
123.65288868516258,132.79768565787717,88.21301397154554,85.88628688023613
131.8854207192608,133.82377264578926,89.46267060784123,87.19332368894626
137.20706434411485,133.17624086543717,89.67923945085646,88.34739879263446
136.12880298526366,132.735897900359,89.96756437729918,88.94315870088884
139.04194393402858,142.68852865215422,90.10403314326501,89.00360303544817
112.85111008741995,77.99100885357632,90.14887290818875,88.5986222037695
108.56462079595657,70.77938549257148,90.10206817647334,88.46223838527106
117.44417695179261,115.3563851371338,89.44997684135971,87.3434879624338
125.58904222307049,129.25441928875003,89.0830503289771,86.97338356811623
107.72938880935531,122.91282635065905,88.58561008751822,86.6199110192571
103.12179974117534,122.45595817891397,88.1669442291945,86.2788735803856
90.20132796816607,104.83458863897033,87.82555142609421,85.69053312147001
94.34788061312403,117.49598504623117,87.91927718203699,85.6067094128614
94.3404238560865,130.188001520971,88.09988995303908,85.52872543557798
131.32925650897255,117.18949844536691,88.26919195024455,85.66778476537681
124.98665920895701,127.98982210952852,88.60986700955668,85.99444157049922
138.11454903063978,132.7230893765545,89.82008708081881,87.38485247961287
146.78297806666234,134.4121261587513,90.43953619820333,88.31204193788871
139.38173492902524,106.9409228916228,90.74439475238516,89.2598834910997
135.66940001704725,94.94135834652471,90.99627612813114,89.73890460290029
115.16159149802036,69.798770190233,90.73843962239965,89.21922868243725
116.3894945356404,79.00480154644353,90.50123582123507,88.525525879565
120.45438731484444,117.07102017627072,89.68713536110387,87.22795022864683
96.47936118248312,114.05443623026599,88.57331898826446,86.64176543666983
98.02454080221807,116.99241105753518,87.56087870286007,85.7370283524325
79.7768279101321,99.56585128540749,87.01139266806335,84.93757038596583
81.69318401603381,108.50272562204987,87.15727847474263,85.0193155269855
110.66521473603692,116.87850757156599,88.11197694997988,85.13347367638754
118.76186307048252,120.40171385259778,88.65331983597035,85.16038610894381
117.58746434416766,118.31275977931224,89.61746387338809,85.65131635851323
128.38804226255067,133.74623597938643,90.02856570379818,86.25170908882617
127.8795519383716,111.19488622204061,90.20113322718684,87.26867350511023
122.2709843524739,72.67938201679293,90.18564589736445,87.72775976716763
118.14298741870482,87.63685042250563,90.15069346524358,87.85749943906859
117.02190434746433,104.76550011231426,90.09967934172742,87.89269894264989
126.57349491427892,127.25492177236892,90.21952583310535,88.27244019443484
129.24155833988235,132.90123192712886,90.02398978097649,87.30026965101824
101.1476487754025,121.67369048601637,89.24539401986279,86.62776632029535
84.60816468340887,117.742888189883,88.49221768889771,85.47629220761456
94.03388658771972,123.45465255968394,88.77035285444444,85.53707542210002
95.64478223573101,122.69483784048235,88.88461988577038,85.44297493563425
121.70145366814755,126.17673858382393,89.26079742361048,85.71358619791427
120.30748647978584,124.30994214830964,90.02791900740814,86.2049441538991
128.84919732536014,132.57648535427657,90.64681681064548,87.65484214163246
123.39480780266987,108.35764091974818,90.7619929736224,88.16534590925707
118.63810921968295,94.46289509105938,90.7607584384012,88.59711369247883
117.7568051192744,100.13054679333983,90.77214017691679,88.95682275552413
118.83571581649326,112.65791145830455,90.81946944780255,88.14940711174374
122.26900942704538,120.19044694874846,90.7945225688513,88.15708438297672
122.90043612591742,120.49063229249403,90.71031279428787,87.90375707032578
117.63607058418248,104.8731423587656,90.44185214930654,87.22867042354659
120.59921725417014,125.20719453655988,89.99657968385227,87.15176717348716
111.88935667209353,124.92014432910756,89.58042660854407,86.86906917326517
117.96557738361541,130.23685212258815,89.13782530144323,86.5744907487856
119.91954380015626,126.08551027269361,88.74080813845201,86.86188501266615
121.13515142074722,125.9632658365501,88.58474700515654,87.07220631313972
120.94991663021142,128.27485325222378,89.2208675665021,87.94967250262741
119.99406018321376,124.9845888828194,90.52509439073872,89.07798394918017
128.04170261418452,128.4038525571786,90.87095136860084,90.29926474402293
129.02419451339975,108.23986480174115,91.30526046239765,90.89027060751422
125.19649377062777,106.72768137585037,90.30619905444112,90.09067568833837
126.060795672206,108.64565790623767,90.19626642419834,89.49329843272879
112.71809200205517,102.36882209449374,89.64044352583103,88.39949079079419
112.70818483309436,106.98547105762003,89.43117260443198,87.92727115605089
112.47335255433373,108.18118054085755,89.23537936315101,87.90811224024169
131.19000788452695,117.46438623499222,89.09161239110156,87.97831907032271
125.68954029374252,114.87383095904586,88.01606339552661,87.91401759725917
125.19688105752181,124.43552712290123,87.87309003543717,87.70159977016965
106.33643172038572,92.21935482370425,87.89771881266068,86.91305839755918
105.09717481440823,100.12995519225193,88.28836306423408,86.95686805720162
108.53183695274107,103.02945340144791,88.50782513880623,87.07384624045861
116.0228621247424,124.4254987942209,89.23796947419456,87.32695840749575
139.277426922205,132.7619714862654,89.98485213014202,88.15599708633849
140.70677549927598,122.87278886169851,90.43786584262855,90.0980193332224
135.3690579959055,120.78951284325713,90.7665243177279,90.44914506448448
122.16608802204266,94.97032153228761,90.36887226721856,89.75415497004475
126.36240593274472,105.22675234073539,90.33435919982546,89.19371145896748
117.91489496005381,118.61963670147875,89.91075164437501,87.84004244407038
120.78555483408428,120.14478495344433,89.61371607303157,87.32433624405536
127.47471920222011,136.94811176702618,89.06182993391393,86.59843588990681
130.16094007418496,137.45713284106336,88.85748190281507,86.43036957027252
134.34789957866485,113.76344049198113,88.8497194890115,86.67167098183516
136.51037130705626,115.66228224888725,88.90786098431698,86.85829373766856
120.52694565804737,120.19965934890105,89.11145540014174,86.97205949001903
126.03337611080174,121.16222846322039,89.31704743114582,87.10092002283821
126.33714136400684,125.86901244577919,89.71157279884073,87.18605369868918
133.51582159366396,130.60484428716657,90.0221366864786,87.61320912813649
128.66295984176966,74.72908402102514,90.37107852694837,89.31183659859519
113.0879034284411,68.11797365457547,90.37238424036907,89.13498306160905
113.3336177132478,77.5442530166611,90.26506597494286,89.01485846750899
140.83634321314662,99.28752852213607,89.60745021680825,88.97052907298216
137.144079523168,116.12314126892697,89.58720046486084,88.81720536913654
127.32009783126621,104.85883778591628,88.98168460849783,87.33559543485634
136.47139156964192,123.71750262134469,88.79769044045568,87.01113672023378
114.10579577368121,115.13248976317054,88.32244660161862,86.53233742493704
120.58818745628592,137.13817085709874,88.26224466913204,86.48741552657316
129.24441376610943,126.52381311588354,88.34972149544217,86.54059444080954
136.4265225064862,122.62399037636415,88.39958267097217,86.54226666428323
121.82856303123131,128.34325675417224,89.05743864889045,87.0099485604863
122.71030531101015,126.20243143342046,89.58694228514376,88.11237094788068
122.39761588635506,124.79891446358745,89.89862942394255,88.73523217142598
128.10431778559456,128.92976120491664,90.121087727259,88.82700420846913
113.48333168342025,65.10302396008835,89.9215214348095,88.80485135465594
110.86136090580086,66.45897669692224,89.64322391314758,88.79939029521485
124.76623736428662,90.72698098201599,89.56853258341069,88.72325624839156
131.34228419433498,126.1868704508577,89.57671254199278,88.30768336067817
129.6670119394019,127.79352620113681,89.643553875211,88.13424551338531
138.82675666094144,113.47909766892384,89.07592380524142,87.4828149960881
133.70683464161218,129.93167421830432,88.83159661852304,87.40892533113966
129.60131472992038,132.21383621895583,88.03434407676372,86.83119875349651
129.97239053394367,138.78364314313066,87.79319774536184,86.37330679215569
124.03205197335643,92.5451403422539,88.0939413623348,86.01377960638366
122.03439562820208,87.1645553249802,88.26851221475512,85.80064786096496
112.93208652542332,103.42189016034993,89.28146677046966,85.86473099998854
123.93884845209294,138.25214530491877,90.00145365318313,86.65860550997296
143.31318732265512,138.72854590939104,90.38618971489448,88.65677716078348
137.8854902115432,75.93202655893369,91.13735237487055,89.81440503284726
125.21315855051978,82.07895892970964,92.16035453083586,90.50730189162837
128.46730032686565,83.46951282978374,92.56024893937344,90.73557935828798
133.40311060020522,116.31454356004083,91.99713309131353,90.1089437422049
121.6493524345123,107.33734325321498,91.68866925263062,89.32934265048448
121.56620815715094,110.03597529101897,91.38593979436425,88.95177554795065
119.78694163850378,111.6930444962644,90.68391148552494,88.15587256437172
122.48114228389366,123.51773149571821,89.77503505702839,87.69773650504267
95.14255900606385,117.75860768194157,88.79191847388317,86.72216561439011
124.44452844083412,128.54301897189345,88.88841717904867,86.63566721592694
131.8312563104481,129.56547003314074,89.06039197171127,86.63936189839875
134.55115781126813,131.66609888450822,89.15971595752875,86.54932116798764
129.62095610245171,128.99124559574045,89.4509698188696,86.52080945619328
131.97241909533537,129.81206866045707,89.99644892718345,87.00551971586245
134.4443651786999,121.5493498772196,90.36264903134612,87.85285741957499
140.67710476675015,79.86390799498498,90.53342320580774,88.70052248192233
144.63996468443023,92.11455794004178,90.57882056627518,88.78984977588696
143.56901451118026,98.09695672456952,90.62127956075884,88.85778588604583
136.79307862856865,92.56473070030458,90.5450017344212,88.99872641178254
134.53526516179608,99.69495709624408,90.43763678002887,88.28726263711945
130.1030172071629,121.7039827381311,90.30992449290268,87.76171762407465
115.38070181551511,112.78176916278669,90.2209566703762,87.26699449399752
113.96310456026369,123.82264274673156,90.03568585219602,86.91899087839617
109.53843411505008,111.33347685654788,90.016942956466,86.68267053332781
117.05099649059103,119.65585759163245,90.02784374313227,86.84897578543722
114.02705516592607,117.3172629645856,90.09267498423364,86.95731563743556
114.32898020031315,120.33117316544077,90.11675672716474,86.92457184746837
115.1034987415042,119.95251979861179,90.38594230819427,87.1751468555884
125.23521498135447,116.85972650145494,90.5532658278309,88.05328247757946
124.20165204477709,97.94627043628032,90.77901991419131,88.97122736914474
115.16976250030515,75.58560938926173,90.86727618384575,90.23809102253686
104.43995941354932,63.02440381531202,90.32952746365648,89.54347799167856
99.94843164841983,60.58902511351439,90.02512464942718,89.08754810869604
102.93089664849869,108.10508866329617,89.88530609432364,87.9131534112071
110.55576672613851,108.56231469652128,89.58669983876996,87.73008467693182
88.62855340923738,92.63777695239807,89.03209550044099,87.6471383057162
99.01954120852575,103.71413054485701,88.7471225268999,87.50104602304322
74.81465124175301,79.08733532973154,88.61095718089696,87.40088291652668
72.28568710414469,79.39517825490056,88.58269325568541,87.33867449284375
115.6703067134226,116.89440681341694,88.69496702329593,87.39187308462968
114.91672628532905,114.70699369492633,89.12092505272214,87.29686160774617
140.5456132519026,123.14122267545267,89.99990254669598,88.65287062495933
131.25734112489107,112.62005232703507,90.60422839445377,90.53745112621083
134.8984005496984,108.89661385322815,90.7412849250836,90.75673591852079
126.87701741084194,65.4264833804136,90.61396989475479,90.98368459011154
127.92363609233881,96.77559783598387,90.70590099453351,91.35303380954731
132.01197079579455,87.863189135018,90.42892958505972,90.24706340653123
134.4972301216652,88.5644895695925,90.3697831325499,89.91217189238112
130.92922371506782,110.3823268925489,89.99005671479958,88.15619460563146
126.06606593503308,109.19130082237028,89.51134627926608,87.44680625478236
118.80193280951602,100.52083389544725,89.10800760009847,87.1391829151095
112.74340544724379,116.94803198279845,89.0208295252802,87.00480609845685
72.42072343678464,82.73656432687699,88.97192328956913,86.98858396717473
67.02733040966788,78.73131757049981,88.92558907977202,87.04031758999167
99.18916969329615,90.00833586555603,88.9389724587578,87.08547246083832
119.34738219778578,125.49074286166683,89.52585955538203,86.94200846003883
140.39850090715524,140.7272136098511,89.82139463522246,87.07688166868432
128.58371380356022,121.15409960855361,90.14753938574377,90.5130547160313
126.09320385964463,115.10039133739615,90.5697592917465,91.83577905682205
123.76599896759924,120.52320231446528,90.7992610086705,91.93228796504282
125.40883957387035,116.46109799277637,90.62293738147038,91.11575959815626
133.13189637410068,119.7485908413721,90.23402674094345,90.2887396179597
134.883358591479,131.86374776951553,89.34373775431196,88.59458435809098
139.08853228174794,129.54039331944065,88.92757184705326,88.14754820543196
100.47463136544086,103.94733113423604,88.65281549252747,87.64008284122872
99.53521240663629,97.06617475242102,88.48974703152572,87.14266611838072
116.4897587810914,134.16641199446158,88.77134795851258,86.77263772607888
125.70083435974303,134.78360939988295,88.84382227248196,86.67445977210413
126.7241377729929,132.4289557081209,89.01340699821995,86.58558728586611
129.83258085625383,131.4580774728107,89.57283130616763,88.44149434399101
127.86038646249227,129.90540194475912,90.06475615092198,90.1985279442973
133.11164723937682,132.49504623540165,90.44941778239158,90.723502840771
111.54288212158525,92.97665524230304,91.03382195175107,94.7390050480546
115.68627043972445,101.85393816185751,91.03736134072201,94.09206964220967
119.31161393601037,106.58486238085763,91.08312592107765,93.83329147955598
130.41501669231963,123.79454710804718,91.09224346062932,92.82533332704871
130.772526144622,127.37444630479463,90.49765136971698,89.04875675638843
137.2257906898685,131.98520778616805,90.09912561551108,87.753245726872
128.48825451890357,117.7566105364292,89.34108265235169,87.18356655545861
112.35528272001548,115.49223131953457,89.18605769537122,86.82952809429867
117.6458870770848,97.58844016014716,88.94370364960518,86.45220395713422
121.19302215486387,107.07449447548078,88.98867271241056,86.25999151793026
129.13396416556213,103.50799423582662,89.10409572652283,86.42747294366778
121.71784148740053,122.9255645997231,89.83201749500411,87.32592002458915
131.68504242797542,134.08620146226514,90.28901475941984,87.74261057279841
127.91198337417082,125.17333567498768,90.70234417816941,90.62426798992794
134.58699331050752,129.3717598757459,91.0986836467948,91.43640004733811
123.84038303859958,63.10191105531793,90.65599096411056,92.16719003937655
133.107911385796,91.09008834875124,90.30471320820085,90.62975108461832
136.0967991146956,92.29569824006846,90.20583434981778,89.69262783192805
126.93904804820185,93.28717645797893,89.98681025031274,88.46386075030297
124.63963807955572,115.18490432497535,89.88530263978821,86.5165739643259
130.22682222180336,127.8829848290286,89.24224840373783,86.1186311388989
120.87178704153405,133.56844045188635,88.80293163695194,85.75172631891783
84.87746313906686,121.24720308601711,88.20196385278135,85.96919036304686
78.37016012906258,118.39616581910249,87.74680502225914,86.06295804833763
93.06194715135871,124.45739667110709,88.00232248488399,85.96147493903425
107.04165793107668,124.16286583929484,88.44541882959197,85.69276356985685
109.79530517473934,123.31086233252145,89.11194448573599,85.94967385077443
128.4661615625865,134.73093822816745,89.39763266352584,86.32372105859154
126.62992994132023,132.65833692275447,89.99268136363416,89.37525090946303
134.7964395497195,141.1185161254537,90.7293656643546,90.358145956339
134.93528727543622,137.34571774141412,90.998151036794,90.58870546272362
131.84486955440698,132.39839677907744,90.68178935528195,90.52656000892311
130.87854596832844,131.49386093132182,90.29767350487764,90.41013856004244
114.3487595273532,102.95946902157011,89.82661978557826,89.46549251179677
122.1305459203719,112.7941298239895,89.04972631494569,87.73712323605082
127.07825697702745,113.7649728164374,88.52203898875585,87.26237131433409
119.99160597780337,108.25320583539768,88.09892659900301,86.9404000909205
118.82943401910667,127.55827120898671,88.29215252867922,86.73226668366318
93.56755996928567,104.6170760434437,88.13566705839372,86.63366897818817
100.27712440027867,94.32802819774625,88.43712580379419,86.18049688898658
131.07915498166926,105.8704983353201,88.9719908057816,86.25399481007813
138.52435899652846,136.18019075444417,90.25604909809537,86.90167980495085
136.48126821603586,132.69865221443865,90.55618963482465,88.97547130774063
127.87545480698468,129.07660565154572,90.7596886516309,90.08861065561909
140.1672630957734,140.31052325315147,90.88031144827335,90.26286980765958
134.33032437068775,131.42197308486135,91.3258637585725,90.90714973400038
125.16685141619837,89.54725839497385,91.01979725100618,89.8382116231209
122.75363361286702,89.28256484120743,90.95792928176498,89.27809508178518
127.53081640549945,89.78366798840767,90.40278167719622,87.32363122285716
132.64295512722586,96.1396119750356,89.9364360951655,86.45527986101985
128.88309216543047,102.18609442775136,89.50995332539561,86.54886627629844
130.67152737513038,113.94530563462122,88.8027671469394,86.34847053321968
105.74043679373248,106.43216941273243,88.76017804388023,85.88026659137888
90.59164341838391,78.00145365005773,88.64337124886107,85.41391886990459
107.10578833855156,108.80765676484572,88.84037473447115,85.45666481916903
113.64387032181604,108.97168966609442,89.14378846332346,85.8356771650253
117.5952888118315,122.4421935261211,89.97609250899556,87.4734248241245
117.55824819270671,110.26141605178508,90.51912590778356,90.17160917927555
114.69674263812469,99.05325365998618,90.61219463859047,90.71326312760874
114.26536626902272,103.93471193063014,90.72247184368882,90.6953321478738
115.60613864793011,107.90710283602671,90.13990623151983,89.00399837948713
116.13120354842118,81.21698871735524,89.92599199403902,88.01560537436822
129.08881961356323,120.60636278553851,89.86533842469262,87.4895010855369
128.53301546430404,116.22638098568687,89.75408805161764,86.98113915874443
130.53836932093228,110.14438671561761,89.5536970304789,86.53434969391884
121.86445944836402,124.97640567590959,88.96449451513953,86.09655132587501
124.27593391363675,129.98641755796112,88.56528818805324,86.07979710143766
120.26285542610204,111.10829791626001,88.74384353668367,85.98128381917968
117.42905753685461,100.53949310347741,88.86720857981024,85.86611180981464
117.29409908958664,87.83883724800273,89.10284353936339,85.72787922989644
118.41090612721356,109.53343588051334,89.48234297241441,86.09541339610809
121.96392832189346,124.8566014140601,89.94415347586511,88.32368225849962
119.21678983500979,117.4229025740687,90.24480951581079,91.3438898330138
110.65490334681068,97.41541573255381,90.61528793439906,92.22232893844705
110.23666831862987,90.05528379757503,90.95865599402563,92.65010324461302
114.18505266126624,93.98244297081168,90.98376029687766,91.69169113424019
122.95631299746906,98.51553342966419,90.79841939398823,90.79917573074759
129.68556338403025,126.75334476513987,90.72181160667259,90.42404839643966
133.18745578360475,129.93702667862362,90.36595183975352,88.71418827018095
133.03701304522806,127.90508634825386,89.86667050797669,87.62203326891856
130.82587681548506,109.93860108139955,89.09767224588984,87.16895007722533
106.39178069469484,117.71986888162891,88.70878652709166,86.63927351439676
113.48577204899608,124.75532634585434,88.77165844337958,86.35802985725515
114.3237890970647,124.52634829895402,88.94190765563367,86.29908315873008
117.23749069567045,125.2410257036775,89.13958101583164,86.25870835954882
118.27300216745171,119.58611169827046,89.74736032585591,86.27408700282867
140.66713951639846,140.6142017238948,90.42222635001762,88.47766257946101
135.93441143823307,128.14927651690812,90.88478293200605,90.21588174670158
135.7653084966167,122.82098022106479,91.35676453001899,90.89008563818192
134.8574726969783,129.659697252943,91.76043898270305,91.21642951588275
133.17288513045426,108.91930868109772,91.80347574574456,90.15045318238458
125.27903348911181,80.88883222021578,91.15975542134194,88.20416804745001
119.13238129709289,93.8314046876715,90.75423124975919,87.23697482536794
116.05412169662688,103.33885915175948,90.70606053030073,86.82980195075771
117.01792987022628,123.77820870590774,90.5371912907635,86.19387273506368
121.74678380929879,127.29150391987523,90.31120730569889,85.83714423726666
121.36953051497555,123.04470685764505,90.16417516563249,85.97332981625388
121.59157401301184,127.9346336045784,90.22886687698497,85.89011899192784
120.38727549117401,127.37933707136199,90.21851868455855,85.77960454952724
105.78073609118036,116.60485810334833,90.33782409341984,86.02210091341331
110.1278505419588,117.03304692541124,90.59005409340003,86.18519606905163
133.58015604740007,138.3535909716693,91.86279038326312,89.1436573323669
128.45955193994902,122.45227023833137,92.13773569579044,91.95979296482612
130.38731372491566,125.1937029983968,92.2673862245571,92.17144842047118
132.86127222535876,130.9332480927542,92.38890010514842,92.0853073720951
131.56608446263357,121.27598021428271,91.8823635476528,90.92928367776004
120.77443679478166,107.35350853463885,91.13350416005983,89.5333040640833
131.05170385650524,102.5723622173528,90.4497651212529,88.43640983514483
130.91231696902062,95.26840636634392,89.67711951301034,87.2339441365837
122.6837531233366,102.60866626964396,89.00203876200217,86.36111521788976
124.1810996390512,108.95954457930738,88.61230522488096,85.93031085305846
107.9739162708202,80.13514497405848,88.98031527761756,85.84730500294857
107.80904896820515,106.44571139449917,89.53634596548434,85.59484377491029
114.29335093255408,123.63258863160921,89.79383643725984,85.32780421709643
113.68573812258336,120.46734706038512,90.03084358838935,85.57346421043336
116.43082116550245,119.21706549664054,90.31520267109389,86.69099524403572
101.12093120763714,67.23956481457728,90.48486859781151,93.12797892586515
108.4651002062427,77.95316108255784,90.81420261942962,92.40431027520407
113.60741890591801,77.706704205779,90.75842581661733,91.5364810593145
117.09561349450888,84.45231888462719,90.70142219775607,91.04143887467015
127.48980670617536,101.89423407199065,90.71897403681366,89.42017564486588
121.45256502152489,102.21026453057853,90.0247352026262,87.76803329279304
134.76678732188782,124.01612614192037,89.4632903710064,87.15126105535023
123.70329619100454,120.26724839786753,88.97496787032505,86.94151790115922
124.23709541560237,132.24748573460093,89.1190128862926,86.52161201397502
124.67482977218852,135.5064412325014,89.24087493894964,86.21016415236016
126.72579732903398,136.52437023593828,89.72081679502902,85.95699540675037
109.28200988540037,127.86949350758431,90.14350538491733,85.79837667972303
116.96306948170292,121.50201275023467,90.285215759958,88.38960729337106
114.57356877084513,111.92738127871468,90.72442782452477,93.36006033295058
111.59178759706722,100.70077411023388,90.77560362766839,93.16370501793257
112.21149150603193,102.35891356208211,90.82652240784928,92.60085287584572
120.31185174937646,116.28014827043137,90.93123237377138,92.43342295199568
132.4983318363586,121.69825783438732,90.91240515236923,90.62806670690851
135.18050394214754,124.54894056981698,90.85281033466767,89.85084994392737
135.85193951901954,129.39121217736803,90.56085403704343,88.11446760464086
134.46485060343718,125.02396415140812,90.18176339293827,87.11364145429795
135.36096472319264,124.55021744300008,89.63806260036222,86.90869167709494
117.25088888509393,123.57485507187218,89.44202625312168,86.67605008851649
121.31665597164054,128.0294981615331,89.39688868494994,86.66452054335784
122.5524899354617,129.68271116798638,89.38054400174858,86.64320230370654
123.55487540374324,129.89408192388268,89.56122958633274,86.27771328960765
112.72942460129356,116.14711505194641,90.08275930774631,86.40589678496512
111.48015543379005,92.26481347334972,90.15840293237851,91.02346927514176
111.95360527364848,94.05121920207152,90.33344792314276,92.49501993635597
129.01108763279282,122.1360991237764,90.20675996646811,92.15485621340734
131.9178817091364,126.6742411445847,90.13358041044637,91.97179553901326
105.466409566009,88.78805211052669,90.2548249878044,91.43833774061575
130.85872015064294,105.87238432090939,89.94661186569638,89.04220354901346
133.4718683399333,107.7244348901125,89.84780794619084,88.31407413999776
142.24987551765525,117.37778598826836,89.74697888999681,87.63996001709789
138.67319954428788,141.06592168207237,89.45350982004214,87.57758985418877
121.55108758469785,128.08899535277942,89.01334830285917,87.45696466790685
121.53378349865571,129.39193680926562,89.13845801356385,87.39149939405831
113.4411143209432,121.37827487406648,89.70648823186696,88.27487469418755
113.54266722795091,118.81970477667356,89.98784926044453,88.67503967644043
114.8427477390015,119.15194614634933,90.53212707955372,89.74978008831928
130.60293549079455,124.69117593941998,90.76531480280539,92.08933118121058
118.02454855922824,90.58606136093788,91.2524783543674,93.02733431403607
119.24845051293651,85.44895994595394,90.81774556927988,92.082204684765
119.86363560742679,87.11383888852897,90.7649779739633,90.33519332182117
118.06698963686466,92.88102985262655,90.57796432687319,89.67352190943737
131.68403382528166,126.57836599808583,89.85964573413035,87.74883552697985
133.0526367758938,134.66979522221973,89.86592311865883,86.9858145456005
132.55623609411273,134.77680234331297,89.85693748082801,86.62113338657852
137.28723029563486,137.1355833505195,89.71587035408754,86.63801427676866
134.7439641919976,138.07558968776928,89.18280070924142,86.41806708581186
134.29752789254957,136.57022721124608,89.32477095566337,86.40153728406524
121.54100527692385,130.94872200393874,89.80307005525793,86.12689393079128
125.57292878696383,130.46472956773727,90.52366298691871,86.74800130356964
125.62589897023196,128.63938082363947,91.03663235784515,87.18958803630463
128.8514442726879,131.70300452785355,91.47219628311153,88.66998426821537
128.52262801288867,118.88794392240108,91.48351179365636,89.97105053477401
128.6367990878932,120.13646185913233,91.4840036674472,90.04570705894821
112.45668836561576,79.98004816583297,90.89493296631653,89.01892778677153
115.66133640507046,96.46898556457802,90.57760774534367,88.29592440558547
120.36324204125854,120.72900585172609,90.40198784045185,87.86241404446349
128.05562305771977,109.16597986212003,89.57657563264053,87.43537122873715
127.18340425081149,92.65800388754835,88.84455423409261,87.3540264198762
128.42569422700987,94.66781768024272,88.48206923327034,87.33392346786577
125.95543648048331,94.54102041778467,88.30121143673423,87.03958600186714
111.49345787402271,99.1967089165695,88.05549914023621,86.93515131876802
106.46033488625524,106.67702073773944,89.18619470140895,87.3901817733087
103.75234147453065,102.55378236400611,90.28647020851244,89.1917420440156
100.96256321373927,71.84852138265352,90.8119229968069,90.44271516718712
95.71488784624803,67.86006705855318,91.08165078995904,91.02034894168247
101.78723181921929,63.847449315231835,91.06886259374126,95.461072427563
101.64322421044325,65.59349804387833,91.01115673347692,95.2001870679811
114.55633764399036,90.45997712151973,90.77249785848745,92.4600835929409
113.00669235868486,98.32154244148687,90.58266711801323,89.8293507858225
113.4052355748376,102.45280690449897,89.87483873473415,87.90695701802628
112.20742986883594,105.39426839816171,89.55259792287039,87.3649533454048
124.84868791920755,107.61492299189636,89.14742170462233,87.17404904654892
116.68053016482912,103.63026307938775,88.68449221506904,86.83062384942816
116.6535085567246,118.94358610505272,88.59632788050752,86.87577862996257
111.40750085084997,118.64091927562576,88.22538470315459,86.75509066787932
119.66689233036969,125.03578821416124,89.6851673529379,87.03090140507739
123.04458114742911,127.2006564653183,90.49767195998976,87.21956902422389
125.54056365949627,123.27186040589844,91.3463071184679,87.67539386587437
119.92843620712492,116.1582661421031,91.85785128659165,89.29245657861718
120.64883520665124,116.25480688426588,92.15325939776955,90.09083163841903
106.1827052635259,80.85431374324295,92.19361316756923,91.24636651945401
104.46799069043553,66.78898269714699,92.05963478562533,91.56980942928497
111.18520479683586,78.54306307184412,90.93534662336238,88.15955576949393
111.22867839243496,94.70121695924436,89.77005634845996,86.32731525848325
116.05611163631653,113.89141628772128,89.5097469564913,85.37216183933735
122.20417708966369,120.03035423071513,89.31415635735821,84.99096633057572
122.1301144120965,118.08752896328092,89.4419149863002,84.83013320177231
120.36692415408133,123.96826150656877,88.66001925804792,84.8887227844019
120.11263841388502,126.19874858271648,89.18976598600888,85.40295283680823
111.09834164713992,103.0468521519642,89.23105632833213,85.80840496710523
106.46090366343087,96.77870533142159,89.44136560235752,88.91416728111155
106.3754756072197,94.10061534671615,89.5546027903525,90.15604770345715
107.36415201094245,76.51473142733549,90.17266242507968,93.35510065845546
106.1490954782173,67.70432776286373,90.18975570388221,97.46174440138383
115.18903558882832,86.82644585985877,90.09798238514931,97.34578592040172
113.68017479575036,67.92855460713156,90.38635533901223,96.43789612739182
114.39454047394698,88.3488891939855,89.70225823942826,94.45851998052898
129.11423072861464,112.08311966113946,89.50122212784694,89.43183894107848
132.58930405935098,125.6841459566561,89.64655788655823,88.01618525743353
134.38973913237524,119.66203498326898,89.33951332038913,87.46138033940716
132.04836395689537,122.39517027956246,89.38450872485335,87.24058217448439
126.56856034398938,125.16194953545083,89.29158247235783,86.55323357712119
136.70723050608922,121.9205035434699,89.5538202057022,86.53871303481527
144.13156437314177,128.61817804057387,90.26039721634183,87.03723094084138
133.11339534479978,127.31203888212116,91.13181570699041,88.36359991847975
115.34738174425122,111.84322107770716,91.66238589245525,93.47323088783826
112.55981539056145,94.90568776603945,91.87865953031988,95.1677497776792
112.0771383892132,89.87059491902374,91.5224325325949,95.98898762811689
115.23539563599137,77.81135696140454,91.65288172791634,95.13628918554099
116.50927704956558,77.52899759483148,91.80186354091009,94.63314529418332
118.85686209742552,86.38801085221834,91.56785419183907,91.8380696495931
119.25027602442934,82.77474833281218,90.7872549718993,87.722417351777
126.67763556128217,114.83631033669761,90.52584131698566,86.17381245069974
132.26501780856478,129.86716856450144,90.58280672027385,86.37792610791678
130.2474151039115,124.0872494912836,89.99700478275605,86.41507130471126
127.81225603751022,129.92146952267646,89.70044142511856,86.33069447624749
133.20568103987532,135.10989419070333,89.01188879282722,86.4847878684759
131.1448032515855,128.70687442129577,89.05112821635251,86.40808384285555
129.13603985353745,125.1029714568965,90.02576580408287,88.50540302443358
131.54374278006284,118.91254950754082,90.36938507041052,89.61524205080471
123.71469031789411,110.53444127298103,90.6764728324718,92.9431650607504
121.94642427510821,111.79309205854247,91.08586944817078,93.73379019509153
109.96198162797315,65.39659801674743,91.34516270430463,93.81176098857216
113.74170459428085,85.34062687734837,90.66234546329237,92.16398710373646
114.8745094862573,92.22904171281031,90.44886615391971,91.51791836015892
109.88492132824577,93.93705881384066,90.01092404176435,89.48375129280534
125.47430186289068,122.07961109787755,89.76880831845254,88.2904290765279
126.19428848149641,117.67669751336315,88.83393775120686,87.23877960163495
125.79714523105709,121.46250008662578,88.44056274181659,86.73735172630016
124.94746241901454,129.60423772510953,88.26340511406157,86.51960238895805
124.5139873560891,131.66100461983717,88.14107526313683,86.45886110960932
126.46546692013376,135.99830728278974,88.5475610063921,86.70584445372435
125.70985451661022,133.64157665168804,89.51721287297389,87.56604416977494
127.5660127923621,129.23786139664188,90.6154460608996,90.01411989116119
114.07739020072256,96.26095180410283,91.0335494730601,92.74221246807981
117.57205951121581,87.9006379664554,91.52338271812262,93.33396505988401
119.90559667316924,90.98930505698034,91.83630937369563,93.48753661806563
112.98028739746364,62.51252965381846,91.07773682496342,90.95436348728524
110.34643207604199,84.53676355258479,90.41571628195129,88.95330995435467
112.30887771562944,110.42144625204511,88.4808380492448,86.49005494375541
116.65019117510683,102.22032393475425,87.07653910194576,86.21049305455549
111.70626116897432,105.00808660682694,85.7364725839975,86.21373045986266
99.75697695430574,95.94027952254761,85.57311833341511,86.1277564855601
125.54882015970671,104.45619581110981,86.27178757710193,86.07090143595937
123.51993947383357,118.39449840517565,86.80691358207442,86.37099850169203
113.3138331670897,116.64706927545728,89.32174320458834,88.30108959937033
117.75821168611972,111.91567839055114,90.25698125991278,89.7756224963538
129.0828274267527,134.43180316141368,90.535237337405,90.12605789370122
131.22721382468558,140.0340994773943,90.74997284352808,90.14547102597476
117.74289012339037,92.88675860052174,91.17371833134554,90.99939054040222
115.48524066732513,81.81225903233948,91.18018516873403,91.0199187101679
117.79229639942514,90.4346679885214,91.31102876214922,90.86561001081738
121.3232073238782,111.57972393885056,90.61649112645742,89.03371289860036
120.34506359545873,114.22744051569134,89.87109649271366,87.3828251818978
119.78063738156669,120.9193773546141,89.52399825683014,86.8035009067621
124.43406752564894,130.71162473958978,89.78150950437397,86.57403785630515
125.88045464471507,127.2777000372511,89.85845870809632,86.71864075723585
125.918301451885,126.11668096506125,89.9261609839618,86.8100176958971
115.20599158968461,125.18503705835221,90.27411190579437,86.93118036686423
115.67811045787666,119.14897862559368,91.05656196964028,87.14993366745439
116.41697142054986,112.69813449905865,91.38253441128248,91.12988137578739
115.3913665415482,101.50314600695856,90.97197048929691,92.61699597245588
114.94850404900495,100.37708392142791,91.05644686784652,91.42101787577741
112.80261334211657,94.03876082680262,91.0723373833117,90.84614909558236
104.26932185792865,75.40990386057034,90.98811590295414,90.5333582395054
112.76839577116726,99.76109880212242,90.94938611702901,89.1851404977835
113.26400163738926,114.65618151743776,90.92816648605505,88.24728774129407
129.36289001587946,119.54941745759402,90.68019645531598,87.84051250226165
130.12959521923332,120.13076949663875,90.45594122173415,87.6154593134357
128.32744595888934,121.33674401718673,90.08461631842916,86.77881255608953
134.5076951138037,122.30705776964726,90.1396141332761,86.56343905582784
118.69591712121873,123.45668878990143,90.38352484054586,86.71090081891813
115.78567989471821,123.02046191407483,90.55734768232348,86.76017534052127
111.08922200086649,120.39889493729689,90.72255448587248,87.57000542772515
108.7210546121168,117.87436522587198,91.23518434882614,90.49976883062766
113.69401649746004,91.28799703853522,90.9388166818468,93.83716381276487
117.84793107912925,104.40620720193823,90.93224636110803,92.95627901867363
101.20514622566651,72.33214718819005,90.55887160184214,90.38900856652349
107.83514347041869,91.96466474567619,90.3652775966805,89.22911578479933
119.94769593528906,99.06771239620508,90.17920601213143,88.05493603958594
116.65075107715263,100.64741427787645,89.82069133283487,86.86910542693067
118.16451959258981,122.85584960489722,88.9505850004728,86.4202793237785
120.80745576812289,121.41418706372419,88.984436779272,86.52079222897906
116.79152910315055,100.7618285032386,89.22795444144104,86.63191654674085
116.35088704321291,101.93483977959235,89.43129636392435,86.80276724911857
118.16575406061237,107.6848948937886,90.07419498913569,87.3869690094262
117.22626795334321,73.52749785931888,90.67602451084684,88.59022894317717
119.41253161273005,76.50131752706079,91.09245837919455,89.30320347036395
119.84204306465313,72.7445791709328,91.14793989883736,90.42587900729133
122.72793757637028,78.2618589086319,91.1236661145241,90.84104217301625
108.44853339419994,49.925738781579255,90.08519220906739,90.97962217626329
107.18564021483344,65.85274686515159,89.49717229058663,89.98485392473118
111.04515313358962,91.29546010935458,89.0226352744281,88.11779238096109
113.98211581284394,113.19337152282081,88.93921633077083,87.42486253844847
110.76341498277426,107.57468333331315,87.79862793147501,85.83626003852872
125.71157809636256,115.53218188708875,87.86094326509465,85.6606358753365
123.75005524716592,122.12387257017014,87.95759774878206,85.16005334239081
108.16716452248978,117.7024640396446,88.7278968788932,85.7699740140188
108.53061944799761,116.32015951530546,90.0382462049649,85.90910055187341
109.35735721315633,115.9478208074252,90.67223926598895,86.105266590296
110.01695703828322,113.30210966204545,91.1435776110472,87.62952439601808
109.80901559997193,87.10416020857292,91.44253147111343,90.51346840070435
103.39309347060428,67.14036366848374,91.395967116183,92.10069763463768
105.97612630325855,63.75839359922762,91.33563519052758,92.34353207310046
103.65005734728014,74.54881352022034,91.26566985294596,91.48243808765505
105.53678062221206,87.07614029344795,91.19149480214983,90.9700071165516
106.02025332144348,95.13889721734583,90.80017319662761,90.24935028863447
109.25346499560924,107.23913570058619,90.64957631018095,89.11387157283141
107.90271764323559,109.47659751363379,90.52807755462537,88.64155205476555
115.12408117844333,123.2330784634273,90.1132065486065,88.2143310382811
118.44839563418672,113.67198664322441,89.78925770705223,87.66107876615682
115.9970101390747,122.60134377125227,90.04370065971845,87.52257843376388
95.65137923266595,104.86057111882332,91.26264627418472,87.77426980481162
105.91974861340297,109.73339202699955,91.99268839804009,88.26952376526279
108.55797657319572,111.49896676932688,92.32338087454039,88.42658901169477
109.88420310500898,110.33028887590682,91.88050841574167,89.05193875569981
105.7987949599535,66.09247920086928,91.13064526946538,90.05686000265919
105.41417684426007,81.69770327893113,91.12599275994687,90.02719005696848
106.56845688847875,99.84595211002924,91.03442009546002,89.93774139404623
126.09833389987911,119.94414415352286,90.69246996455968,89.44985906464753
123.5076622582278,121.82180478402145,90.56828542496976,89.41408276372397
119.92130692456313,126.42922477208614,90.416087114238,89.17000875750108
123.01188599572787,130.17894946830745,90.04458001445273,89.00576211535315
118.70235125987061,122.99334338670428,89.6317963292008,88.77099425831224
126.33117999650894,122.55190053906027,88.58075529115067,88.57802559241298
119.12978713736379,123.07938685356272,88.3820717233211,88.4311867089906
114.08483382872004,120.61721207377128,89.03272872852428,88.59954004047324
117.75203740635467,128.3708522870346,89.77277156746656,89.191843779544
120.28955638648355,132.20616388606197,89.87406070901702,89.80161766909208
126.63489392273374,132.43615908605653,89.9850914396444,89.99403734175873
116.63008627541225,105.9054769494848,90.02303401859584,91.57347569341165
115.71437258387826,103.5628889033309,90.0406698681345,92.43707894825936
107.10937090130378,88.50799024009656,89.9548949451461,90.51824509489671
116.56678331604348,98.94913769470357,89.50057005608693,88.71241095287182
112.95207020689865,102.2913747860749,89.46182085533518,87.82792160474206
110.25317891903377,98.09676391891381,89.43643178481243,87.44256561063824
121.76780773591258,106.27379972129899,88.79420127567246,86.86338101445789
120.51964326362277,129.0722097768806,88.63632237170616,86.50490322544627
129.75283005467753,126.7990836429214,88.52086633025023,86.13101372010726
103.14257918576104,118.55939158112542,89.69913080380778,86.19843569334914
114.10869102514161,124.97779360719377,89.93952487457953,85.88846255435035
130.74410075834584,126.91852994961678,91.363291804796,86.71689649785351
128.69078008195777,96.21391236474562,91.06491166845439,86.81510795798
129.4011917022156,111.1350572082611,91.26608813027647,90.30285451588799
125.5589924236301,111.10657112097918,91.38396747062068,91.02069440309903
123.05577767235033,114.49156980454632,91.31856221243913,90.26607789130007
118.25114541041188,92.53266158463109,91.26602279074778,90.18131958531583
144.33617279461853,106.34958907742227,90.2662068071191,88.84030642235857
143.64721348719362,96.26986935382924,89.23751876170437,87.6000753261888
138.86962217436357,96.2834089689853,88.78790091999828,87.23333778696251
136.11830559013512,99.41064962836577,88.25149173502311,86.98760096013959
131.1236667282679,102.64642769902709,87.95349608982836,86.63161063150567
132.86406687667812,134.2538084967495,88.18543434724367,86.41671068342173
133.744375454809,138.35844359083404,88.42046300633505,86.28212938591943
116.55221689143507,129.4928765290994,89.11954485695532,86.07057024253443
106.71720133061518,123.3013639875099,89.44576283406845,86.27073973965949
120.36942151797136,115.5023348592269,89.920895068739,91.07058511953026
121.65582929424318,111.05964915965735,89.56035506903686,92.3637712400443
124.15655962965761,96.75173281332893,89.53065203828149,92.54066139740449
123.87096716372108,96.47433038112699,89.51355433569911,92.4866776883654
121.33017890978365,103.82133637451335,89.47807396492026,91.85996322083182
122.27237185239792,112.4490782494922,89.33082545124847,89.96381129202969
127.64016915543114,131.0810636693589,88.95667361230673,88.60879658959918
132.2373984526362,132.9035691690917,88.53778462089025,87.9822123307156
93.66646081670527,131.15535658664712,87.89592831126292,87.34324190314221
103.75129333304713,130.56285821177522,87.6890208551479,87.10864514934492
123.16545592450184,137.00775598620382,87.98818583582316,86.63173301102302
121.57120762265147,132.10476517272627,88.8105110200116,86.58541733454041
121.34211632518561,132.10098494177745,89.13900455317585,86.5020052619907
106.68716203045476,121.87895964362542,90.24015887488935,86.79477094096968
111.43795293868126,123.93516571492415,90.48893807596755,87.9557266613098
111.79035988453735,114.35254471869739,90.92418388039539,90.58855235597593
124.06647973651579,129.84901805481445,90.735305727799,90.4351626929186
128.32135989378932,123.903488861965,90.61268834597512,89.9709963118751
124.92555315385047,110.07944874148606,90.48197805926604,89.72573030620583
123.5715945752691,116.03397816033083,90.51275771961446,89.31614090536348
135.11630923690117,111.64310021180144,89.73634607866191,87.75615279251012
127.88780206325286,105.2043855444887,89.60327466615277,87.53560430494237
126.98010417210365,125.09735166877373,89.28303453633578,86.55959981756322
129.6423876957354,131.19427373674839,88.96433544645139,86.15698889789878
127.46623319360046,132.14027934567767,88.83903830546197,86.01765905247017
125.41537311611175,133.71722537638544,88.94794351583765,86.16777029884902
117.6142516340806,132.8170591047088,89.27934352216258,86.81778622979054
113.34750988822702,100.76537945550201,89.92405638022859,89.43012501043357
112.12075406300738,98.69845207894645,90.41093338541172,91.84528998637506
137.82993756572802,109.19635812739828,90.74275377031105,91.6884708381178
139.4108385172871,111.81358217630537,90.7698239528554,91.45416475930169
118.76626758878257,76.53540956956432,90.52513262655113,90.95030876512358
119.03574516285717,93.77955543051817,89.90956135087644,89.0574996277966
138.78527324971114,103.86502668826714,89.76324085878723,87.5249255826136
139.2857761476758,103.76125343781166,89.46229208635116,86.67192548307249
132.7207596451034,118.10891139047929,89.35328066938047,86.02839126160814
132.4996299363695,118.95571020295716,89.28869960045957,85.6447566490149
133.85007877698374,132.04233630980872,89.28069919171875,85.79291105920947
127.19241721088507,132.3697461365894,89.44487679570838,86.00975401488654
124.53562588401392,133.279574489577,89.56758214312117,86.10737577290483
105.29663080589216,105.51168637505737,89.88022040287802,86.18158564539131
114.79571951906793,109.43919467740757,90.19563647346723,88.01295050079713
115.88618897115246,102.48626248050631,90.43460184927487,89.48260248201804
112.96584746269313,89.25693349855032,90.51414321890209,89.69206260084664
113.67898619088253,79.69528249645614,90.37780011667788,88.7277047839625
108.30401364042136,90.81537502417845,90.33941191510526,88.29684832035026
110.07839351334613,112.750958838661,90.25262059519899,87.83006966099755
123.78892037918409,119.72082467122925,89.91583811931895,87.63762582311246
124.87470699795247,123.69317594282076,89.72434056590727,87.53379503667436
122.94774666452761,122.8559283732497,89.46757732481393,87.33774893212689
118.3951748411697,128.70588886276272,89.01373035027169,87.03386173611287
136.13567388278275,143.56860540306488,88.85809972851936,86.57441820609199
134.31408843781531,132.4601126684123,89.14978267069985,86.4835177423671
123.3651265184562,128.48683378170838,89.79814616964725,86.5348687753862
119.1880828851839,124.92586174764313,90.04388835434855,86.37388546508943
119.96461037821123,129.52744602453564,90.2997655094168,86.62553755423511
134.13898959268542,135.24684744287856,90.38780733548546,86.84108567322257
125.71359182737002,129.03265507814783,90.46215042621631,87.18674534620163
129.17157209533502,132.3534687626489,90.08327785359796,86.83634303596882
110.93948210862952,120.4209053890095,89.21259681205045,86.04358495724725
115.30689922406727,119.83280333765981,88.89972491300549,85.67273697456503
116.47341709452238,117.98801910559948,87.98794902459082,85.42586231389201
76.80836428008529,102.73150634982807,87.05865773147833,84.92290504508438
73.36262166811777,94.45926719779659,86.0904619162927,84.24473486291205
112.92090326492125,129.6193540916021,86.14131726593438,83.01777653218018
122.79745880338571,126.03612613740644,87.24053382004118,83.95746157536594
136.77516580370218,128.27315610314346,87.97925419584695,84.33479531780549
125.10953389751242,130.50843826868837,90.01896500214308,86.1092606228802
116.20601103923927,127.61927046581161,91.24811491632475,87.26292505231645
108.96228200309089,87.32613509050307,91.17144039721298,88.99685092693723
106.56811293249812,86.98021838614326,91.17810845362156,89.08425181627501
109.15063942658571,88.38011431981893,90.94191447668234,88.52113787845828
101.83386983138797,79.0263995859564,90.52766194102173,89.04480621514375
118.04974693394864,117.98412202212707,90.14330309474126,88.10907922180002
124.55902042280597,124.92865542293607,88.97946090620526,86.85561035807285
125.47965467998594,122.50361068658987,88.78891050499139,86.72777525169407
122.05616081996399,119.01368643340945,87.89311784780877,86.58566398907976
110.14391344421864,124.74982287118168,87.67486027089743,86.45986351783418
115.41862053915665,130.6019658886672,88.20851352206385,86.29134211008635
112.59618665179481,123.1320933269355,89.62428254853536,87.23401380255972
106.51307339971186,121.53582242819212,90.13190255517911,87.29860055884278
104.90177577455309,119.62705390755562,90.93165574900635,87.59228156901688
110.13285751418253,119.46057699557956,91.35012923396333,88.4217601927368
123.26101934478389,120.14238980047321,91.13619430600917,89.7498128319744
121.0643410913511,105.89536155514419,91.16412774836715,91.34597901956218
120.72807861020095,106.9047045882223,90.7653297108041,90.69147764176141
109.86685269219704,102.8185990576325,90.29205821581283,90.09102760859271
108.53890046411871,112.28647275212084,89.90565019265944,89.45402465007939
110.19911742708504,120.06329688414944,89.86459424917838,88.84449075763463
110.70313668256553,120.22818755865357,89.83407507022463,88.26031351660596
128.88368493917127,119.95224929960322,89.2862274881449,87.85342811466563
123.37556791977264,120.5904884308493,88.07089402406325,87.29293891101722
97.04416219174043,116.35736494890436,87.56981889871427,87.1748621022268
97.44743957296718,119.10299736562877,87.94016281091942,86.9047644203525
111.44153344430836,125.09746127235448,88.36444742074576,86.97231331193976
112.87973829902856,124.0065365959182,89.1389684118981,87.02235009938038
113.68759782472543,124.47304657532813,89.66236117383826,87.04066369209002
130.71880904680117,110.17746450236642,90.1830901946893,87.3375079334956
134.14829634091015,108.34119621683153,90.42672465046434,87.46811793217388
118.85814345385563,81.26526176869868,90.3485447063325,87.20125592464437
108.47715115159119,75.56415488753025,90.05155084308186,86.54593638386343
111.48676505344397,107.28606745297753,89.99089181162411,86.31088389460122
107.99027037700333,111.9744866928714,89.95947898735488,86.24639456861703
113.08832554434994,104.16797606144742,89.10893897735467,86.026747494552
123.43279689587149,99.45501787596622,87.81070859991047,86.0208683885491
121.92245934009014,100.41628513713016,87.6094661252243,85.98573499648093
121.59736813264439,93.66639172697343,87.1184945433972,85.46619830662434
117.07169080105626,77.0802492527216,87.02842269587104,85.32248189897975
112.7664975638481,119.80705236953129,88.04282841080709,85.62749310478708
113.2947994015008,118.68375626224511,89.54209136517231,86.03271109882714
114.35180289304007,116.03614758604444,90.99183443551642,86.65924251450605
115.65015146696527,116.52512173190362,91.65862395520962,87.17141613382638
124.77337796052346,134.0598808809506,91.60285780814941,87.3776415254778
116.09445618814746,105.00713086516258,92.05577615289876,89.14450186702784
103.20442526572401,82.95515673125642,92.07083113129008,88.76302639548524
104.34133530028525,93.80838372870697,91.56789473248443,87.62584585320157
108.32314001017393,123.73809057771406,91.21868483319906,87.54374553077794
111.69901764074821,126.91065723847208,91.00890553540948,87.35030366745843
105.33182080447448,127.39288695612512,90.6380794862949,86.91222273231527
124.15467125154913,127.67275967849017,90.10588956500509,86.55693809239702
126.40243439141037,127.94333518575392,89.5938807545014,85.83448527622437
123.64265988334817,121.82003475413036,89.0742650868445,85.18595479100546
121.93454092620493,128.58838580429472,89.26974987016649,84.99511837062315
117.5994366323509,128.3293649147804,89.41595963068302,85.7813837285741
116.56464586506202,128.0145737349966,90.14354492362119,86.53792725817243
118.81950599457501,119.87989052119576,90.87678764147944,86.70594200395296
112.3251010822164,80.9396191476225,91.0438303565341,87.119884025745
114.74745120534958,91.94071465439403,90.81505559223305,86.92763390883138
118.80872231133739,110.15777301580006,90.40387717425608,86.6767482045716
121.83491794229106,111.8310275637004,90.07652431771983,86.60152578366998
131.45971380030278,110.04675717323181,89.91375688116578,86.38112849228784
130.11686116174,105.6403011026669,89.82716383835164,86.1569132028406
126.51317406393625,113.065050110392,89.3582420605713,86.15996597456335
129.18853831096453,121.48338235795227,88.86216737807888,86.00392474149858
130.32541633342353,137.56567632660582,88.60269862573116,85.39739416501524
112.7157738091383,127.90341459962845,88.90828892054786,85.38793615682374
106.51795790802528,125.11826300961923,89.99010222455261,86.31212490505249
110.66265192986207,125.39600898511554,91.11657174084074,87.1006685397886
110.3674851747644,125.30209841486464,91.2517063287849,87.38907706798409
129.9138169240281,133.90642785953258,91.61562362119734,87.64785078663206
133.77934561537302,136.96947845146923,91.74094241776159,87.8683342450275
129.99823966522848,121.68368939897053,91.82446788178788,88.68871254437893
126.39803528792802,90.15978021548446,91.77706499437502,89.46084460310726
107.86856025767743,105.48716772723498,91.56126720023363,89.6476687939425
113.0767094175604,109.66353739742134,90.95720811679051,88.35236600605661
118.63537130185463,109.37953765711266,89.96794894397354,87.88086254653517
120.63623999495051,107.97036299868176,89.06963724144285,86.55707561578068
124.93458385933529,109.29919027507259,88.59523866171193,85.87215675775943
106.71757584649352,108.23135899130502,88.0739285199915,85.51090847133814
100.80563261259164,95.39615649722637,87.75063128286665,85.13067630492675
108.8434416485786,109.10617660810443,88.61049188442955,85.36706038384516
117.82975514692328,126.53575073266714,89.97557343961824,86.28187189238899
127.69622574738155,126.98072570231928,90.1612303624995,86.48154915695136
130.60154981259151,130.5785758520919,90.4199340526612,86.79521401200869
136.31749010874836,139.4867074535749,91.0735377099515,88.65316194878676
133.60242334083296,132.0853584026284,91.12541173952512,89.48033153970505
142.439270584685,132.58747268062763,91.26902261831194,89.57213499574539
141.11061994632436,131.5386655457704,91.43026708083154,89.32091434713269
141.52209344037044,127.70883164721998,91.49922092979011,89.31706178156864
125.92083794919292,99.62133957747284,90.73697997663211,87.32066666362287
107.06554334451715,78.59371205829483,90.04778518945454,86.57306330567846
119.15162375287424,81.45843827129485,89.4378437758975,86.26828685014512
125.9785345465936,84.26416805655958,89.10437691794907,86.14166195867075
131.30674197553958,87.69157232238516,88.97056272080279,85.85207254053803
88.71036594766778,83.1634580760785,89.38621095838961,86.60743996317741
100.2601234579851,98.60074775836418,89.69251764589828,87.02260290511612
112.7561105389391,93.79664035276829,90.22055767176796,87.61848642521805
121.56215004903072,135.29462893524277,90.73998666539173,87.68702417540752
122.83346983893053,134.14938600489768,91.00978972112051,87.98778755463168
125.52243088024896,126.77211862975832,91.11999026887,88.65506769361266
114.60747979783851,111.45970028504192,91.36080706390547,89.46955268177548
117.31791566111639,111.79339754482949,90.68843703904957,88.67260382066088
113.15376654139367,102.20715981393587,89.77638509842129,87.67191256348899
114.52892545953453,108.48423305721352,89.74190927893892,87.13500359655804
110.62369105830766,95.80682628122152,88.99150777956608,86.91195372691915
94.14298554421048,74.24927417814658,88.11465165974293,86.28953431709539
98.27932019878907,87.44672033822862,88.15891832856187,86.18755413953899
111.32322382482894,101.08325969823814,88.28542240734612,86.33615920694386
115.9894309042347,114.29369833771474,88.42922027371321,86.31448885259545
121.8193913077149,124.01086696151917,88.92289466094643,87.11609970007413
100.82992791378207,102.77738010613335,90.13126221222423,89.4572921608727
98.0485645300693,102.44142240386213,91.21585915029678,92.82009573707586
122.89885436636874,126.13739753403694,91.46138149789549,92.81934989584795
99.4436039340396,81.57980307053302,91.71531743130461,93.29931375996779
97.9425373145743,63.40213309133657,90.59841949362864,93.59052219167104
99.61742972801153,76.33579541994699,90.39553043448193,89.5872952885127
110.89766995058608,109.80241030700232,88.7869855969589,86.92185173023869
113.71621739213343,112.35831557640694,87.81424651072122,86.27304081864138
122.1936095244281,109.60193046990224,87.78914529544804,85.66826021835334
121.05374690607118,104.00119145692616,87.827907466712,85.3490422965994
120.06498609961152,104.96239225340867,87.59032105768208,85.10095137895632
119.55244242024558,99.16371118960589,87.39281242103092,85.17611324430452
97.54806775698523,95.74743636189707,88.9020610557526,86.91334198588518
112.76036801572351,119.41184592112278,89.18643018488848,88.40292503886879
120.72599546173363,128.15008134580995,89.51521200496822,89.05308308504543
119.85502644059125,117.93971395684443,89.58776572897614,89.00467837408965
110.50164192826108,87.76718034265039,89.26153279637215,89.40347046702315
106.41132688224764,89.28082855710815,88.96834832760099,88.64235719783757
104.56755525397256,92.77741425713623,88.94579217724646,88.50974854622314
100.86540356581318,84.44792192643656,88.93111439130344,88.39784704603748
107.2266165077664,91.4463828661063,88.97613159260233,88.44587921347375
122.72419341857119,80.1032813603283,88.14742114055994,88.1637791500334
109.45007402937686,111.43903008736069,86.90919817500082,86.68554616720151
120.22688847529452,125.3330039323141,86.51026774861504,85.6357643390643
119.87998056987408,119.71424052684144,86.2463866554719,85.12071108651547
134.17280018375527,143.4046274828442,88.02695407004148,85.36301099835462
119.8521478415081,130.24241616162706,90.86292485281665,86.42952448370193
109.59438562574286,124.17912394246235,91.3023488981053,87.61865672015855
113.58537377582545,119.52354509475447,91.22357674176222,89.53016397899418
109.63495080971164,108.032610077578,91.05274039572596,90.55112599941377
111.15989419620955,107.24629405644185,91.13150688188726,90.90497676216805
118.48969633443515,121.28691052978665,91.10993403780202,90.59743843663438
116.42732038338457,113.9673423469733,91.07396418312368,90.13623111662828
117.17832777241411,107.72096341864159,91.02803064679571,90.02649741488936
116.82757925290323,107.34797183701586,90.88785007060248,89.32377566295285
121.85010788869526,106.77637242516228,90.26031032004519,87.87684658690206
115.53161005166606,87.41769371760893,89.74440000441827,86.58697125460439
117.24936671885939,127.72652699998423,89.4089926873505,86.14849199892454
122.1594375658645,128.5961266689823,90.14215158833578,86.0441809983422
123.68509697851673,130.93288918989336,90.66417503841997,86.03497743853782
118.6555895253575,124.3454449762449,90.82432860792228,86.21922526235781
115.63220499951704,122.4616138452456,91.5861009110726,86.40419179024438
118.16676914108264,124.57344329983708,91.32496775806106,87.42261833007232
112.42002579382138,117.24596823444018,91.27138752497355,88.35911801904162
108.10021939045426,107.71262071103047,91.53426053021698,89.1000364069078
112.07352947026129,108.13590520917403,91.5446699967411,89.27976027633076
116.35746547186078,101.81709493041203,91.48072106927906,88.5072413439168
116.85140531431256,115.06052233723604,91.22440840655072,88.40995036350884
124.86110457456148,113.25223711877584,89.9994441269627,87.49297272445102
115.46710056825533,84.7067248097694,89.50794038726445,87.12356676780914
100.37456854122766,70.74262834165543,88.41381476951199,86.35812389153817
98.72180988902922,70.92838828212574,88.09113708725204,85.97801191257969
99.77514930622303,114.08171393959444,88.63393471637961,85.98687552436483
100.60852376285284,120.93727625041133,88.98284037785913,85.996280151533
110.67604843471574,128.66463418689284,89.7284025711605,86.10184181289279
109.30624470265354,121.26463466061708,90.1247905271186,86.16124966570597
112.13943867625375,120.81059844480825,90.5302373799742,86.41988281767136
124.86896886763655,136.01751042427438,90.92342150610051,87.2279911704727
116.12177165727476,120.77786573904628,91.32189462148845,88.4920595708961
108.75137008428216,104.26991635041868,91.57074135172947,88.67842902372081
105.45972106089245,96.97874741220676,91.59104757861202,88.81445375200855
112.75867744393865,119.67263074566135,91.26799454447986,88.19641963695082
112.6892261579267,118.51023373244585,90.71608331510554,87.84356210730279
107.99916580169086,101.99787746759196,88.90422954521436,86.9815155057232
113.12017690158726,115.27644389461891,88.15517841231001,86.00119172206624
114.18196551534204,124.68999175373975,88.43001612898296,85.97109405970133
115.79646184788443,128.52177661413123,88.59468382854155,85.98787528454882
115.888611281876,127.2191166843587,89.03556636703443,86.10492229153918
105.78952157422795,118.71792028939876,89.44464472064631,86.58681348206689
105.44648118561652,117.3604036226195,89.69023680678592,86.8469454052897
109.33113360825848,121.21248509406816,90.20925253464726,88.15255976180096
111.59815437203518,120.74896677340266,90.40778070375292,88.89475600033005
101.62090848196088,65.41349859901017,90.47266695171642,90.0818260004474
94.75487211579272,55.939228036189654,90.08390446726312,89.14700388025958
97.96535879261724,74.32302630559444,89.6373443176675,88.76364049413385
101.6210324900073,104.66011026111075,89.65549796454302,88.55556863530005
100.52518309331634,103.59193906560552,89.23894306820058,87.85143477431726
122.28917819861412,120.78358514274477,88.24336078293184,86.96460594389201
114.91691863678952,121.8564475805029,87.3446820446365,85.90307104837183
110.1870672314386,120.88621982894328,87.63356745214092,85.9680560441734
97.34186147220102,112.20002655026599,88.3314847704176,86.58621200536176
99.9214480740161,113.41977039916567,88.81449500157409,86.95067579405044
102.19432623643547,115.22496629315083,89.91181634858621,87.15209252946751
123.98552873448962,130.7639076864331,90.16037262908056,87.937120599035
121.72982035544699,131.27078245686752,90.39023827783711,88.44964226852844
121.7008101746145,132.8231501215389,90.94605409417841,89.75903920154613
117.12085435694262,128.76558227041286,91.07052609380888,90.03624676807742
114.30674463956042,101.56649314605771,90.9678129048871,89.96000465047071
114.7241072940808,115.03299528643221,90.93937327188654,89.7477247319646
115.74727857037165,119.6451330280086,90.52360569767677,89.52273294922401
113.88060178732653,121.30580211101436,90.30076336329768,89.34384814331214
118.83337320243571,118.35723513343527,90.09027369445164,89.0853987200558
128.58653054680187,107.69877413482469,89.86670757308242,88.543406934866
127.4587031258451,103.95953366243864,89.81845087927721,88.33824486728301
105.48534387492522,105.53365828127262,90.09832610139402,88.03234816584938
103.42951844171883,106.50366068013977,90.25980819930899,87.81730688068478
98.16839650225901,102.43401060657061,91.12891204159338,88.18970961732698
98.64199831440676,110.83123449453862,91.16974806096744,89.58925126052841
102.21972973964218,114.92152952170306,91.29544452593537,91.86054131822034
103.53181717611896,75.89619777419938,91.23933364662193,91.3437043136947
105.6793121915199,88.88172357577567,91.24398830651539,91.31897168260126
105.82078074155329,107.41659081231496,91.1103664117925,90.53604417408926
110.68588400128843,119.23283138616684,91.13972432860457,89.95346074826112
111.42384876895849,117.9470494144934,90.86803193855252,89.28828432232595
111.77670709381145,115.68940346132881,90.53774688121736,88.78507061663038
127.16671333905141,92.42316142844527,89.61481924399484,88.2869169679399
121.15613217310822,85.32371947624738,88.35044066120949,87.85553773800301
134.49555231047486,90.03626259272919,88.09490172347864,87.37350914551497
106.7613728069723,103.32060634262974,89.11129144132823,87.06554620155391
101.21850931424288,105.71640954702097,90.0177004118227,87.36718731011888
102.06329034508875,104.80084522139418,90.01427200328786,87.50751295420736
104.3348794257146,104.0818526473987,90.00937336367163,87.44635631947416
101.65711833473229,114.45024388755192,90.14985176348992,89.62488710256879
106.08940565692711,105.2252862067634,90.26804717215259,90.83580231396849
111.76782865992523,112.10723637312785,90.19645401413166,89.930836249681
117.75679338623625,111.33104748919148,90.20133659277207,89.42258660353606
113.17164154081851,110.49193467618464,89.7037812495994,89.21457396582547
111.64925101921011,110.46765669521382,89.51339368343123,89.15001983005992
117.63359519112576,125.45015341426924,89.06227676676045,88.70989775844662
117.61145660582973,122.26820649918486,88.46329458251984,87.88162271485389
119.69663559729828,128.87990574214075,88.1631506631806,87.33585674361758
118.57118122010574,131.24889149617422,88.56059133016684,87.08499203016481
120.04306203475255,133.17173264384815,88.68635084451672,86.94660416526835
118.49704585223185,131.6254785604575,89.89311157988098,87.94697181303066
114.13635054115878,122.97124026581153,90.31300642802307,88.57181392359256
112.49928681085144,117.54335568649792,90.61673377905356,89.42253381007923
113.57183404623909,124.14856300818573,90.7162830053323,89.88284135259904
112.07536404770575,120.55977019551906,90.91840981781766,90.36108264733804
110.8157110889863,92.56568958015968,90.69437916398455,88.59769798124054
113.16306876471359,98.91829019080902,90.64599611891893,87.55168855376502
113.09605277574624,92.94505143350247,90.6270209602139,86.89962051005529
115.79837028740677,105.97259794501905,90.28148133649302,86.36028694418188
115.70024916939198,106.93413240984032,90.03301327455021,86.11330339732582
124.04100621695171,132.54766071253326,89.63083985501653,85.87778336898035
122.80228488119945,136.8109560334851,89.70510086391671,85.61208272292558
123.9280748880119,138.77963599682195,89.7631220309129,85.47107635118317
123.34446289840355,131.38759977057816,89.91746978225922,85.60333611424613
104.8256501873576,102.85512290471735,90.70008849094359,87.16637875208563
110.59678525532725,108.19680575934498,90.79552355664113,88.53832050510994
107.42127458858486,102.21546158057305,90.90933784376523,90.76306000557848
113.20613864192293,121.35162637277973,90.83913777486009,90.5462413819524
114.70578252494566,126.55535451630979,90.74943638197874,90.46152479448104
119.83008120974436,121.5548685170907,90.91703145602926,90.41872009183956
112.04948377581017,90.42360256695027,90.96945603971106,90.2952959216539
113.42772463546731,111.65414273129062,90.59662147707121,89.63611807129759
119.21979613762517,129.59798036926747,89.88705140177188,88.72944981726636
119.80484912244364,132.50216704001798,89.52015114597238,88.17578520000797
115.20544130985506,132.54726483547438,88.48419409104875,87.14337510459713
115.53004070515408,131.7090427993558,88.20672600888042,86.66675141969222
118.50019567067386,132.30973506131144,88.46300401585675,86.68871208942389
113.19965855181269,117.15949164263992,89.78970085406486,87.06214417260901
115.52876014811336,118.37856202192238,90.70419245505143,87.9577050563513
118.37980806060709,118.43363391928361,90.56176542839198,88.31925664663196
114.25180227824413,104.70904917698378,90.47894200324404,88.45264110858666
121.89215016212687,112.82083638187268,90.40821280280191,88.91305350634798
120.99339819956417,119.00046142870805,90.36259269658929,89.10320340417958
127.94448824690897,102.78916703474027,90.21225800012917,87.76123453413786
126.56718033183236,115.1539571959879,89.68609272907382,87.22785061766773
130.15762008126558,117.31066584298064,88.6209188727704,86.4781254478277
122.72114635649334,125.6588715557339,88.27014493833353,86.19386446022409
120.34105025378692,118.4917183252636,88.00922712412367,85.87393080116688
97.98291208923189,114.83117476669166,87.97553356559882,85.70687486372083
86.65737398291691,99.03704066921539,88.00002837554123,85.60183408484211
89.26257447814127,113.83547601917535,88.5142770588406,85.87208452182512
108.03521888441227,129.7363929304865,88.93129277365558,86.17327673098072
119.42085783887542,110.812052574437,90.37936973266771,88.2287679583646
136.9939157951649,126.73587157525996,90.5341584490604,90.19416559787568
139.8272398593434,137.8347301155055,91.01409559454271,91.43958755192166
140.29957989842947,137.91468310459538,91.08232478782953,91.59918682874716
126.68597664080279,123.00941464122052,91.31675100041987,92.09100525612554
131.8838259737452,101.12323186627134,90.30633750631885,90.08827918592719
132.1481745528763,110.46959880735442,89.20450191099381,88.27765702724899
144.7992139266251,95.69375698024994,88.60200656815628,86.51535647450214
133.39962344817465,82.33539458378998,88.37693519156583,86.16363155959284
128.2571927810922,74.32922770240806,88.15640710944109,85.89621420924817
128.457902146824,101.57993696053694,88.15662943257135,85.5650460774415
116.80916100112394,113.08391605216296,88.41413649080359,85.3530019902167
121.53345432400259,125.12698151197915,89.51035761641111,85.65829562563576
129.32495545944423,133.80059378769002,89.98682590060642,86.39710955723854
128.41556485973783,131.4491154081641,90.2880296848743,86.83341446802704
111.66247387733738,101.48670050691435,90.14184903185064,87.88793493926767
116.24404367024641,115.80298258247778,90.10610784487285,88.9104352569459
123.10138854616432,122.6704267979308,90.08166884699995,88.53745170418499
141.34589693876222,126.91127510389045,90.01987105557544,87.95577873406219
139.28495451987988,130.93756433183972,89.26211072444202,87.6262660312666
153.55660194558797,128.62653167853236,87.94181350095289,87.27462864778194
146.39294305647513,131.55178900592063,87.29595382682363,87.05346245372354
124.3561705047916,119.75224062180224,86.67845238185402,86.74088297242437
130.11500745592377,115.26514506704616,86.5335226719021,86.42678950713037
83.48323721431862,111.81724618428693,86.19140471350934,86.02225865424734
80.05403324309161,119.93198758988702,87.05127632578731,85.815696467745
103.36808333051425,123.32038378679484,88.32784575283328,86.01548994466383
112.64268261275312,131.02969091022285,88.86401302858928,87.30298320673721
108.73156901556455,131.66054564507434,89.39165969690166,88.78069567731492
113.78591130731365,121.88589749675062,89.52569316620878,90.09102200705293
80.140116895046,71.09630509509095,89.62555500598478,90.78750755405721
114.98890727159625,92.98362853708429,89.33667284000157,88.58029557503617
121.79734922135353,102.44640990118259,89.15870279384053,87.5073191172611
131.9654104372879,118.39601223060258,89.2187946707996,87.2477641730028
111.40044959268901,120.67817439028823,88.62786129910221,86.60077158676395
107.15992835682438,85.24166533895325,88.24212587334576,85.93911699633347
107.28850228885194,83.50849346724965,88.00728198944984,85.57439860255035
109.94833594618643,110.752856657063,88.11439809897938,85.38502563817914
114.80818514039527,124.50763291617677,88.70888635272966,85.68848865375016
112.62028829947691,122.25971184957758,89.4506535557803,85.97127603949448
128.21555377399648,123.94525654363058,89.98689201385142,86.288398112766
127.6926224132006,87.7828475333728,90.19794416781662,88.31701897357543
126.02155943178623,109.35016296558008,90.42288407558293,89.0486864449451
128.41060482188917,111.58754649157848,90.5330896485915,89.33623519896416
128.51285077530258,105.37379165132255,90.63854875496172,89.74180326318215
129.83039716182003,104.78854503237517,90.53218807634605,89.73838900780282
139.20780924993792,97.92821787730821,90.47150119949485,88.92742547074664
148.67921087955534,110.98927344551299,89.96784013925162,88.13925540575326
156.72545163361602,112.17980518035006,89.32146239871814,87.10141777236691
146.80405607369224,130.69025790189815,88.79747072173257,86.4942938215163
116.71383507728571,133.87761425200358,88.27431505592939,86.10963926885712
123.50903236993254,137.22239453191628,88.14391367279435,86.0325922656579
130.8001182005918,144.37644934336993,88.7888875098479,85.76319078192864
127.10591652873563,137.36190497976781,89.47392340027096,85.84791088881137
127.61564039975345,137.53528703385322,90.60481597300678,86.76634944012966
135.9186645405996,137.9811169403711,91.02995172706079,87.91712892094955
137.30287624400907,141.95153260556333,91.32940397343357,88.33118809365736
126.27977750379411,104.22284480604414,91.9000183340603,89.31767591135373
125.1458506471627,110.88312315761611,92.15608688922002,89.31895746902251
112.87906908795655,59.291415993569466,91.4024328434576,88.00982872692775
100.75464912253366,52.349632792580685,90.97591060921452,88.12671927295061
110.73043933218538,63.663351172625056,90.64784472065064,87.24487825020137
112.77836474319426,82.07499793931437,90.22032883344822,86.51875967580177
142.40103710790706,98.9960399656648,89.12483071859441,85.72720472617203
136.79690141617507,107.3255055211441,88.64126373450983,85.65340696651823
138.39454604044138,112.83597196448474,88.59773476969889,85.39325737529501
129.6777622343766,119.51745289582047,88.93728891474169,85.42105301603023
118.27845588579727,127.15022250338771,89.43499588359752,85.78180530215808
99.15626249588962,90.42290578428775,89.85105634571671,85.48657372115542
114.21723321948964,102.19574485303343,89.8842930911174,87.3642277553213
128.4002991521038,141.42942898973888,89.94974829411476,88.3010619454294
122.13095436724875,103.59124100016821,90.17696666623767,89.25682198539707
119.43465304196432,103.09944788778573,90.27323766768667,89.792687985677
106.68203955770333,89.564393375247,90.26424224186806,89.83508579100422
107.8830641522746,80.4865749224691,90.320034258388,89.88469913054931
105.47689187791917,78.73152151790804,90.19131296570029,89.8402647451674
123.95773037892737,119.71107196679374,89.83379399443736,89.30995207794906
118.17329545216536,117.08506508622264,89.37948842172294,88.01921770157901
100.22383163277601,82.43705753972111,88.87975808537304,87.2745116363014
102.29829840414739,123.78228629157485,88.65199694102657,86.52371196618002
121.83534452139766,136.79439120080482,89.3073497814146,86.5826840100949
128.0952527111919,139.2362266183774,89.5533042129234,86.60738480548801
102.15919333782794,127.33184205561732,90.34361480248697,87.02803445696638
94.61847555348349,126.67030158084766,90.58526397574886,87.13348493363024
112.03888262786927,115.31242493538515,89.77094096984841,91.18135972556577
117.04111108069331,80.64072421924392,89.82080546079776,93.09641619981039
117.14456796646694,87.96828491386364,89.7701672176592,91.83896642018703
118.19453696694215,99.21531253252006,89.76044366745782,91.24227623555372
115.02109476823725,88.10726024330837,89.77782549090841,91.11547951819783
111.13960828201178,93.74244988857444,89.8161412698442,89.59545142798505
114.67644742278212,103.24473768093317,89.994960198521,88.46381329588039
120.28145530752668,120.28424766719587,89.59570773667289,87.64800421447356
133.11767227014283,124.29649137833476,89.35672020397928,87.04079186658893
131.05040361879125,127.81474283933974,88.7046313929828,86.57776240140102
129.29006835789332,126.5665807592424,88.3765924118842,86.02767980042809
112.65156490430716,125.37720515015643,88.63025141124677,86.17314909070613
108.43762950862292,126.09673301453572,88.8111870257879,86.28785211599617
112.26545491378323,108.94786401034224,90.03565446640364,86.18801026174651
107.48941385810463,86.81454156295399,90.1193725509651,89.50594046544911
113.03385095683525,90.54075484512678,90.37000853890785,92.15236458565658
107.59939843020554,74.79215592161161,90.28062692178574,91.03756501413874
129.4974361108293,72.23791337226811,90.15116313888336,89.08219885890568
138.0841855687901,88.63993465915219,90.05319424921058,88.11444244709548
139.3931626193333,91.2087104604366,89.95836827904546,87.11214464212499
136.6329360973835,94.03021741199784,89.35367036517508,86.20031407758134
131.60022219100333,106.90296067659953,89.08558884660575,85.75565202628788
139.02802036038773,94.98983662068164,88.5221221130129,85.83143643929073
105.20612264096043,87.18852458967991,87.42600623570495,85.85568584892754
98.4664886357531,84.39472414442191,87.5070029722995,85.75451972405831
131.31118229622942,108.65981480558249,88.07252311864622,85.84377909901717
115.92105423482593,117.88269972701778,89.15821090235188,86.39073462890275
108.76692236641581,117.0048752415795,89.91794604749316,86.75130868273455
115.53366276449654,118.61235688381582,90.62362710992831,87.65542194730315
120.3098797901793,92.99883187939783,90.56998024183143,90.78799261396375
124.77476448146204,101.52727204836691,90.44501075365993,90.67274481088342
132.46180186423032,101.4738057730728,89.95884568193372,89.14481376640893
134.41255446362845,98.71362313666495,89.57352551900726,88.71647157463828
133.37776256191302,89.81703350486447,89.28842572087079,88.04011548906428
120.08976469272781,107.28003973195544,88.96032986960029,87.2108276538229
143.58455483261815,92.3521949215044,88.01747496740883,86.77743208520569
104.77057330955076,81.37996104154679,87.1304394932623,86.42888368346543
108.49210137913802,78.56189761344416,87.18404598594374,86.18339492867484
135.72342164714382,112.10688511968371,87.4825563385341,85.86778241324402
136.51092200305487,129.07385264518112,87.87201601386431,85.76483159872883
125.23454778830505,77.42865682333846,88.24741455925458,85.75590329152618
124.55020755752487,76.70665199449398,88.41411226944328,85.80156195911324
128.65732868110555,115.24195714426425,89.247232718284,89.81927249230256
130.1809826672843,120.77616274368631,89.35636442468177,89.66776170629475
111.39975677139088,102.67659455413222,89.43288863845267,89.59728473652875
125.76550268546306,110.75015051388377,89.60905195122186,88.90591941117546
144.5461855262892,114.51661614265856,89.89911169299079,88.16908919321104
136.5216520651628,112.45304006727307,89.16930952242872,87.06819907115418
136.6030878183327,113.30952448283243,89.02434017270096,86.46401418311146
161.6666617676139,122.13203362647168,88.80771459559097,86.75447332236962
164.03648155579532,125.75525084354993,88.64241397497612,86.84363475596736
154.03912360653385,121.31456558416316,87.92107227532227,86.50576131513114
124.29295168328818,116.00719156097125,87.83010608462713,86.00800029295203
89.0630358536958,112.47217714448351,88.86014046404614,85.70647178283646
79.18680306849367,109.54121997228204,89.3742846126255,85.81994656786081
98.78852984568451,124.13774065188355,89.96602748608346,86.14900165230057
116.95446328550098,131.15626008782738,90.58430872958516,88.07265527099462
112.98277601079629,120.99087489213734,90.46103226472505,87.7405727352439
94.20823500490158,104.04981908310572,90.29601249234419,87.59508418935083
116.70360642451041,97.08303532535912,90.12188789249481,87.69583118876926
104.3728376962285,101.03725411476921,90.03188976240979,87.5594627652115
104.48330358844142,102.84495406493562,89.161421564929,86.65397737248084
138.0137359697036,109.55610102611912,88.68767092595886,86.66028631737873
131.5825336203469,111.56813647572247,88.35309342076287,86.6075336153643
120.45707338929083,72.08149249651636,87.88871214678697,86.28907914540821
116.14302562722973,69.2349973175067,87.85089027944834,86.5870798218917
116.39434579391364,125.66690878116393,88.46296177501782,86.59514938107988
115.16654978305905,120.94039955466714,89.00571785780295,86.46589127788575
121.84289291671935,135.45352133012125,89.54827585347391,87.04005003261706
124.6612475940037,135.9857955537512,89.83540595602483,87.37090934849668
131.42928005600587,131.0534350881802,89.88813209144516,88.08232514902052
115.49084121849468,105.50549026386093,89.82715450858802,88.81975743849793
112.82996026500723,84.55226849460115,89.81732402918362,89.10887476569468
113.1812054099152,96.30560161224172,89.65358122137884,87.93320787374573
115.36903261881359,100.08639288835165,89.62447361665043,87.62380994827504
116.66520836696975,112.83647499385187,89.51769381719313,87.36506077393344
127.55289353075062,116.41673746559643,88.84837809556649,87.06774466187547
125.0770912742786,113.28486634105533,88.1971141614721,86.9995351517061
121.53750205142215,110.68665237902381,87.76804467776806,86.90343780119406
101.24635771611968,84.35242893916129,87.58670459557555,86.6238070366563
117.49123732443124,81.55987395877476,87.19575807708254,85.923030561649
113.89254746443656,93.09639631548579,88.10422924888462,86.41749998336026
115.7367963425817,109.16212799682103,88.90229249624109,87.36162707159657
108.72008858626579,118.58860438220704,89.51336246743229,87.88186737022251
108.43260386911555,117.80196543258295,89.72857223997326,88.60125882629971
112.27910760412139,123.27678255775176,90.29361272244475,91.73223251333282
120.19676408642252,114.3028492357402,90.4426869802306,91.40617026140136
124.17738304115802,96.07714729857128,90.28443847357906,90.07032057972981
128.6147217903696,108.99176932381272,90.09137549330286,88.49711678840865
124.62944466735286,107.92756242395006,89.77488742056092,87.75049449620346
128.45370087962297,119.40090060983032,89.6146913169214,87.43788523865477
138.56474254814526,124.2202890574454,89.29977046405719,87.18427715586486
141.84156724972866,122.98412385993113,89.10831228714582,86.96506031615966
110.24541900771771,114.99079805867835,88.81208712314721,86.73791151378299
103.83248414689105,126.45552195367524,88.61190172605849,86.49109258579941
108.98037387049058,131.03234335157617,88.7809373513786,86.47419608172996
102.66686872205128,128.74646224210352,89.43655385461327,86.75112066643086
109.74883341283756,126.00523585473047,89.77424920950537,87.70345522657601
110.39817344524636,125.17486829160273,90.04466602172879,88.0403818113716
112.90815646190644,119.31347251095723,90.45607900022408,88.36463498108681
114.13510846246074,118.07169545494126,90.66931395797228,88.3636939740333
119.76615337245408,129.28333272901895,90.79584127156504,88.42521558276623
117.20496719666293,124.05545113077207,90.26790194709572,87.39884839900012
115.38312546454598,115.98173865782564,89.07916858350454,87.13219247122322
117.99632098961483,125.24353727603224,88.51798611777109,86.72190039321208
117.43107519160198,125.73717092177948,88.07549561068886,86.56585648508607
114.58067859754219,124.81480346757162,87.92967475144725,85.87750067554504
108.71333775826513,123.98329678789062,87.66599739184899,85.39132579190726
102.26591859964195,119.24908159305372,87.14649190678243,85.2770503070186
111.65141277509908,130.0626007927422,87.48081386284831,85.20729794753312
117.32306402447573,132.67925906379494,87.70623941988158,85.18814999471013
105.23675299625475,107.29990574632578,88.76334476193821,87.86492745681353
131.0840520043754,113.4838908356171,89.08694780193342,87.7316213200188
130.40538290419443,112.93526375509383,89.7066726151364,88.02602694374089
108.18961636337153,91.01792781061845,89.9238468505495,88.41757566067157
98.81302418333206,85.56562430978948,89.96002367800754,88.332625253357
120.76395861714765,94.37250584643802,89.76522889216854,87.90515400839018
114.37382470281334,103.79640410238494,88.38174475813241,86.81974541772186
118.06437767436715,119.68756372551398,87.91306426403358,86.48611712890023
122.54168652526704,124.64599926520712,87.63035820494912,86.0233034926255
110.99562955599006,122.76149679300887,87.16337801867601,85.73074506672391
97.23247598577109,117.25381968787293,86.69523863802434,85.67636446113016
121.45825583889786,124.4041124063571,87.11748017938181,85.57487371101516
127.29064055612038,131.50170260292546,87.36424982622948,85.63872419359134
131.70361195074238,128.60409265247733,88.64442740160192,85.98455392866384
130.99889045971378,92.84776655649488,89.01284374949874,87.16976967354626
136.78980441542382,126.74566032709093,89.30989895609041,88.12405508495955
142.82153755465774,109.08529713323261,89.91874355390578,88.56051715913738
124.2080591946889,66.52371905184512,90.03095883744541,88.62659402753543
122.10143985993668,70.62627893149013,90.08867598576701,88.6494150404981
121.86129451295866,86.15975888890014,90.10010972166043,88.16039363827078
122.39025113363721,113.14296472242934,89.21521445700834,87.26120246720139
123.23527663121341,113.68087418939798,88.96336140831075,86.82083179764216
104.30488717663215,121.68740409187292,88.7422720178125,86.39309107834461
95.63051300835195,120.98199882091834,88.57508333986375,85.91754973610661
83.27814678872781,113.73041389817337,88.47401325612843,85.68733200193643
124.73895857285741,116.56463870153517,88.67062421053222,85.65872706856979
140.89652570751633,119.3280358639742,89.15614804460832,86.29108660279259
138.4391400935313,136.70699639874783,89.35296363179155,86.92832080449755
121.73111948142441,95.88685301092916,89.99463798160994,88.99708497000591
133.5953136113687,99.2845782578772,90.01919170693739,89.27554693463142
103.78049218820945,84.40801870285041,89.42720366825029,88.39576046539537
105.99419604862646,93.02892734280901,89.47009268836861,88.11893811542976
104.14504946720638,95.51265979159837,89.46333101968693,87.93457184903389
108.23730635562005,96.05162559063764,89.28387364626506,87.41482094312148
133.56368473091788,104.70700595972882,88.93387043080502,87.16483907507852
126.80686181205536,104.91151923046888,88.21384718773815,86.19334070942283
93.4354464090355,113.1727314226817,87.8569103773375,85.64592259159285
97.80949326596567,126.9074137792418,88.06427073598128,85.53024202992785
110.79362314740494,128.41821345472778,88.2295028406507,85.44854725639294
105.80413222514355,127.30085317543987,88.99884524260453,85.7195847583448
118.2637533444054,121.32137632122893,89.89256554715283,86.27043286817842
120.62397508002917,119.76383492968051,90.32718695027071,86.49068798911642
119.0288110235108,85.05787672174993,90.27631894043901,90.58116743039935
115.09678646856767,92.78256317103758,90.06713799200344,89.73851324055101
141.44402089936182,99.42333916388846,90.16723687063455,89.31408033178883
131.44150745800576,100.12318871346413,90.32726219031792,89.20957744125683
142.72406683105933,97.56215525837311,90.1842980101656,88.89304467508683
128.29863268357064,105.36807545873346,89.43481792274343,88.32114847235034
119.43220175727701,95.9225960258705,88.6013728227723,87.37241308812037
118.68655512762275,119.82937322912593,88.53114400600737,87.43852075477157
133.7079826666599,113.34350693271811,88.54950712682032,87.22219594191398
133.42368238191705,116.025242227183,88.54478465858735,86.9505617135096
127.0378891421406,89.19354538313321,88.48304858321397,86.59564378773757
112.54907074856496,111.08394434997415,89.30270169663176,86.881234298087
110.48720099634657,113.96121955570592,89.54313724901444,87.09050626128705
117.49604750694316,98.65782823006765,89.93232113379757,87.65519316469255
112.16670656959916,92.67474087646684,89.91368986522198,89.55841983294147
125.84464071806867,82.62466271077098,89.94884424817644,89.77454510874047
124.66305269850018,96.2153778347868,89.98960795464164,89.73794300653415
126.00004712569105,100.44425905269652,90.05168361732848,88.4016506670081
124.50354185058757,101.64986262820959,90.0257926369826,87.78519425074144
121.80313417340999,97.81207636937769,89.05424792818152,87.06530852099415
118.4060267721785,65.50990355199053,87.56807931736918,86.61145966732307
80.46694029286076,61.39820484347493,86.33638911020803,85.24211063495464
102.05187018434228,100.8174332610676,86.45990901801147,85.0600536264803
105.71655925935121,118.13392410676252,86.48685826709784,85.06686992962837
130.03277318060339,127.80774135135488,86.82363833202882,85.27315984969991
128.1092758255259,118.34993259454347,87.88794021911274,85.86109632843372
117.22277290733778,125.43109818019649,88.91849958765799,86.4665645641119
123.5303576814226,112.60469835465595,89.52387586674367,87.14500939302152
127.92099264661051,112.5901979472989,89.66852540570957,87.49063482948038
128.27606571102507,106.92813814492968,89.74493704678642,87.65896224674864
137.99909098853487,122.95141232189096,89.91070290404552,87.40915950319746
135.1123960569555,122.94221869312719,89.800050285056,87.57462252295886
133.61913057784085,117.67724128843831,89.8707946794288,87.63425288884714
126.8998853747461,116.34903923044038,89.72797254497299,87.68986536304304
117.98579339157793,115.02673812913406,88.82030665026817,87.63030323566659
85.43122304080926,81.91731728224386,87.78614494608492,87.23313298756335
94.81617525412727,121.07097873279929,87.91295857768998,87.15334747636119
109.10021243694364,130.04131244206755,88.38629197637472,87.13566339695646
113.3919482435385,130.34605812744175,88.84281408006726,87.12952218976788
124.8714104812914,133.38004941842874,89.41808360234765,87.13343639821488
126.92514989900315,127.86691346381568,89.976594341997,87.20398163043735
128.46388333476543,126.51869743864117,90.38349137502813,87.1668939653944
137.54668876398142,122.1417093010095,91.35959327350828,88.1465021052582
110.85813894101928,89.91455256825977,91.02229841519184,88.18053031549664
111.7157559770117,83.53799233896801,90.4423354558985,87.34991439055402
107.13121307807018,95.4701081724205,90.11543219302652,86.62659082228441
96.12570206400105,103.71831440767595,89.5304018427803,85.79979385388742
95.61904885637382,107.94713511741017,89.19818617810763,85.32372695139588
99.3442951222556,92.21482044857713,88.49983144664225,84.48754283709191
103.24420780296387,108.60294520883538,88.18335125588855,84.59954362660282
103.814618557416,115.3546699579784,88.07688734805586,84.65249200407274
100.40578634229844,120.31899972019343,88.61250493022506,84.9210358735036
116.69587891992771,126.59817085270058,89.02056230612186,84.90922335469311
96.20881529700219,103.95724184343969,89.18600351567017,85.1462193218673
93.99903937146412,100.51068777847146,89.32367079248056,85.28017393958181
115.8323722298768,102.66090806866428,89.58326842699347,86.87777092168986
109.42829379069252,92.05336644559924,89.8050791877722,87.35156166133824
111.03772321410224,92.52949302821527,89.68529599067972,87.8425013910025
97.54635209064625,92.91866761236803,89.41894675439423,87.66328493011142
122.49752221695233,102.81886990554376,89.14946274985395,87.15732964615569
104.76488929905607,110.54201753565533,88.96349257057184,86.8640728834618
98.66093606251367,97.75175976753631,88.33184221442716,86.35408851350512
119.56995598329937,126.92708972084998,88.16053678938334,86.13719426166756
124.8379359541677,138.65921403893546,88.18249202097356,86.07712407867075
125.65585264947859,128.2167810952256,88.76977109989693,85.98806733928328
121.28997470311762,127.13240805238617,89.08206539065638,85.9525449761049
124.09317939235301,125.71071831567725,89.89876783316886,86.09127312751208
131.58378859836304,122.58059787376776,90.54494272043607,86.70835458235571
131.76505486065196,111.02062401094037,90.81437225011025,87.54529109050266
126.15001703837048,106.69919330246235,90.92880799031714,90.49067602111268
128.23436295617867,99.52574090655365,90.85961026557752,90.19683478582904
128.17569429974995,96.66782190564084,90.78871690649945,90.04361690237997
121.46636106994397,104.14880823997258,90.5908649534337,89.4146341848715
120.81152799099364,121.87133046981766,90.27556111462758,89.06323807307226
120.96230188053919,123.47452522266866,90.07004075112417,88.88249938697592
120.51193803035068,120.51135305848696,89.67199946187355,88.21408415457584
127.67728551434615,118.55473950761944,89.02482376322625,87.51425696375114
129.46154906614126,102.16387109439206,88.53304768255053,86.91923167530727
122.07704756052375,128.98424921190048,88.49592579590653,86.24394039508681
129.52585363522618,112.99954352062011,88.7782844406977,86.51962790393718
128.78676156266908,110.16497744106675,88.9284870541753,86.7014623621145
109.94684044009395,120.86282619295588,89.69256478870267,87.38553435457452
111.6071564769618,123.95282119716485,89.94409092814293,88.91256601435848
111.39360379717284,123.41247035340334,90.08788769328599,89.46940462226618
115.05161685604817,122.65141176329318,90.30933645426327,89.72171667372953
109.53047804920077,90.37813480371305,90.2927552046273,89.59944985086618
117.62220119238644,106.34221653109265,90.1250461641054,88.95866003958756
116.467855958572,111.72408997831167,90.06004955182861,88.03379100473941
128.40041364558581,115.8726744781291,89.58581958921197,87.23133683430115
131.92038657366547,117.8047868674355,89.27243604069874,86.85039052575958
132.08207817896502,105.90434036935513,88.71272651474193,86.40962800917238
122.4198380059398,79.68548790480142,87.97648733238796,85.85446735672126
122.46444574166922,93.41022481675765,87.78274566189252,85.77713334361079
126.43595103089997,131.6747111088866,88.15457429376323,85.72443777308077
118.87852241032616,124.30097356082587,88.75396495080568,86.21979631236994
110.63143864600096,120.41152682963478,89.27943931403699,86.90723467581715
114.81855196883744,120.81851657779926,89.57274666918336,87.16835224760068
115.1838593455457,97.21521340035511,90.00181590075351,89.49160597595899
114.81783453387699,90.07209218821701,90.11780574846546,90.1737050970519
111.34310261087006,80.67952537851667,90.05609055210684,90.12200919574234
114.36551563215573,116.89491247713299,89.93290245840369,89.67077080404185
122.53586457140186,114.76659703046619,89.40736163247918,89.22029071058924
123.28633238744236,113.22525126503876,88.99594308600024,88.76566024342542
112.55217614873622,112.18317009628237,88.1227251781616,87.14010511666328
117.24616017554956,91.95313006651382,87.42812944969815,86.9924041584305
127.94345803305606,96.38446544229937,87.11260168951527,86.65426824928429
131.61055978206494,100.73332595208264,86.81391957904007,86.10138225316398
137.8517572009729,105.44643794709248,86.83099669991486,86.19125803778455
116.7676333444795,102.55627215945947,87.31813291010359,86.38263924918317
113.40168423966885,116.05177998585296,87.91689732857989,86.53089077670109
115.78784000215472,110.65072049306413,88.82236380991453,87.06629518531462
119.34258138489425,108.0445413578144,89.24783206607556,87.43613276617332
121.47638585129793,114.41093858714135,90.03206180457082,88.74808002632777
121.81435282708927,114.59084905072605,90.16317601279009,89.30159877961931
120.5269580727097,96.45818595954113,89.92623597629509,88.53407705216921
111.82882991011986,95.41029993462145,88.87279909963843,87.70434989994571
102.48267848436286,99.76502338128876,88.42178513389098,87.26462988953365
81.61755098096474,97.61050308649585,87.50999598461625,86.73197732337073
91.01178876367908,84.35271152328708,87.01670230275148,86.41583939994895
124.05683356904595,87.29886724436564,86.86344908680572,86.25847477299583
120.31430506476606,108.3368683194148,86.81485589755641,86.21319156902068
125.03879021953817,135.4075980133704,87.41890335794811,86.14309412133298
120.75098796734471,126.76286648766606,89.12714387575076,86.66551829936836
128.67538175319024,132.73719542197776,89.98477607186317,87.54917291423416
129.198433959903,128.3267252530778,90.48903852415253,88.33899881560558
130.80995156426323,124.86844413536815,90.84666780503075,88.9636576833105
127.42270757561516,118.40900371702635,91.50732475863653,90.38168830077069
114.3381149151735,76.91517233348588,91.19316614486954,91.3062938475469
111.94503629798082,89.6653086361555,91.03537645323352,90.25351149326869
114.65127983099447,97.80725903729005,90.67365114426354,88.34512344614544
112.16341526173099,97.67256465069669,89.78190511942547,86.90094766255615
97.09473386745641,100.974689452922,89.42495943590991,86.45932958423124
114.55817794066313,101.6253356185778,89.04612941956188,85.53225178433789
119.82606299547639,103.6673029987944,88.92819190454392,84.75652280736736
123.03440808355994,103.55295128326682,88.9853127361969,84.29452971437722
128.23170948566457,101.93410552862471,89.71086136978957,84.66330045184323
123.46551652281687,102.19359795467899,90.03568896845447,85.42090294577318
129.63697527908485,114.45951518497608,90.42462918786367,87.70558382604261
129.20603285817637,115.17215210548477,90.60087520522681,88.7284156378645
135.50738050378953,132.5764805914008,90.65464566318309,89.62173989838544
96.39779189413684,99.16460997531138,90.61143444549553,89.64986651274339
110.11020912291058,105.33171591648632,90.61023653907922,89.39123309732227
116.24857370989098,119.72308514035014,90.23442562679865,88.7182269966673
118.94050479115417,121.73341236179353,89.30361477459513,87.48085144262727
130.3273220548217,128.45575102620438,88.9523203948507,87.06342088620842
129.7101907825986,129.7100928236755,88.36123418404468,86.55858919837529
123.82057676264075,134.34316994148259,88.29980001933316,86.34752135568252
132.910742104372,140.4898264411585,88.67031102929495,86.72267974116863
133.8734868001564,134.81339638338264,89.46599454270039,86.69701775867254
132.1004478250523,133.23180927024345,89.89428721588828,86.6693697942107
122.30067041759999,133.52909475296732,90.51172083821912,86.85593687900835
119.51212532923023,128.84707278382803,90.64679784315553,89.22044959360973
104.99750560472125,105.59984186370677,90.90367963729904,90.74924436084339
107.8815926016014,107.29200482503232,90.8724787150244,90.63541184341366
110.821170001277,110.00731826400366,90.93914242742419,90.21808493607918
112.5572393552179,110.44004207727608,90.97311688257287,89.97287286084259
130.14401483533683,118.18586514675285,90.66127231676505,89.1619271833838
125.04964939158582,117.8802761395293,90.3261496297698,88.446102156892
123.24207966928226,115.02779152345413,90.11914504440394,87.99945792278585
122.78381367164009,117.94501806619158,88.34052567591944,86.8942448642444
108.18434139866812,114.69705788474116,88.20169941061599,86.3603486491944
116.27364174260737,119.20908973673936,88.36796875352267,86.34073392252432
119.08996817166248,120.53541351143878,88.53599770425453,86.3247943854241
120.96760234656686,129.6463075416453,89.1400805076732,86.4567762698456
114.23023114393334,112.00736804413033,89.55299325243207,89.25789824282603
89.46149000648562,69.57539908165812,90.08013416528175,93.33112099117342
100.71216978073342,82.4314560588092,90.31741918315137,92.74415252599823
113.81461546619595,95.46273419987371,90.4862014626245,92.461299488102
117.33994530399819,100.24580784247532,90.55726968918036,92.19025601954826
119.0201750546395,98.23829456971696,90.6699104739359,91.1639636195395
131.94710066731471,105.9461095519663,90.13168517078986,89.44254436781358
134.63981046696765,114.05666741869886,90.0542549845344,88.61145958303608
134.98199158859046,118.71539501434921,89.80481607926752,87.92311748622782
135.49559432963935,112.76878380438976,89.59839730398495,87.2479594389059
130.5231965260914,134.11385866281415,89.60749325142925,86.8846817900378
134.1301025799928,138.84054414370377,89.68954929833635,86.82991523692743
134.74101247545903,137.61768027193273,89.92994454433232,87.29303121514594
133.92223199050443,137.00940880699204,90.15683960151159,87.59279964014561
130.69601819520693,136.7558828577302,90.37837116440407,87.81067343369244
131.5255969033949,134.64989274223515,90.75298895223355,90.55489088907274
128.60607818718563,123.73410509348446,90.92002585848337,90.6977333269023
121.70683395824017,75.36826530355555,90.96519861899462,88.951190395424
117.2358746315913,80.93688409141132,90.98162757352469,88.16835291721944
114.3573590284681,94.38863172922441,90.47885621483194,87.40510528532162
102.60366339367502,107.06187782348233,89.64324995717188,86.96220116447897
103.45466640086728,112.19225110213989,88.96862565958301,85.96937005559924
105.42166952776965,113.63964091771831,88.6497422053354,85.42895439268135
106.89616185027059,114.70594829127843,88.71099593500486,85.41550699339396
100.42834113969832,117.61524415710488,88.77798736806227,85.49176113232949
97.80315469054109,111.5447661607318,89.30414446773867,85.54561114992299
110.56617609410276,111.21998141498358,90.01095005377995,86.34887315605415
120.85724366979161,113.08105282055188,90.39348388418165,86.86765503297869
120.68390290960997,110.42554846738555,90.57950559659668,87.43186974778871
134.05139751662765,134.73038843964332,90.74312155010061,88.78369888058067
137.41447649945403,133.35689763007272,91.04065136715589,89.41879372005
117.22454579784066,62.50687217864497,90.74252602359579,87.77419902081819
124.65658580054672,80.51591466427928,90.54825617280662,87.04501017985046
117.92568676662674,90.43860694536569,90.39307820823052,86.46269607002301
117.89515003064422,108.0888376230799,89.78877050140899,85.85029924552896
116.45698932797077,111.92517294103038,88.65222711502635,85.83250337161176
116.1373652102457,116.18837155588184,88.0640067780121,85.85627814119313
111.114657580684,119.52386503043341,87.99074305172822,85.82345318236423
87.71814785402847,120.92725744162625,87.62993559615289,85.66233350665863
82.9087673553572,115.84656632758657,87.76612880361401,85.63316068798011
109.14494869290615,114.68212649049535,88.26930673393986,85.51552324820632
128.34839363910035,119.1202922173759,89.1693236179652,85.91197383411335
128.05072995069614,115.38282910188404,89.63014761102185,86.13787389449617
132.96244908611945,119.01612894804947,90.38826034312694,87.07764925609101
144.20213370290574,124.82367294130115,90.51204063372101,87.07314218313601
142.81121826766983,125.8670915677485,90.57822189370651,87.16289937202949
120.58736300538894,101.35468548009085,90.3152263367573,86.8958613564058
121.21927528381622,123.61592332409306,89.49366026966959,86.08461422289274
123.21401725751745,121.14970339779573,89.1514654233741,85.97708446242817
124.36037510967624,123.06654324687422,88.91499191669433,85.60989136484635
131.57849583209563,126.08777268882208,88.76910463590323,85.68753471201799
128.03231963426728,131.00633568244217,88.73284593915416,85.68807789649348
123.13018651270566,129.1510408017322,88.60562641126045,85.75531645054885
95.52213772210698,124.44041665673173,88.30428561908032,85.21087413368222
92.34245642518793,121.44779885595706,88.353049370649,84.94410539550353
109.27701421341851,127.91786633909808,90.71214662170877,85.70476190502663
111.38229932296854,119.85269445054674,91.27041390362218,86.90579085376011
132.30296575097796,128.83085701142284,91.70032246577158,87.6422860822468
132.9640777257973,128.4250168808375,91.97834356793909,88.00879970242312
116.31600962271216,121.75074517071201,92.0195454639963,88.66523459061183
123.61459494172712,123.8515975049435,92.33445183989328,89.03340201451638
121.57719182012784,125.28259208051286,92.54487290673224,88.90547866032911
121.15155629545983,126.66497919516148,92.14408867083539,88.35111647002174
96.37254663085498,102.0141565219583,91.38291639086226,87.70275811478923
96.00218946711281,106.28369803803956,90.99438951053006,87.49054021499464
94.32772794159574,66.17795825771586,90.11689708682708,86.94350615993082
101.09221960396077,136.44734456399843,89.84338908965938,86.5606347316151
114.19631955900526,135.54248400038136,89.83533502754705,86.55661076188274
111.42463468004328,128.4279228290199,90.10825970233257,86.55519178539346
112.4941889304393,128.18639175354775,90.20370033676912,86.5580000850962
107.61703664196212,126.71019973446403,90.30081440359228,86.72385461835927
120.56178649862993,129.57755349557414,90.64659241418991,87.42910390650553
101.77284595919335,129.73277167582148,91.34728363972272,88.5161379023497
107.7147422940738,127.36722532305402,91.65145128889985,88.98385794493309
110.24842027682452,127.23744263470638,92.14028761247205,88.93144827811672
116.02568530439721,117.33113920932132,91.96442904457263,87.96428472282102
133.32540791797433,118.96186994834959,91.46960445064396,87.55843265671099
121.6643931897193,112.97944070097208,89.76089661750902,86.71708398449269
118.74723151923828,112.33718597987789,89.06822493569761,86.32173605506743
90.61582912259237,115.83321679707778,88.50622487508089,85.99961864520799
85.2813170723368,112.80694766932415,87.6229738953504,85.51723957796179
93.77200390854338,127.5702806098324,87.42442506556935,85.41664332598535
108.33774021683541,128.02785277209776,88.17448985471292,85.54941978148543
105.94917912415897,126.78858475350198,89.13456455249586,86.53940622423507
101.02152421359463,124.70161670762475,89.68996570834817,87.17518697499268
104.94728412874711,124.56858825091228,89.92422095664709,88.28185330320794
98.77661779291175,119.14682714973284,90.32404614830791,88.68361475771354
122.84391906792348,138.7096385787517,90.47712824004978,88.66550804660204
142.52960194560288,111.76859866287583,90.78560540226695,88.66078865085153
129.41491455711125,113.94657683375702,90.59610842657881,88.26590781963748
132.7340499345377,115.43950142870445,89.89552107824188,87.82810238954809
128.85584642076654,114.21159107117148,89.48725993479664,87.44573081733337
123.02439710993077,112.21746894599697,88.93994104849656,87.05363667279806
119.21009436879143,117.11111428611827,88.62904925324798,86.93957617330862
121.68393505246826,106.01161764586803,88.4036804878223,86.86884093182329
121.81601502761438,108.05532202456531,88.51791436439039,86.87421762574581
120.51899134494668,110.51271041516519,88.56707315258433,86.92158582016155
120.58748728672951,128.45911846414364,89.24654719700129,87.58095079674794
114.38986547515897,127.62654531486331,89.39950711143325,87.9309463571153
90.18301586201525,89.79847878282183,89.55130737893553,89.15114153796893
103.7646379409746,116.67659351401362,89.69504032892561,89.13480651413155
100.36942544436046,111.80616965122725,89.73420669671734,89.09359581896759
115.41133924724541,109.00260920519331,89.7528539450857,88.99984983580221
115.04460554544582,112.75845338022336,89.50205974579283,88.30547556516485
123.80195093976532,111.20029199114067,88.96219523036366,87.65126815390232
128.33358603224005,99.59117198997068,87.9348854567013,86.93853543510046
136.93811634083525,109.30152244079585,87.25982451142173,86.47087931869365
123.7089046022483,87.66993757850678,86.81688081124497,85.5440791805131
115.22433535803677,112.88695647621626,86.98154077940244,85.43300972532954
115.2481894548988,111.33419083908964,88.3653343865844,85.73549971929872
116.56627468766956,115.83299291109024,89.1545145781689,86.03409310465923
115.89726011228676,123.05946663590535,89.60500338465488,86.36304434134246
117.29936298031008,126.48390194771507,89.95573491476927,87.35445860187033
118.8576346098907,81.29732067468828,90.27880111894957,90.32597560239392
118.15353351352503,73.4253549583329,90.39287586825742,91.25366229874594
117.83563017515431,106.22277817778541,90.47986367230507,90.9094839413375
106.80041627209692,102.51550534097376,90.70802999576156,91.41982284537531
121.33429850785294,114.83657550407501,90.4491318545089,89.36955026311742
118.8814826748162,112.92390685605358,89.12193238964744,88.35737216031
135.35381685587868,117.18341890937666,88.33553829115552,87.8773174608231
133.78270999001128,118.64454773831812,87.85684344267408,87.52363257815198
132.02552152521952,113.93941559786225,87.59736059872996,86.55763655998334
130.6494805104567,131.29968233261704,87.45162137378271,86.18835622745186
126.97955821296617,130.3851865685452,87.80940107199159,86.20446572769131
127.02209694552057,117.16344066681258,89.44791612812114,86.7499668762668
123.6328514694231,121.43207473791905,89.76350854941903,87.75156615912601
123.47363333358072,119.23782345215868,89.97669568049403,88.27249648556281
121.18718406039493,92.40887952886058,90.12141889004367,90.92495352424986
131.0394092361555,96.0498540218322,90.39953474102208,91.19004819590607
132.1870418658108,99.92830231465112,90.45471140723195,91.18400910893088
130.41063747569945,108.11660874829991,90.18113932846452,88.21036742537535
104.19829446169176,107.15872208381046,89.44499130264225,87.21928223996174
92.20290311120738,100.15955266326235,88.23908019817637,86.70140832005019
87.90058080004955,101.9687417067955,87.45807156300107,86.34698950157794
97.12276124740714,105.0014886582982,86.52802670403364,85.61777218242811
110.17525376445897,105.0853879052294,86.13854602896313,85.2259421597049
122.01437245286898,128.97515080443534,86.1811248279313,85.27297514334504
83.70054270520528,121.5198761274966,86.47828112279133,85.31489950067677
86.08397571572803,121.98843850577983,86.7492271243769,85.39488710306777
88.20845161659919,117.70102902903766,89.17216087088721,87.8514129668555
110.86549915478227,101.51423127304649,89.87691200672842,90.89747132247794
98.94765188517565,69.3540214471733,90.35051817952812,91.72079788381188
105.7950456484267,71.96324009393464,90.34759426502416,91.4992461634306
104.70601633305319,62.48090705303272,90.57968168598424,91.14878701981095
113.04865857525837,108.29197786959186,90.72344661572748,90.24215251841018
116.10922388843447,115.01340169073873,90.03657037362639,88.38327820726096
117.36921343526588,119.1112259290816,89.26144977940052,87.71175796338294
114.03269451318177,115.98648270180078,88.67251592949341,86.97842949801272
111.97134824543068,117.06983389898956,88.27538903504367,86.64565492063383
114.31661719793337,136.61138982844784,87.91644777516511,86.6038402570356
114.52900548174803,130.28537980511925,88.68673571022786,86.70995160219465
117.60126654763368,127.49894138766196,89.56565713888632,87.23134491590787
119.12651073736824,127.76973901508224,90.18612842525674,87.55961486253874
117.5913803104298,127.77367769862067,90.5336176224536,87.71157032456233
114.87184268483026,125.17105246380878,90.75459729947261,88.43780286724551
112.71134911477067,84.37846091891002,91.1080612774416,91.5354793126525
106.05833244796534,83.38160781400127,91.42945160042915,92.04773397754813
104.89929456612005,82.12686598595525,91.6432678024541,92.25891653948058
115.33996173882865,115.16854400336236,91.43214725188759,90.05765413185013
112.18116117048481,118.81552406853515,91.18808633837315,89.39770110071008
104.03496725699179,105.34459530117078,90.18920623875164,88.25089941169976
128.15283010831135,128.12541848210168,89.75222049886644,87.6272568244804
127.31902768025743,132.14682710204886,89.44990217648184,87.34300939885046
130.1714102769879,131.89317999430878,89.44141559551656,86.88239811924988
124.32694104855406,129.79130179538447,89.90962335973354,86.7279413559644
122.94505838355659,130.00557454803592,90.26587051564043,87.18337323709774
122.08212693921224,130.05071602461354,90.49118573490323,87.52339970657472
115.02050607684913,111.24471041243078,90.50550167739718,87.71660690705195
101.16957618016686,112.91525546186159,90.49462685874282,88.0996663324244
65.40489750846587,79.47069865228994,90.2722352955151,88.48501126619092
88.01748076455779,89.79602458258022,90.04802060555068,87.76888457723263
106.75035488049154,113.85196099401253,90.0127466662423,87.4756850349341
113.74973757717963,117.06763827336482,89.97970755640644,87.31366922433207
111.78175428091406,118.79848977966824,89.59735236386497,87.01201396074565
121.85612096324384,100.48598109256226,89.3549652346624,87.00887579495247
99.26114112898159,113.39683909249489,88.95237402400994,86.7608485446613
101.43786285412054,120.02295063185645,88.93365253089176,86.55314697739
102.54686319979396,121.80760141477721,88.92389568429746,86.42439509425047
113.98716937200824,122.68295566739819,89.54294535373077,86.44959855578203
121.07834404863874,131.41598158909235,90.21458567090133,86.95367230714484
117.7164812210807,126.90262669479527,91.09247323211738,89.97728703458834
119.07539886078524,122.95523996635924,91.49723823262795,91.18734918595227
121.25830099222226,116.06840391623248,92.27359415789722,92.92529529498226
119.58112740209269,106.47917797474214,92.396700948388,92.64736056597634
113.04091633393335,109.86951507513801,92.17921785381361,91.7468161511883
119.27446182060915,122.90445228944486,91.83654297552302,90.63865128269072
119.70339406492957,126.93415452570736,91.68244724512563,89.52969474398343
119.84066157479633,117.39957262807272,90.98288246316521,87.24161209850755
109.75157726988121,118.32567616764418,90.40778453061534,86.21043503594515
110.49262536947924,119.45553050209685,90.19973983683799,85.95714013878363
111.83126111857747,121.77838640829593,89.91129894759646,85.77251912680605
131.5850143928187,125.49522972274168,90.22936680638168,86.01733284094833
117.55860528379843,120.66394346763217,90.51041966647861,87.58592647491005
131.74674684880685,120.09979391072031,91.1498725825587,89.32385163983676
133.78593831905357,137.020954149669,91.54087809531195,89.95561981459
118.06248842224416,88.03220528890577,91.839845386235,90.74143547659656
114.54037060630131,85.82593332343804,92.0605580687893,91.22137263652246
108.9556830955066,90.4727147868933,91.83388316609205,90.28283860354976
113.20440810871197,103.52376107545335,91.44104626057621,88.66569386273596
110.62975776117152,116.7262792676773,91.39329812068081,88.20817030867498
110.92226952420565,121.70848375013463,90.05557925507351,87.299308309129
134.85252443250312,124.4088622842764,89.4259207079284,86.53387225186427
131.29658277133692,127.32106573352759,88.91783627202227,85.9426590911047
125.59734073419554,133.59918427426942,88.90218690425347,85.84800138309242
115.77161588130421,136.37043507274385,89.25684255619709,85.66863590636424
109.60770168048504,129.4727890897427,89.50900174113691,85.89870360400091
116.98425722337998,128.7099188796397,90.25235642521237,86.25577376593061
120.30591175271196,128.37540432721957,91.08737048274452,87.28705917185948
125.17818641583769,129.192147735399,91.48288503651521,87.81556047441111
124.74868980545955,111.14223008900245,92.21857821244917,88.6394097308594
118.06430768324586,97.72002493540421,92.77952440772759,89.71724356950375
103.91205189241717,96.14106549577392,92.36368033781882,89.33311299499321
105.59668537483181,102.72172424276789,91.8485137693665,88.42421676128774
110.3620373654893,115.22902852756475,91.53616069485257,87.313531594423
112.01305796402326,119.07489506911662,91.41855201177871,87.08630513723033
104.50855980086097,109.21896985947507,90.11600905947522,87.10460343905717
94.61901649316772,104.91101289867615,89.0410410053218,86.12806766938986
115.84878988242134,126.73839810647101,89.00532834663011,85.79883216374427
101.58797977415712,122.24044513223853,89.24714384147094,86.23174041830336
102.62958304478757,123.85356117218632,89.3184031990484,86.55369361702229
106.81822208017486,124.50659531256305,89.61390179329747,87.84093134739744
119.40731279643299,123.16158186392914,90.17267188230365,89.17970709976271
123.671967794032,121.60258552055846,90.60661509767428,91.13399595266091
122.32930699087771,95.92740598031114,90.89143086260853,91.95015695747117
116.12929025995719,101.64192980721778,90.94973205237548,91.87370599141242
136.18300979318306,101.39714263395882,90.87069042257129,91.14588151130157
129.65255231998202,120.40225760631813,90.66449492931692,90.89544844395114
122.15731836704099,124.27400245919253,89.36443689524361,89.42816721222351
119.37800155738469,127.16467648338397,88.92270262967806,88.86299315867396
125.55101885991064,128.37979293995528,88.23895256674166,87.93296334359711
130.593251329383,123.06305504184961,87.94608704355804,87.14291100891901
126.51322996407163,135.71109020592436,87.98138676060152,86.75586844894646
125.84881093510621,121.62293646040088,89.3344383724173,87.22508020221704
125.36681126787735,119.73534879526015,90.49846248688013,87.4707884087419
124.01611625297359,117.39912217049314,90.84275500111922,87.53078939266175
128.19183636355177,131.4456157914346,91.16922332017667,89.19722094288554
130.32139466857822,128.71299568664085,91.44758301012625,90.78693674138756
123.84307787203585,123.16656577873563,91.51060893714128,91.52216361776402
129.36855119039322,91.13979892672585,91.34314993483078,89.55367645063785
129.17793320427975,105.49590514313475,90.48640395884293,87.95671768897577
124.11395890380386,107.1371166964757,90.06516197112906,87.10123796893643
119.34742265784654,89.77715918803273,88.74300392277718,87.04702322029502
145.56610127834023,97.34419021840208,88.20693980559327,86.85044074629666
144.82407949672336,96.1972618978262,87.84683039787359,86.68864335873612
138.6893644884191,94.61831680229842,87.18808229764502,86.16621747646086
127.6983596703591,125.90708683234978,87.15591864764612,85.84316889769576
123.94019085229651,125.82820229906787,87.09388411038796,85.61959163982473
115.8768834502391,122.62343990335985,88.17799549262108,86.88508278708845
121.95219619359136,130.4917894550528,89.21700416859252,88.0593351214369
126.07218123755183,132.41762319781463,90.02601944737303,88.57862331407772
122.61471843576714,122.49244191347553,90.85683988245782,88.69402942323381
134.14951829614873,113.78403166965673,91.06925430452317,89.21476550496298
138.02540191633008,117.4575966105674,91.04587452654847,88.69485536953111
124.43048480318748,118.55111886340788,90.63526064746299,88.33733903687579
120.06733211538854,116.00930780514695,89.41371736808463,88.29507739456997
108.16216541655476,109.48816849650981,88.24519822878506,87.67563542013559
108.55012972542052,104.33161529551793,87.84099088841445,87.29916850186564
136.23384377975478,109.39676934116152,87.7744499823334,86.69711814512773
132.96809085359138,112.29499039075509,87.93477729644817,86.96158215412528
135.97035914494361,108.73258338337446,88.61991101451456,87.73375511988122
133.94742184292983,122.63467835662398,89.39578595452316,88.36858181023912
133.22519473558086,121.64150428787728,89.68032299601451,88.71791947443177
137.50243934389937,137.52009863660817,90.09065340164506,91.33244417272425
138.2342784029128,126.39472514483865,90.6326279284851,91.2564000499977
128.67016084741093,123.57015219099492,90.99565025728897,91.18588634280731
124.51449356819812,122.670994712796,91.22537376713406,91.09743443277256
107.87983960823634,108.28622275701797,90.88130694169332,89.86221093178499
100.1975251521572,104.51871301056741,90.07259958740774,88.34434111177536
121.91116669022996,116.67293843584103,88.4005451657738,86.47429106564212
120.680718599104,121.24077743140676,88.01511133053558,85.58304173613675
112.44326759358796,119.28363924248984,87.57717344326976,85.4910526022489
103.45960598325358,116.53569338289293,87.57394334429134,85.0694496368221
96.75686278167692,114.84408191275055,87.62478681147603,85.30174037969908
105.81990005168899,105.47986940245522,88.59481454059612,86.01778653222893
125.85005850325834,104.31821223705724,89.89004564696022,88.35637053701355
148.80821895397548,126.26605484552061,90.14420646308885,88.67801238704666
146.15849791436952,128.2967777573325,90.36617974666446,88.97613064095464
149.59421466999524,118.7480689389179,90.43586454054984,89.23129473757321
128.0906391581961,104.36830913151772,90.50997903517037,89.23519666112861
120.1982713485658,95.5171665691685,90.54163756732491,89.16908847406756
119.19656042056475,99.15892821290258,90.6596668796191,88.5892397289344
122.03569252929967,102.19181516896754,90.52244410337458,87.92415191781045
131.3889900441486,118.27024546669202,89.56139988167047,87.74393358588468
107.87407126274593,115.82235548386369,88.99192552330564,87.23074232855475
77.08340701065185,102.8758938505247,88.45587790572222,86.70869973646644
80.29036193035603,101.02919023743452,88.00547445075439,86.66886226970824
120.45430060597728,122.97984198415338,88.08705748519117,86.70547963489385
120.86084470527146,121.99241499681311,88.69317025415563,86.50151169783706
123.25708708199112,120.36081109985031,89.062789592507,86.51933004082414
133.45389037665473,121.86901316894004,89.91438462103811,87.17233140151414
137.17134785246955,139.62222522585324,90.43427873075461,87.81882660432937
134.73858176135664,134.2989665752728,90.83518814552534,88.09197091324435
131.17639317546917,128.281704816881,91.23872053285224,88.626935106862
107.90805712548755,122.19825795743355,91.71752455304109,87.90163465694265
108.72959080634567,114.08937393954373,91.82122349428111,87.9053009052806
114.08419854327084,76.97594254892158,91.5469392196004,87.57018645957211
113.49170211747341,78.58242496554415,90.92225460301404,87.32714068704435
100.74382084056742,90.6155537515233,90.71880906603155,87.22950046068021
150.3934057418909,118.93154863876764,90.33914858177573,85.61746297986596
142.78513159515452,140.84528214755423,90.25760278340334,85.94123569121088
141.49538535467596,142.17418358428702,90.13538785727067,86.13974798495249
137.12533203834596,138.01975207574353,90.20361648535992,86.241471096802
127.56831220259721,130.87319230201987,90.93373284322534,86.61448618321644
110.45770041695913,124.42849337634752,91.12993799606177,87.80391643958457
114.36530066107994,118.44987411169072,91.17337882353412,91.72027275237262
103.3133770968571,122.59495262111663,91.25864800519359,91.38003544616541
112.0161685494725,122.17126175550516,91.43931425573912,90.54826179496831
121.83027769757933,124.35055344475218,91.56206513763468,90.05678627839903
114.89365136397625,99.72711977765405,91.45776770041213,89.02769206476628
110.40075314676285,103.10182327863158,91.37704372319094,88.84791108548765
116.28514727250493,110.76927033769552,91.24985818712635,88.32054977591373
142.3719903845724,114.08190971380527,90.47600231105864,87.64893130531847
141.85255208812717,128.4809600161224,89.69930377894855,86.48729892790263
134.45804122283374,134.43697801561447,89.59360469947735,86.51421679602626
140.56365772240048,137.9945272156699,89.94438066029508,86.83950713459258
132.51439823634132,140.24972731227584,90.54463089635935,86.94037506880372
123.40844191112483,136.96085760411108,90.8812970079214,87.21833411609344
115.3419740019747,125.02727309156467,91.01599589545476,87.80607206976146
102.28604344756303,95.70603969902186,90.92489217473576,91.50652068421846
72.2260315266997,59.91838054937408,90.93487946785056,91.01814612579922
97.55621140655322,107.58366225792156,90.93892747081505,90.76236993106595
109.99082929289318,115.63474702338473,90.94758769577693,90.62051418390679
116.01349156841384,120.60197753326482,90.88746628282293,89.21576101727548
107.0249783643196,106.69399388900945,89.85776875782689,87.49977039382809
125.87092536292462,105.80185598814212,89.0475472774229,86.9085984971184
131.14243108780286,105.32401536749155,88.68314033160848,86.67211113326326
127.40164098108004,105.19290929197429,88.35890949541368,85.96247610785358
125.85164306423526,117.7424280168754,88.41013794505713,85.7674917172279
130.26942061347356,119.77731760135511,89.10642994219731,86.58945402093384
126.95046028227608,117.57245041613689,89.85483380045018,86.74921835814607
124.89129632217656,115.0955786582805,90.19583457670417,86.92052361303821
96.39484491816299,122.20263179430941,90.37466685309613,88.00469742807579
90.149605325413,112.93994234149561,90.38396146421461,90.34073198098781
112.16157961076505,102.05132581612031,89.94616104106426,89.25383815844518
108.29528908968867,91.39481870558728,89.93921541131209,87.6837752797614
102.16273785042551,97.30163482967811,89.72223923473467,87.60535661238848
104.83555226063872,96.32112598170247,89.55222094420371,87.50635493909758
106.57633279914425,118.59831265005029,89.11031821205471,87.13292437881351
127.1161820491185,123.719191890863,88.42901753044703,86.33623113337359
127.75849410541377,122.80571800593388,88.14839337102858,85.85579058084203
109.58428093236749,123.09459875923834,88.26320024734305,85.74047725577195
111.88140411589315,117.26003406100395,89.11124452178929,86.05108929181596
112.499721082242,117.03107909283005,89.50719871010124,86.25498841614319
115.9847563459872,120.98513466806223,89.97113780680559,86.37016521936131
107.97675288408372,116.39734907296959,90.41713690451739,88.69077341312911
84.52415369525254,56.89583524713519,90.39033769651677,91.81712336558392
77.09429272121302,76.94977777715268,90.67079161611551,91.36124292008816
118.50350929983762,108.64647219242059,90.46492854517176,88.8549498142273
124.10250388416996,110.369063503472,90.24030842840688,88.25201204640182
122.21255126935336,114.28293028082827,90.08995325276521,88.03973380772491
120.73174240181015,120.54582949582482,89.29555728445244,87.99846488235484
118.9240443750369,121.45794123423958,88.92973123817363,87.97139648378233
143.18907951058426,103.3895429427674,88.46606571573409,87.7321254142335
134.56245650854675,116.49697018332061,88.12976815573539,87.41739016417792
119.15356398364766,128.72666358459108,88.48971989840214,87.50780543225493
115.72429244375236,126.941569010808,89.42814516007009,87.81774896917597
118.32369407827136,128.45871253406642,90.66433434070589,87.84414207599315
104.97571016344246,112.44244991940744,90.69218420364531,88.83992518949228
102.82689827908159,109.65366967036299,90.75592200561915,89.44160528614799
92.57892203840825,96.73761119279408,90.5391795078848,90.47420386012809
88.25377008960403,92.31820703328273,90.32795402520865,90.81993703782261
84.37674265751339,82.7266253412608,90.48383104948448,90.63243479059372
116.68631895995117,96.1547753256705,90.49156033180915,88.17403619217846
115.56361385813094,101.44434842510034,90.15049043479254,86.90765689471893
127.56732230563034,118.33219852307164,88.09018369049511,85.87349954600002
144.7065898302663,117.11435807303269,87.49266442446687,85.14947486335673
135.78035585664955,121.3258502061767,87.00506793249829,84.76872004885193
139.00329508624765,122.56790300716858,86.8510807076768,84.30784496762237
105.2202800706617,121.68266960155317,87.21272046492295,84.55701726866901
113.1341957314425,120.746340271154,88.45086084677652,85.4660272485609
107.69379586405917,117.78297158658845,88.8637911318297,87.25928649853675
136.4231019280387,128.12310470107641,89.04730174211522,87.58260570026788
136.99360914169327,136.55703484216247,89.45050883856281,88.06954845659016
127.97268918412198,116.22997372106683,90.25691465321691,88.23510714228149
143.66495463838527,120.65920942912017,90.18005275215968,88.52416755857983
127.71032252937916,106.08728129201495,90.22873499941493,88.65744468302556
127.43743617963307,104.12569798790848,90.29688510378463,88.80806571781399
133.00774221106553,102.77610582313379,90.13314656616402,88.51382411512225
140.4691098355967,103.51027562865846,89.44541624244208,87.67374187540715
133.31303300762562,96.1999339667943,88.65970652557068,86.83452113967049
95.69367809898486,98.94541410120435,87.7692657201345,86.16279274104332
102.62369084644297,112.05091162903992,87.54273171122027,85.91709714181569
136.9549696333974,122.6383113960429,87.50616833040577,85.90673948265379
122.32998660530905,124.77715160606851,88.20491105332462,86.0059251543399
115.82557104920366,122.36666448395248,89.27043617805157,86.4722964777869
119.18757178134301,121.07386958653618,89.89980106318093,88.12546319047914
123.47696844877352,112.84331606230735,90.26827440424616,92.32445609869771
131.64568598311507,114.12261184024963,90.30581438756327,92.85138540317705
123.29780461052557,91.88252133529288,90.33948874543485,92.67979854740538
122.4966466764426,93.22222995826779,90.32947157097755,91.31794106467366
123.47973327149596,98.6977233768081,90.31800422324345,90.4817430525751
99.39760588418126,80.51145682434202,90.42535942358178,87.98677248148438
104.75419334147307,81.14507839587132,90.05483537251428,86.63314198134225
140.23691345256313,98.52818492198416,87.97107894006702,85.6756596201112
111.06020811739398,120.67839936892112,87.65411468188178,85.37934506641002
124.44197984722672,125.48417840494899,87.62335150226284,85.37775337540982
106.62440852368096,119.21797369812316,87.67198953955378,85.38789537389096
114.06600013688008,129.46685492846254,87.84653771002907,85.56249778747782
115.11266976811575,126.32246739444155,88.47050262786834,86.15942662497064
125.8245901483418,125.16650410568667,88.9679477161347,86.32197980193325
140.49847009206445,142.0718861623774,89.36330126423356,88.63794451647583
136.27139699062437,110.94318471997443,89.4308755936489,89.84911837926744
138.1681155374344,109.87924294051776,89.58779095130969,90.49282676500246
124.7409850693204,106.42813268331409,90.07617510728983,89.13290403899273
122.01966044135844,80.39234398878378,90.11140253608482,87.85609927965929
122.04179241698914,85.5637755605324,89.33764507301635,87.1930711363144
127.27210454334,105.91286935712175,87.8798329026635,86.40680549025139
124.37632359398883,125.85277956866545,87.73058138386682,86.27327512752754
109.21771611636639,119.56630392558397,87.44303371724438,86.19414556697407
112.11415547212071,119.34889187956071,87.34238283770979,86.17478346065197
133.3515884136639,128.30778386926934,87.75968641426776,86.38721258009929
137.93411206582246,126.42397386050924,88.12148930421992,86.50573815737023
142.67721693940243,122.92446273574323,88.59049052813641,86.6621555427038
142.5677443322858,109.33843183430639,89.47945501132855,86.75417101353179
141.874007157198,123.23566287336955,89.96038906318047,89.02501428781503
124.18384587994389,95.60588270924774,90.37618291316085,90.72980563143055
119.45006301013323,97.29109581375596,90.51500091703973,90.6597413647789
123.18923006610784,95.59324083492935,90.48244956963512,89.13192412594181
125.53048664333363,100.05951941712924,90.44424652972198,88.42339546790421
129.17247369352503,116.51094851306526,90.38201283363668,87.82385418618226
139.38360403733708,107.37767787700082,89.9170129715556,87.01569406906547
133.4445520142925,96.44628472590796,89.36433387190087,86.31453450850584
122.01527302079775,106.58308442663963,88.91920949493947,86.08582521208288
114.59373856204958,115.30167804376588,88.80878272349575,86.04566903419622
124.60898426316966,112.85562425880615,88.73955832008816,85.93579802568787
128.54999195875885,119.53636239555985,89.22232396040788,86.25431741444777
127.49274209049437,123.54189729897651,90.21690148913774,88.34351317538096
125.72427676093716,123.9454725164428,90.56307492116306,90.02194772838551
130.15414605602857,126.50739391658779,91.02013227476215,90.73051419044543
130.54527232759247,124.62581866353305,91.37736658947023,91.0607281575882
106.91970637786788,72.83716545354247,91.84094195134969,90.87609405668502
106.57134476776774,80.02506947409547,91.77094675617096,89.8294069907221
109.04777551165563,77.55977743452183,91.73682784574252,89.54552114116711
115.52359611818072,113.49245230175504,91.65735395095867,89.12404871542292
111.40861669925214,113.2398367500218,90.11119184954764,87.48952270632188
132.90066756650214,118.91318624238639,88.45852037902324,86.75276271330256
109.33428335132669,116.14970467299266,87.64130338394669,86.58146432719734
139.63721532414084,129.37545233941702,88.43980835293011,86.60001308210074
132.44761905322156,138.51220535285324,88.83634646901334,86.69879905476395
128.9557729712144,133.61827798147127,89.22187061150403,86.93538396567395
125.98301623395245,132.8949115169418,89.9016436184148,88.03104101203932
125.51584633559014,132.22607640439867,90.40097933534,88.63198584508588
129.10934545219084,127.10145449574922,91.2503296460359,91.14435796060444
127.86805022287865,106.7191558069567,91.5379110678929,91.17520042859826
126.36046925839766,100.83821601719106,91.74924340066677,91.2450784542459
120.29559190826585,103.37031097318912,91.9020284582005,91.0603111126033
122.22077023335547,127.41374930622702,91.4734214544981,90.35746177253326
120.87929381777134,128.18962611911815,91.18282933023633,89.74056440810996
133.05499774284394,120.57210314741293,90.12196983753097,87.62752154932197
132.2963434221462,127.19734899830642,89.64576231097209,87.35651341074771
135.47095579240502,130.53945450334186,89.67944043029041,87.40875186449884
136.2531990400439,131.4789734977009,89.71124049429628,87.43656743554388
119.17063234211267,120.52443366424527,90.16353811461458,87.5275780154389
113.31686730804604,115.12500170080459,90.46229843784228,87.59051128635126
110.69801436666357,114.55110083932267,91.16682707774346,89.05804398934885
113.36472370701816,112.28134158056423,91.58394362082196,91.37232343757331
114.7517749693564,107.76854886679195,91.53666443396526,91.56872760715821
116.20911377809614,108.71762443837373,91.87072745958893,91.71071242877481
116.99593578251665,114.52611387445658,91.78576982696546,90.34799337172485
113.71944013552405,104.15528441556084,90.29371922335942,89.47391074111455
112.82724883564461,103.26260222416364,89.26380785452623,88.67218161383616
115.8248910879861,109.05108138652857,88.56495827981325,87.93140757294451
107.0247466248216,116.39580988973017,87.74484221400569,87.14164111450823
108.88533327860995,123.66082371833043,87.79237841844623,86.88460996219139
111.11157201228198,122.30941443006779,88.12951245718817,86.95355849100328
111.46957352432982,122.54366869728233,88.22792991063211,86.99199458806903
93.84684164614698,98.6636478191515,89.31551984018051,87.4163071610759
104.56300587849591,99.81593462356629,90.53480781889637,89.18758037662926
110.54447228094375,94.57963496386886,90.78364966736919,93.58642413723722
104.73849785554562,81.72740701883981,90.87970303875045,93.3266797361249
107.04092511652722,105.84038436823464,90.92983092481033,93.01048639764738
110.1325654833916,112.29747839805131,90.88855598763624,92.8330050265567
113.70126186716254,113.79264511344931,90.906074142202,92.11432967121901
140.26938692904588,127.31338584293157,90.20316241659711,90.32687974606192
129.14693423910117,129.37627355802633,89.95269234646467,89.85397265721195
145.50558095640523,125.10043448141282,88.81894657538868,89.05177175830235
154.03619932678544,102.67315739958373,88.05911028714225,88.34139758412675
109.75977858050871,126.32702259504268,89.1777010423763,88.40384459523355
106.86404641601276,131.48550047232033,90.441480811448,88.59921078628027
117.96598679613413,129.45506105243265,91.72653184530992,88.71476343882861
120.9876650281868,131.5479365370296,91.94981358359179,88.82902234325192
121.37761236097897,132.57621427553008,91.95252197726799,88.97170172367572
122.6743925987944,129.58602113844216,91.9799406829216,89.12735725916107
125.85525929690286,129.6350827790148,92.00946861614678,89.17892843644317
114.48154949096549,127.44195586962796,91.8451537474043,89.96774649971232
120.1507221737723,112.29112134420555,91.98637600045907,89.83146129777663
121.64382872539036,117.24705376615138,92.1240916141633,89.68289164125066
120.77109680267023,120.22910370905909,91.56088147660414,88.44831854918236
120.14535291086698,120.07885023213657,90.55778597502575,87.59402316664114
120.19484264037595,120.1630632404907,89.98448196422942,87.13157756045717
135.13963819831355,117.88717998380282,89.2494843187552,86.78730989535039
139.5865315574847,116.3222146397907,88.06820948734412,85.80516857827926
132.16461736414777,125.95022837086057,87.52389201276894,85.64220322630999
123.61048420680788,125.38943095706684,88.67098352814435,85.79958520860917
105.04326740437669,112.97215592541241,89.3396283706181,86.1494331476019
104.96962911530822,114.08514739993618,89.67186831156094,86.34638985982326
113.68227317534594,123.08254283454166,90.29595831473581,87.89374834487244
120.26878164844504,113.87135834336638,90.4536787284415,89.13476194118552
120.02011137963474,100.3274283510463,90.70992214563047,89.50381541349923
119.32174983423663,105.8471161290533,91.06210029877369,89.37939754808096
129.20596850407492,110.48557737359891,91.09012554416782,89.25905421546992
119.87785091323337,113.4721636963321,90.90820697014954,87.68743632366746
131.26976086969458,120.86441530805602,90.75258577974792,87.13415510077547
130.13416583472645,127.3836092145158,89.91491590643098,86.96183122281947
129.26360006571534,128.64679837965804,89.54329453121706,86.94960276272505
127.75246744168307,126.04946680531341,89.07589542806514,86.75777751437172
127.44364784948174,132.89712083647868,89.22673571683488,86.69826298538672
116.08760460469728,129.76621998757008,89.80451864706633,86.83776696451628
109.53388626534318,126.7584845018565,90.35412813353643,87.58020978518688
114.86747958176893,129.17759300548303,90.53387222584186,88.89968259305014
112.26873085690454,123.9384008925109,90.65459045718897,91.10371101186068
113.54211593838227,118.98561172075573,90.7968634724919,91.63504187537193
114.48226767781362,99.32719323016714,90.98871397817844,91.43043858506223
112.64835760829895,103.35017066380766,91.36097480190227,91.19959828564504
125.60437330394652,97.63735806524049,91.13219633586989,90.5158406554822
133.5949968210669,103.07638227114248,90.77836959731022,89.43123190874934
134.75861045433462,113.83502417898343,90.57344222202303,88.88138953223131
132.64036245517005,129.6849172986519,90.46773365342513,88.59747639348868
128.79054148807455,129.41972210862022,90.33891443143234,88.24715191672466
128.51975595030964,133.85368072449532,90.10283575759178,88.04306200824927
128.82814335089108,137.22669073394806,89.96410174592094,87.9187573748208
108.166296053047,118.34287361126246,89.96308524516554,87.90456111182175
103.79137301981925,113.17122932532814,90.70497748491034,88.56813647344094
114.06145898274114,125.13580266564693,91.06086033860697,89.32934049290773
137.69223867872287,125.05260428599591,91.985051676788,91.45683211644872
137.07723885411272,127.87196012626929,92.30879363097779,92.34215225002411
132.75929554266818,118.96666305423435,92.39992920127673,93.31194740533643
124.40280581039522,118.63551031004943,92.47155178535051,93.4546166753697
125.26105960435208,125.60000282815194,92.28195297852466,91.46632750270831
127.80137491546786,125.9967875035313,91.8993585763012,89.05411975366027
105.88122493399115,119.05901409547589,90.92722045424344,88.08681710887333
104.77319857869871,120.24757591118022,90.47577061003749,87.54146122211131
118.72667476012417,118.80442616548211,90.08336179836324,86.65312891675866
118.4232494424305,126.28455240659353,89.8719198641526,86.09104011690142
122.06031758079081,130.31851864606367,89.70428093715981,85.80375326656537
119.87430689582979,121.28447426580168,89.64806942650219,85.94571967584798
111.72535894955404,121.6436919631328,90.41929913599868,86.92706643234247
116.46507276580223,127.13826497066482,90.86852506162826,88.35550244008887
119.24980320456338,119.71609516776175,90.96705527104511,89.80197699601749
117.64644943207155,90.83005017958023,91.16961241261272,91.05556698824937
116.06446742002215,94.36759440097198,91.29272128255414,91.79913928022417
90.30761259525812,74.5501302863297,91.31126215266349,91.59357313001165
104.12696648913433,88.53395260965327,91.46410631848802,91.40089455762165
95.00765399059273,83.14452303373379,91.43263490038353,91.0847049770269
101.35732939976504,125.04247673428074,90.34732695974547,89.99951868253
117.58949378952639,137.2274061952556,89.22765429718757,88.39581360032246
122.81729731757191,140.76959861391092,88.56829804465181,87.50570223244245
127.88550511328657,139.9376407833447,88.87917535291096,87.20798381709076
126.21777333408829,134.5076454467623,90.1832755963152,86.92099851018365
130.04145553955155,134.66579774910483,91.57538224456039,88.02185745082164
75.46145598934675,85.93624709124137,91.59244068590188,89.88115244058824
110.31112468136567,116.82840889573814,91.80331358318804,92.60708293834173
74.05838743407867,64.41492605682254,91.76214353914342,93.4207385897495
79.6159712598202,74.28036651685927,91.75300934797409,93.3698318756303
91.25690541590744,73.53361447115273,91.8906064100165,92.44445261513367
113.48694942382717,121.20032115033978,91.7654271295932,89.73736473616549
108.58122126446588,122.0960905587,91.44873388848357,88.73852788838789
107.1023502019779,120.74367715998457,90.76872690648705,87.35870325201294
111.99820870229057,120.97844315076993,90.35872580112351,86.77211174696923
113.29263505870466,127.6368881761434,90.22927570579044,86.7191823877305
112.13651207207437,134.06749535086172,90.00187758570436,86.6210752046359
113.05144500219228,131.06215735911596,90.68047844326483,86.84435654707966
114.31405644658348,130.06446504501687,91.05054723772449,87.01273309810493
116.7123126563824,129.74537160690397,91.43261541704607,87.37682592253637
118.40888317778273,129.20185915426518,91.52796672350998,88.82896724045865
115.6296616019335,114.25154407293424,91.713943169714,91.37526483001595
108.36766282487162,108.41886612092115,91.86227559282517,91.67709909031599
107.36131504518906,106.21055927531042,92.04246457521307,91.72037603096753
85.54625678315844,52.062342074420144,91.57440488679877,91.40339583906997
96.28358709346975,74.84632818208931,91.34763271832878,89.42433435105437
114.26359673058708,105.38599105029337,90.73450332631229,88.22978842656174
110.64337809670415,110.36761625158051,89.39498760196808,87.55597358186135
108.14355828919886,118.11246236769169,89.0438515985008,86.95395102527421
97.3826212533434,119.61152758302539,88.88224332285577,86.64555947555355
72.89662258793344,117.14369846006979,87.9493372540175,85.79100701398798
82.28891816157211,128.62560139559483,87.93428717422438,85.31699686434705
87.73867062282258,128.97298046975877,87.9936724667097,85.09505203943327
120.41194738643468,133.62915654451032,89.10411166345983,85.1787858292649
111.04903922979963,130.74148090645338,90.42970185261055,87.29849641481161
119.09686426851304,121.2693163126867,90.39767755041281,89.30578098946127
99.20874112320924,99.41641030847865,90.39706438067066,90.97956133957622
107.78009004219733,113.4866006736531,90.81811225932456,90.50532909150307
111.5107018678174,117.28245821111857,91.02564968230337,90.26391892516239
101.46462315683229,108.73138475564981,91.07822324707551,89.34852933137276
111.9147385886117,113.71154657318644,90.71118873225014,88.30723099693485
113.80902142244429,119.25347544668091,90.63104939636953,87.89472242447727
124.90056228910146,113.22540871905137,88.73170831996764,86.44502137516012
131.94164340538222,128.92412123530295,88.49763197691084,86.04066089678611
127.6210860444374,130.0618379298084,88.56259062518419,85.81585377986407
124.33846933549145,129.77062403036976,88.6689396558536,85.6107032380394
113.04146973375714,127.73313683890575,90.23071715768974,85.59614575609771
113.25404996169868,126.74703904016731,90.71477883107605,85.68501451020337
114.84872172063413,126.55791253564493,90.87965815367673,86.10399350002825
110.99806985442852,127.22176041088991,90.99824109900645,87.33672181637756
112.25364455069447,128.40473668661517,91.099086250263,87.88694225387582
107.80542956529618,125.3378061079129,91.48587177963375,89.92360528439195
108.54402814080565,121.5918119476062,91.39992379219574,89.5833454409346
109.6977021661877,114.77962533195404,91.33557029846227,89.32739808444148
114.65524075566526,128.04769816939975,91.15512614355353,89.15513250122436
113.33422925265396,124.17533824540152,90.40071757381901,88.43526433734253
124.05236712409508,131.17117394849572,89.42008254696191,87.74337141937042
120.66864278221315,132.00364787256066,88.85619822251081,87.53410213893609
120.83157332056521,134.76678701711475,88.87235167799885,86.49426030963902
111.98059650540802,127.07167526014479,89.72438571389665,86.58577035564235
113.00934846592563,126.41910708971025,90.225966580486,86.61195537107726
104.06397883034835,125.91735558262205,90.40566676528915,86.59204191175847
115.04758043410878,118.76527205931559,90.68355004639618,88.06685912660294
121.94137891328694,122.77803991277274,90.95323913841837,88.6821245122854
129.7314822744459,91.23164110627279,91.33119723341184,88.1823142332009
123.90167333151838,107.55064603928206,91.4671992593379,88.3198856133832
121.69876892536821,104.42655268283444,91.3779985639067,88.06665586565788
130.27861878548208,103.15855094036083,91.0464946306174,87.51937693608733
148.55601477557332,117.42971417241918,90.32758241977459,87.25643691548596
144.90000651030235,110.42948059028092,89.86831268052404,87.07740137318802
143.5299450874035,101.09442894002869,89.40106563141212,86.49176444940097
113.37188642847191,128.30314100545462,89.28495145644831,86.3717757837399
120.52144952419397,133.299994115346,89.77932621782965,86.54988942184403
128.28397648408418,137.77928287320856,89.97597089354413,86.53626843978782
126.62414422091175,130.8030864318389,90.08040304297414,86.4534986608084
126.47216731999629,130.44998432361703,90.24412874344753,86.96416945028432
111.87996525781365,123.63832552236656,90.36076154156231,88.93657195200173
106.648584285933,121.92510184518346,90.38279203852525,88.8097635954528
118.34826538961777,126.22407120989699,90.51715421128887,88.8050402957483
121.36412003062965,124.05936253132569,90.50304754882843,88.69101249408307
119.06532491270144,124.301738568925,90.48234943105672,88.52809693025624
119.30242485597975,117.54021746414861,90.05296999055246,88.19268147355724
131.87106928210534,116.43032046943682,89.61041380632017,88.08366355139923
138.43164715251797,119.81669119164867,89.35772382764463,87.98898755130882
135.28747865037417,120.02166690782968,89.33617901481796,87.41030583275703
128.77381687096909,109.37940571288784,89.73973348256848,86.99840721700353
115.38457672670815,112.81658958718788,89.88402169735583,86.65830458381734
115.85235735760406,125.08115384376318,90.45173265564092,87.10800771077419
116.68303928799678,126.52458563684128,90.47026250010886,88.52182144543127
116.58957540069724,127.77242348613402,90.39331645503225,89.05842990091442
118.37146221866003,125.99763487613056,90.36628695327362,89.8600358230827
85.72778135428428,102.09556174829073,90.50445330739159,90.26580307911404
86.34671599665832,103.03749909582416,90.70698571698242,90.51877065376543
134.78317127350329,105.23591348865027,90.5408096657734,88.36378951855347
137.97461415058288,89.80947799785484,89.89935920763499,87.09015274764462
139.8693678641059,90.44060596450373,89.56530560817592,86.4788341432556
130.85202633392902,77.23204301822284,88.94209876813788,85.91449393605225
135.4378283803048,91.49772651412172,88.83350863536259,85.78123107294218
134.7741758662928,116.6666466229595,89.10013523292362,85.974993850298
126.16173800608168,118.26093508165596,89.84478514489714,86.20358434595373
114.83103189473066,121.45862430195233,90.443714727816,87.31178262752954
120.07252078634332,95.99422802820337,90.8487191071971,88.55636494440016
123.390886157603,78.85055388202649,91.33479235536439,89.28759409850021
125.44156677709248,107.94960978577201,91.20164716683293,89.50879361541318
133.50122661899277,113.26947504788106,91.14340004550297,89.49286642399889
127.63690687822482,95.07452561734387,91.23147516542168,89.69265267168656
125.95928451913629,81.12435998413584,91.20617112040038,88.82743328892157
127.22046431054613,95.61113981731614,90.64152434183693,87.0295760234545
126.56812444771495,75.91539485027862,90.02415752945699,86.24367975928342
137.94053300131617,111.10735154983381,89.74185224527469,85.09747134491347
129.71182806247361,119.3211328354214,89.38230185192808,84.88651600864269
129.92964907456877,127.53287526427201,89.18006876889335,84.97947427448489
105.78504134208404,128.1495350211758,89.4285231917769,85.163973025119
133.9058229130154,127.05312009030946,90.03915501352438,86.09616306414617
102.45921687116928,118.28849937797828,90.2695651556798,86.31382256522886
126.88632554264964,113.47672803580555,90.41366538743905,89.41498299268665
137.38233360823384,118.09355111044484,90.52734379830737,90.39091979701446
134.7501581668817,118.14115386612393,90.51915903511834,90.18462188248179
97.75307859191545,83.7133382466269,90.45998925386662,89.91016867676242
127.49723763757018,108.28121959839685,90.64911447267082,89.20075810249554
131.3182051851337,110.10141430335966,90.69501422255213,88.81301970264083
126.5243385591628,110.25372572818443,90.31693303979765,88.33856752475118
140.1090582962163,99.83202923562486,89.14806183510538,88.14859550155816
116.93241903426842,101.12857761014682,88.84031063715877,87.99848020713713
110.44953965129675,123.36923977123263,88.7916136638497,87.72690266878854
110.61139208242376,130.41663033549358,88.69651462423421,87.5172465162579
127.14593308713587,136.55847045113254,89.07338844551288,87.39829967474101
136.9722991919626,128.06469862324568,89.41910366195586,87.39960973823902
122.1792160746502,128.78366189961423,89.49769657658315,87.64483277254212
127.43247885847134,130.780445493124,89.59108849790498,89.9787885879242
122.57950410020321,130.32541775598142,90.20400279954475,90.62293398736465
118.67798587204827,130.10403732602637,90.51796930770476,90.78056655149348
106.74396883624955,128.52390759777634,90.70587825076679,90.58359928500532
138.1179182973186,119.34023318122361,90.80160639289755,89.9974115707308
133.60788115967267,119.8318864209422,90.9853898650499,89.7829593205617
121.81087376367728,116.36277598757235,90.79549834584066,88.78031146711102
127.30306024292503,117.1642497472582,90.15496459195808,87.53900402201869
117.23417263838398,128.29702768015974,89.27022202995607,86.40913537000006
118.16326523454353,128.13167145828922,88.71531750644311,85.384919692418
117.37660878172515,120.9122026456492,88.63587010490684,85.07027346396224
117.2414500797204,120.40962320428542,88.60108660896238,85.00389233394803
114.51614023475273,126.24813524288419,89.5953422004644,85.40859330415505
116.23263604865703,127.85479356741885,90.28886462569818,85.53084665876537
115.21058318133461,127.07790352425586,90.58754504723564,85.61569608853866
106.65444346460005,123.1287448902859,91.55366369728229,87.90428897096275
74.2346330564581,75.38732222463521,91.12539224939883,87.00221023967597
78.6554995105378,75.86830107434116,91.02976834354067,86.60542142852218
94.65886815344258,89.65814330213273,91.03016679716245,87.27443874991133
111.67338225199282,105.27451993855423,90.92059021988572,87.30961384518902
133.39114034539034,105.73745256535118,88.74636506556718,86.2798104034003
137.33306778750864,100.57726335544436,88.27374217888337,86.00300495523429
129.79274186586363,119.07257416700668,87.84899034200663,85.59691151126954
133.40023787905287,122.5340013763345,87.9159682227757,85.64687454142883
131.13874047552235,126.0781222208859,87.97181530886493,85.64224916532089
120.5921251628238,125.52355031973772,88.6967834737057,85.7386211653875
120.04748705446889,119.08752992207036,89.14922660703878,85.80860484767264
104.00197346599363,118.04822843409617,89.96892236574354,86.66245686089565
107.22144838690616,119.8007883385771,90.44188664876167,88.42020170715979
103.69764170643182,107.03003994995976,90.79651963587001,91.3863634972976
106.89162739808802,96.24814174419946,91.10170054984765,91.31425334468412
113.96652134115533,104.5238571586356,91.00940078097867,90.8273752856706
119.46735652584378,110.11054038337666,90.9171652763454,90.53745083786241
123.29165061103124,112.71760259668176,90.25991907080164,89.88295956854586
149.306122478649,128.3968090578153,89.36919072233424,89.5815362166133
140.76536867709038,138.85192038894974,88.73415832577177,88.22080697113367
136.7050177212075,148.50888857331265,88.83170477381213,87.80130056528566
127.29763225772795,135.0512118315744,89.42286830166478,87.72716505681139
125.5923505728612,131.65672489396312,89.66326399568305,87.63595102522426
118.27352512175908,131.85521795961938,90.25298493319025,87.65236477602157
111.92892241208503,123.96634281651262,90.5324524269635,87.55758328050216
111.66745295464514,120.79670972071915,90.71008598680484,87.49852640174082
92.39620313972485,97.19084317476842,90.72209937066205,91.67986477003954
107.41917866777618,100.2261049032153,90.66631012332635,92.3212160577115
128.5039809469744,112.69647189335899,91.28389804575974,91.05772712974809
127.57032583233968,102.50357206196993,90.75014026768282,89.14990503721171
134.5340259224698,109.35265515428169,89.50843397546419,88.17122980079375
137.9786723211914,112.62634113832912,88.94651069050634,87.35943010825767
136.71301667000802,114.17174675474566,88.2830432082733,86.84119027117599
134.07557362938118,123.43389652411857,87.69957387491623,86.31371129745958
134.41796137439806,129.5291204295021,87.66783532446516,86.27782247792248
127.52982628457828,130.70272638133707,88.30803141314807,86.60195925482006
116.9831018169499,130.13330848042517,89.1243245256524,86.96418000693464
115.1251023441544,128.00040544265735,89.45907092321023,87.18306783772027
118.59544534416447,128.83254435552024,90.19414667113512,87.63144948991979
124.36111274331687,135.07909111832987,90.53651985469267,89.00652108899669
125.69275414090464,128.74195108278212,90.69158437835466,89.44279373081073
114.15822245264215,122.28723723047304,90.30473126890605,88.25757083041758
115.47582776966091,84.08440940315339,90.2810576965033,88.00361892630136
118.71143439866496,96.79424225594974,90.26427078470482,87.93869653835644
117.29447345846533,100.0681465368251,88.91593128155138,86.60045632424404
88.32585148233468,83.0951012756629,87.19803203515438,85.92563900448022
77.9958133932326,91.82807378554392,86.94969007034965,85.44493013206548
83.78219587993178,93.09293747187188,86.9997108574935,85.27163804949713
121.12652919822315,99.82656057537731,87.240630928755,85.72829132825518
123.71327564724083,93.76786475099199,87.57195919881211,86.03660456676384
134.19240206288342,130.97017075925567,88.77378562955563,86.46241606647337
134.53561318955295,139.30575391316046,89.18555563438356,86.85026401307351
140.32377995212,140.84974321645694,89.8757002866341,87.38762643829811
123.91449470095958,128.32281885311707,89.97351702596278,87.70117386037971
120.51268444008066,64.37965286329069,90.04571650927608,87.52536288331422
113.98632616289039,60.20632592828022,90.24448563095196,87.44006620805332
104.42025184934496,100.35448764618167,89.59816237949705,86.7890642424384
125.41951551063477,104.16392756912836,88.477075318325,86.5232728646331
126.04412374758135,103.92114077335091,87.93967589633971,86.34115040515236
134.6924171118966,114.84258228240643,87.7539124687629,86.34052673595286
137.21364712713168,113.48808088328964,87.6446471397461,86.20974996157649
140.13733339096657,115.92906870815258,88.53500412417189,86.09195792028012
132.54098291609208,104.84959561435976,89.26885921634916,86.08646882257334
112.25493894023441,116.54916826002248,90.7746280999657,87.14339097047265
105.64638360569127,117.4368602880372,91.49437729373395,87.6191705401826
117.40593383948901,125.7949552271464,91.71946717057246,88.73376218525587
116.43461741531108,110.91172090295495,91.63275702013287,92.31079895100163
87.82201530255988,73.52845234133723,91.48406732630072,92.52301402470435
109.45619925042267,85.80012646105105,91.6506655660833,90.35284504143989
114.71190364377725,101.28924486036966,91.39162749629574,89.35015714145241
119.32655341812395,103.67562636608179,91.352401249528,88.64360144039185
131.14897400115063,111.11763475950136,91.08334124296493,87.29918068535923
138.3903692671073,115.95448542037177,90.72659105027559,87.25137208585932
138.2149256996319,124.32594048941046,90.7095630504729,87.25724343912938
138.5899359386419,119.50013980774021,90.71881710838082,87.38574065801151
112.17747236358149,125.57047559392738,90.7761527387996,87.08613884508355
132.70622667986495,131.46385458211574,91.30148209065773,86.96481136032348
122.93204382790731,123.8480643969541,91.65476682833882,87.2907689973679
114.6774911958965,128.4735675860444,91.31388079968009,88.21314361359292
117.77890553420426,125.0591519212664,91.1465617405831,88.86468721111788
127.30941095742455,140.51454820081307,91.5788730589334,89.7954069566944
91.78504495713743,71.55418061206316,91.99643307073725,90.99483473972819
91.29385839824207,53.54880499607507,91.96943187730561,90.7062490656962
103.49980893257234,62.90474868612933,91.7567207754183,88.27996838024876
110.04200331862691,114.49859301121717,91.14438036412841,87.41157433482492
110.95054442253728,119.14103309100436,90.86384821427283,86.94281542290328
132.66326055774599,125.58385565662368,90.09913035376466,86.4968585928691
135.15361894766448,133.73403268450733,89.4169243713993,86.1227343487598
128.19520719380705,132.91969361933417,89.26138637980266,86.25488112464699
115.59508515884154,124.48060150447546,89.67214157073838,86.86812467089996
93.2599519040145,99.58704724532299,90.35831757088404,90.58946105204531
93.07453426970635,94.42396273580191,90.62968583753621,92.33724380396158
108.9381902855478,102.24780757179239,90.83379370203772,94.27808989645894
103.67408960900808,92.35057565039668,90.87247356620007,96.79431076026621
101.42780343204451,93.62713333064204,90.89292261342165,97.01925519365129
115.1622849979644,104.86281954063215,90.88601338576284,96.24208411308298
126.77772488984297,123.03471900455126,90.642043952885,94.25807587055861
129.71081756220244,124.17170995614262,89.6021366322697,91.95692150161987
145.43951117042786,128.33014021565836,88.0992619184264,89.897181491196
127.91143024135603,125.32041246375061,86.39693110141937,87.64426201612604
124.73328761735607,127.20206209164205,85.72988914384395,86.59403013385962
122.99457219741743,129.8772674054453,86.27588947946928,86.63645717079747
123.01356066436843,137.4279785386269,88.69306358865717,86.73659059989474
99.96747462697775,125.15695284330376,91.55107293868123,87.87838963502493
96.57830329737725,106.86562954976291,92.04501324983062,88.98349216908004
100.53023008026638,112.39175000109728,92.02393434691274,90.92345803263083
100.968768801786,110.43203253173172,92.17315192162161,91.77471116679517
106.48132352737711,105.15757458127692,91.83167724057532,93.68149809350611
105.62678229636191,101.80586295467863,92.01151872824546,92.94308211917912
107.17346891938179,104.27658316679482,91.91888012364008,92.42546890382866
115.76763428495201,117.9647807777663,91.57452955451886,91.57367041056825
116.762353704474,123.37189969361579,91.17361093605486,90.12902952575259
149.672689678885,107.43101608590602,90.31598604302071,88.956587718899
144.1732295825071,140.2163879852417,89.7398648810819,88.44460163220127
130.28892531654142,139.28879304604513,89.31886678220782,87.96292757628561
128.60021761140473,139.03249988373207,89.14067012326882,87.61189086533993
113.62389101346582,132.342902077252,89.14595031717923,87.36074899536025
104.18015292859775,131.34737561011542,89.3290012501885,87.42795989370647
107.01353159240236,120.04770345680683,89.77595340605393,88.31570547964411
119.10606101459538,122.3361220280466,89.89671665384773,88.71031422449799
117.44754892300803,117.50894410246676,89.96908984270968,89.47753191887703
