135.14509011433373,135.78092579076556,89.46455356540122,88.68937032317821
136.3952352501512,137.74889304929258,89.47957609853532,88.76474655078283
137.53312187781376,139.13691325314392,89.73188848605045,88.87199433685473
135.88230462252093,138.6005779551884,89.91510350019226,88.92138252572431
135.82545509334855,138.72987803158645,90.13499772559678,88.83248549337341
135.89264878432644,138.79381541047155,90.2590936602918,88.77530094819791
134.89771144303384,138.63752503336588,90.32236246231157,88.75914690134931
133.89794248573068,137.8966194460285,90.3760376467309,88.91249056843674
134.95623622904344,139.60274625605973,90.31354998512609,88.85218107030856
135.0986590727908,139.64536140584326,90.31732728440761,88.90194860763614
135.20415092820662,139.71552175283455,90.32347483900186,88.94718167130365
136.55239673356067,140.3874044913143,90.34312678337483,88.88027889795778
135.62507549638784,139.17471099256693,90.34073045994222,88.89750176821504
134.49042056528407,138.8940907020016,90.33575172834178,88.94885603099459
131.67124163755523,138.22923550976944,90.34075539302962,89.00435930816892
136.24728279411386,139.33820237437297,90.33665246679959,89.05374338657857
138.3792022650489,140.54386864985875,90.3331817190541,89.08371248570839
137.49044643263892,139.56645821746292,90.32170947566583,89.09924175552028
137.1603744154581,139.8378260060322,90.33360013982599,89.09448373836204
136.88187317590013,140.10017828309685,90.34146722179058,89.0934255607453
137.5129227900736,136.33126000477972,90.34002095198711,89.0524470539168
137.14711015941253,137.66570856972746,90.32031033766624,89.04171717800881
137.03603282382042,138.02572079664503,90.30509572879299,89.03409340549125
136.19401899698795,137.81358822563183,90.35764590859868,89.04088313921152
136.31557365121293,139.04087561251615,90.34739794343058,89.05257053785576
136.32365555095146,140.11178456198098,90.3390606148698,89.06872489189097
134.75910537832308,137.04583067361258,90.2138184237038,89.1031245566461
135.70924096963523,137.8523578324064,90.27200103363751,89.24650502697406
136.3484767310208,138.17160333862137,90.31686920283191,89.32414538157052
137.209440960424,138.28810376675582,90.27774019297867,89.27085938013732
136.77316774732853,139.67033831645767,90.27436608242924,89.25622415744708
134.55213023706293,138.76500571739533,90.35980807898635,89.22082022821925
136.2350094253017,139.06178938600252,90.38775341719345,89.21100209409417
136.07040678056543,137.29565178922485,90.49525651861228,89.11666095176925
135.9191051413243,137.1359402760492,90.59002359420454,89.03939535224293
135.49738704916453,138.24027172823457,90.53857668099357,89.02888425441472
135.73566159637264,138.55591118205717,90.44876055493586,88.95670895067404
135.29228887693034,137.93416242053456,90.24510548436866,88.91395673032332
135.08056277658065,137.48492269840287,90.10948915995672,88.87418693625598
135.71830891578247,137.964118467217,90.20734836856332,88.87229646407161
134.37040226294988,137.87150833464406,90.26193108128534,88.9038678172377
133.2770401100846,137.39396294097412,90.25682468411092,88.88896591388013
133.559183946716,138.41762396647206,90.24705412738969,88.89086793659955
133.78156280228055,138.89688248598148,90.23533742851576,88.8922399095416
135.723414824747,138.08540815554187,90.24854040403157,88.89032139620755
135.93647672904802,138.63523327023643,90.31083880033759,88.95278188630161
136.12202817300673,138.82785574210806,90.34827173605395,88.99529745278511
135.95469058422862,139.012722724292,90.40361534224978,89.024743029166
134.32436808616973,138.26845493779672,90.41621796371174,89.04974795072528
133.22433700811914,138.86272633903374,90.38873785776971,89.02712501121508
132.8259853348974,138.0205914503469,90.24681633317454,88.98199339840072
132.2281486615558,138.7796492242242,90.21983222461166,88.96493854507001
132.498807744078,138.9095787231608,90.22606780284785,89.00127621407633
132.78823530760684,138.90720004114868,90.23067843050914,89.03078764697524
133.61273470924166,137.52741601091682,90.2013846407841,88.98858970312808
134.97767154778168,137.7826001536906,90.25019411971662,88.99162066971942
135.3527631268804,140.65619882120836,90.18797318863993,89.00988518155785
134.89737882561727,140.43107365916234,90.13261589962245,89.03233388610757
134.8246653817747,140.27582842551323,90.09385254401433,89.0493214007377
135.31651812195312,140.76607162399588,90.08826083651982,88.98497314834886
135.76402569320874,140.8745331515732,90.26833991498137,89.00443228634141
135.20460875113716,140.68693502887433,90.22506690549581,88.97899227424185
134.92412739356175,140.51320020551645,90.18840768992713,88.96619438537938
134.66010868620697,139.50616245145557,90.18488851663867,88.91482986304477
134.82418920637966,139.425810639402,90.19177696112217,88.91205413303685
135.20486389989705,140.20838726412617,90.04695509389734,88.90936913086306
132.13789562958036,138.5357312092051,90.05334061398176,88.91870101686249
130.66531092269636,137.67174491811375,90.07129136573477,88.92832483264512
131.11003481363767,137.77837267131707,90.03380821622925,88.95070624873034
133.6128270410301,140.51025479107798,89.99681452198101,89.0438293945002
134.34115480234925,140.3776534334283,90.05601607044963,89.15864683005545
134.60211334735237,140.3129651646442,89.58616131259775,89.33947653999373
135.6423276014082,139.79071800954884,89.67741903859238,89.44836181224417
135.472102896536,138.88774929828708,89.7409754700599,89.52266077855002
136.42381116599935,140.67334796337553,89.81634837051303,89.50139170230271
137.1619339849428,140.6588969399169,89.86565993938554,89.58947168031139
137.34179037339933,140.25238819403955,89.90583800881727,89.64078814108454
139.1436106042525,141.8181326831659,90.1449632524649,89.73139130966027
138.79276139981258,141.29949039593276,90.56446244504184,89.89808757915925
138.92506577633497,139.52029657278658,91.10230471369395,90.0675561109305
140.59383447718508,139.7503043502024,91.51070129810536,90.03197009335588
141.3982035317724,140.23138016409732,91.86335599964161,90.44677085127753
141.86719732341055,140.7974891469929,92.03645832876894,90.69902699657226
143.11255408320613,141.02307251999727,91.48127774702101,90.65776584577027
142.93957952872438,141.23965342376255,91.54297273562445,90.88604214330893
142.20993469331552,141.01775177932262,91.50830568626901,90.97321390825934
140.30791186110793,138.81200155781573,91.844693343834,91.47675593028781
139.26354565153304,138.2501638059132,92.02735866054964,91.58590017082928
137.52716510825945,137.02510506548603,92.15540331920565,91.62719459290145
136.12879325734744,135.45557240972187,92.2472624409758,91.71742013149738
127.97660765171884,127.33638316308817,91.89403276174282,91.58808035941367
124.93457452520566,119.93215145514934,91.86237445801892,91.57807290957679
121.85442212625406,119.08084703215056,91.59296140893676,91.45029662853949
123.6483572222376,122.44982442934291,91.27106612596126,91.28187306925375
130.2915347199716,124.64368660082215,90.95514159408388,91.01812740117707
133.53844138343862,129.72269117685084,90.80151540776974,90.90630739095684
137.4481100136309,131.41196039213352,90.59925152337615,90.48285432233448
139.15054934012923,135.905855379258,90.77736882260135,89.76664066204103
139.97776815495882,137.18148275589385,90.29415914665907,89.26102144956872
137.91916301611724,137.47298719239785,89.46468265496989,88.60072571419292
137.30528968590872,138.0447279323731,89.42731971646651,88.605153850583
138.77946161200325,140.12224952283077,89.15248260883648,88.45035529771494
143.31756439708516,142.49330389813562,87.3129627178782,86.73736099239544
140.83561814057046,141.8790096299853,86.87693147797809,86.68894318907826
140.36360493923672,141.7373156354968,86.3449047371781,85.99031853988748
140.9024356682454,142.34898274152266,86.27577350218877,85.94242186061774
138.10421668558098,141.10937550040256,86.80246797528716,85.79972044877898
138.65769487019531,143.29759915985002,87.29238477130919,85.99942953174842
140.17990155947555,144.04338346467893,87.66458181499439,85.67774599190805
140.4226453900397,143.66609921263978,88.058348149464,85.57496201864252
140.55787231482952,143.47185524505088,88.25930907301476,85.32933096857448
137.42868373938416,142.95307786150107,88.41714644873869,85.50947397462849
137.74458476389412,140.5532833092529,88.45002642707429,85.60423132855126
135.31946426875885,139.32217250456551,88.38723821997871,85.67028507934644
134.59617073699684,138.22959566473202,88.56650310814705,86.04892936814302
134.28358523925107,137.8580379209996,88.69282512068806,86.30973982809617
136.02105910197656,138.07824832540382,88.86814722379073,86.55429607176082
136.7917937362843,137.51201669664073,89.53677033325626,87.31959126532372
136.79609626869947,137.79647162601466,89.91708979350825,87.6407552933266
135.7475294938899,137.53167466540913,90.36329727538507,87.93478588242596
134.60681026419812,137.00952838569464,90.42275364101648,87.96143692451287
134.04595492732525,136.84316136458153,90.77294463935938,88.40840431340797
131.80606959178422,135.84673164980947,90.86124205642291,88.5651948239537
133.9263218886179,136.98507872417545,90.99727171699158,88.75254435546088
133.7094771021061,138.40020282271456,90.92156501479838,88.32941200775714
133.2357332340275,137.65009677942564,90.87016170457757,88.17283190026428
133.19503323771565,137.59525315605555,90.61355799876128,87.84238408836109
132.00471743794816,137.43566773661394,90.43334107440805,87.66347104668789
132.0833029409012,137.25684746914598,90.39555542776014,87.53799209758881
130.78832073877376,136.24130559519318,90.20822896447503,87.46811054613775
131.2559622855992,138.1824674925216,90.19279944372242,87.4771270937794
131.37854221011318,137.93819905031637,90.19357856344946,87.51561219799116
133.58188678669293,137.85496542090283,90.19456446091426,87.45870457533354
134.05436026631452,137.63436918898066,90.24533311735703,87.27157997292525
134.23790372485948,137.47985464297233,90.27243894155608,87.16826069374802
133.82064999892,136.02775513780915,90.27281714909591,87.1766980785847
133.02195062261322,135.28161902711722,90.22532379137131,86.92986478965264
132.33145310632628,134.98486664855136,90.17057769955306,86.76952325522646
131.5313124673188,135.16469022018094,90.09304890874259,86.7335251558623
131.02683252618826,135.32347401467965,90.0440688271278,86.72308496438778
131.17624962282497,135.77442011393416,89.8987720986516,86.6920180834644
131.72312672400105,136.4242044092642,89.86863758449465,86.71855963258717
131.22089755845144,136.7100522198441,89.83919162966363,86.71379631110102
131.5703608338272,137.07060343232232,89.8431240213688,86.70523284629664
133.53038076205584,137.6143652833969,89.84210155970688,86.73576355548866
134.53151650341536,138.0869539547794,89.86905298525355,86.7391766212312
135.56056853931312,138.88685913019205,89.85669819408541,86.7466567326508
134.93540738815625,138.8131479244991,89.9426763234101,86.79046445975456
133.1060117856626,137.4794733793691,90.02647218992679,86.8080063987903
132.43525101418635,137.00106010038417,90.07996442275636,86.81921358771808
133.59586230952618,137.26601916479322,90.10525875134375,86.85553341016212
134.09500388138824,137.49299705121706,90.1270268803384,86.88540486295054
136.50908752881264,139.00995817650502,90.17992581792049,86.9970612364589
136.84381219405913,139.23587266393062,90.20126126351995,86.99981801768082
136.9352594240038,139.39663175317503,90.21123971977396,87.0016110317444
136.50535494699724,139.3453438494042,90.20150078210368,87.02463331285128
135.85908233142905,138.56364515452805,90.1774964227186,87.07547406805709
135.30351671324186,138.51919614936452,90.16863923850559,87.13222464924462
134.82731342111242,138.30592277623578,90.1569547413311,87.16961187823466
133.85483703112956,138.17188652468167,90.18703059845711,87.28200410421016
134.8672652289913,138.25918045733877,90.21882360758421,87.26690617058047
134.76801747028446,138.5634442081379,90.2770388716767,87.36083191529647
134.49216200625986,138.40678912051555,90.40659230295817,87.42809635068163
133.85299709655447,137.90848569341304,90.4936333606599,87.48464318658705
133.84868321569218,137.97305686553145,90.50585717120929,87.45097832113333
134.762956576296,139.40456643554737,90.54608837680176,87.37416984202079
136.1784797848238,140.22265355551085,90.7594499101819,87.41331258421852
135.32408759179384,139.72435673921873,90.91827733211511,87.45081290383023
136.10045126427372,139.79223689974168,90.97109398014952,87.474483890484
136.29798186959684,139.82717973021295,91.01460122914874,87.49726130892378
133.44556151730907,138.6053776982806,91.04284779852597,87.46680044060751
134.98282277079733,139.84524334012596,91.03243403768339,87.50907612109047
135.2397820442117,139.95544818593143,90.9774440514676,87.4868076656405
135.21334864478683,140.5281544581351,91.1079745832961,87.62968249460287
134.1379074888069,140.14302362421486,91.07005333570726,87.78729742432819
133.2829780619342,139.91502256311543,91.06060301194661,87.91867299152685
133.15674413492422,139.8962746361364,90.99386824391966,88.0154615535996
131.89905771066384,138.13792626022078,90.82473146648768,88.09493508952089
132.108744364194,137.82153133833725,90.76606811153025,88.04341497823394
133.23637764294472,138.5401277484507,90.73183359255576,88.04404003486434
134.4180352691843,139.33889627681873,90.72172642887197,88.04164719551895
133.9039285972347,138.57137605263526,90.68334354729936,88.04841015465193
133.57441639345632,138.43561798667685,90.6173379855046,88.03545188416044
133.21721176923646,137.56827635304572,90.61741295380952,88.04131571109689
132.8152010907185,137.45146002682324,90.59736199030317,87.9955589390574
133.29686236297002,137.75689839627836,90.6207525317856,88.00312496635831
133.56415289146267,138.43068656620244,90.67273423643393,88.02888429488281
133.29462873366694,138.48966257985828,90.7012482110764,88.04876166209236
132.9919135817133,138.4724575148488,90.73728611808333,88.04542283145113
132.38268450625918,137.95551599852647,90.76275125604752,88.07548998074405
133.55441783316715,138.15287970590694,90.77601987260701,88.10408971834171
133.36691245276847,137.79189039491433,90.84420102928321,88.12647399006762
133.57807001765073,139.14219690030012,90.84847157775158,88.1470921713155
133.6141228799203,139.42997764257828,90.85084636176063,88.17218114324547
133.5228362627745,139.8677225693651,90.84747898911449,88.1384864644245
132.87963871286541,139.60133012009214,90.88400415582053,88.21058740377782
132.53924614069882,139.29648931018096,90.90811621769076,88.26384993622212
134.72499555598984,139.56136319938986,90.83945901088639,88.26267080040189
134.28307143109043,139.7296570981398,90.83895910566852,88.27087562359775
133.92081809447086,139.57720706546436,90.82769111442,88.27623888611647
133.39044972050212,139.1589469694973,90.87154374240127,88.25557905015911
133.11887964523717,138.88918267085282,90.91009617245001,88.25520064503853
132.97370057522443,138.91880206747902,90.949588793133,88.25698254908617
132.64753783352472,138.66193827502363,90.94451708642934,88.24145148695052
133.413690664935,139.17475591586145,90.88751043496357,88.21895000167724
133.59233692214443,139.43659674785587,90.85410970076386,88.19878488169758
133.6412390470276,138.42901144059164,90.84592913719754,88.18712802016539
133.50540810243757,138.3435619304293,90.80087431794121,88.15647135337693
133.45589922595764,138.2947542009221,90.7714850188742,88.13771539022169
131.26373994973542,137.8660221720078,90.81781866665266,88.13709426337233
132.08161657119675,138.17950266410418,90.9029364974626,88.09092050634834
134.1245209717059,139.0034161376335,90.90094664769974,88.07773488059817
134.000647430867,138.25549657641767,90.89586714434293,87.95669903932026
134.2921393000318,138.3681098488486,90.84923615948223,87.69241843445946
135.2144747638817,138.9551089387311,90.72633185327628,87.59927358132354
135.27167395036903,139.07707639838915,90.65509704041693,87.52870275406521
134.01216952098397,139.6592224384471,90.60593922317965,87.39315112118987
130.14607077352304,138.83645921545596,90.19950868314064,86.75269956229359
130.24883711811086,137.6889992435977,89.88669959034893,86.43389595642394
130.83847027837706,137.7006550826532,89.88719168589701,86.35760616288829
130.99606566787034,139.49334371104885,89.78394448022408,86.24303767764394
131.84938138635317,140.66582089265617,89.6912598901725,86.15624489978829
132.65355141736134,140.87965827817786,89.57781668787823,86.02344733093976
133.69234309048497,142.49532371899073,89.37425155869525,85.90657500276707
135.02321431195193,141.66801941522544,89.08291966458033,85.80934131993963
136.36035050973555,141.03030019856158,88.90209541278165,85.67848260655259
138.49226390132586,141.82132567385995,88.76608482447428,85.57169342561336
138.77880818240692,142.54079878124287,88.48466158347291,85.363106046743
137.78776708282717,144.2098242374856,87.82030266053054,85.35177401285328
136.93618568302537,146.50210966268233,87.5642079379002,85.23797328662278
136.66231952549933,147.175429259667,87.48123254204012,85.29308253324923
137.44314146024092,147.51022474450596,87.38276873118284,85.28279172949003
137.38042702228498,147.49500957821414,87.33323080597204,85.28966094424082
137.3733678233403,145.8899248608553,87.33928662967666,85.26593173461738
136.47023254241088,144.8553409310603,87.36517099208879,85.27809804040074
137.01791437141537,146.66283107838737,87.36093552565083,85.30723007853234
137.10744373014722,146.51986827313183,87.387484644544,85.29479078775542
133.93389722156294,142.73507785059113,87.5506171324244,85.56012016267177
133.00829161454828,144.41440413763004,87.5820654180408,85.69613514098099
132.70384113837073,145.16293857539878,87.60481401592878,85.78381134162409
134.8326819002812,143.75133629859067,87.77005713370599,85.88795646207028
136.3393511219764,143.03671324917843,88.05269417165471,86.07770474920366
137.33353256803886,144.08744709455462,88.48563396718812,86.4401148947762
139.68498564599943,145.24859421072574,88.96893249186775,86.76600991334892
139.8054544906491,145.5402599548364,89.17850793117198,86.96292071567721
139.08840940749178,142.37927008108736,89.4668673060844,87.34965496152775
140.93116319593818,143.83210073111104,89.78570744966254,87.48621929225054
143.515921305753,144.5196491495797,90.4894684058867,87.94660917267565
144.57848508371944,143.84528441768808,90.75431100223186,88.2024391244037
143.4227644507034,145.74176165217838,91.28493815456561,88.97911057484626
145.01036400627854,143.4752480675226,91.6281014400503,88.95892549468613
144.11892026094532,142.7442495229883,92.12227592222814,88.5739665553598
142.44131874796264,142.30158206657057,92.38137252723489,88.600436460257
141.2203818939288,141.8472479049268,92.49652327069975,88.63980238597316
139.3480501543716,141.97081216346274,92.3286066989062,89.20342772403225
136.98506639483372,138.2104329142094,92.2304647650038,89.64244395662332
136.34209940544872,139.19418061436542,92.00425201303345,89.85830737716336
136.3655763982186,139.1820738682481,91.8814999579842,89.90787569996621
135.91577477978873,138.3490973860162,91.93206225113445,89.63413941854994
136.47123460632838,139.28185660883096,91.7976318536006,89.75768016528492
134.22590238670952,137.3455809221472,91.69505857458162,89.69667645262322
136.65186398554138,140.7318541317179,91.66784066301959,89.69505913108932
137.15802868891302,140.08920060838864,91.68163245672234,89.67307858562377
137.4059843349509,139.77992188416655,91.68357476554051,89.67054066028253
140.11874980980906,139.79833121257104,91.98561053648734,89.73525288920956
138.3624631297245,138.53136420654133,92.16455518010788,89.50847362602
140.59805329393478,138.9714257685378,92.28035760844782,89.3524529619226
141.72841274823776,139.34891672440295,92.08837290939512,89.39645390126364
141.74795022094855,139.57527027036002,91.96978763084333,89.35527845556749
140.41335693533225,138.62668721814674,91.82465041764017,89.34728341248872
141.11222645091578,138.54520001968595,91.74239173617481,89.37958527331165
140.59092480231345,138.63091564747558,91.51723641753186,89.0580520240049
142.72195022153127,140.46509955189595,91.50963457356319,88.9277529255362
140.88485695069494,140.77978071893696,91.43226979845441,88.84526280059622
140.31407860705974,140.43261230124327,91.43457672295668,89.0023847827763
139.72382865682957,140.0650418826776,91.34057693437721,89.01273604090294
138.15541703651766,138.2658110834162,91.12113499142096,88.7682867099254
137.37285610080608,137.94157187564267,91.01417382251167,88.65765514243016
138.1640661758287,138.35848789395857,90.96721757899519,88.57884614379199
138.54143040131643,138.63529103808193,90.82611550504078,88.47637849330046
138.5862650443606,136.95878998294933,90.75527263308147,88.50972414181308
137.09969250801834,137.03040548875,90.68583478415057,88.51678927832543
136.14108305684107,136.2154288829036,90.49307382449277,88.57561080267247
135.50338009971156,135.66002923125973,90.3430899016432,88.62752593921655
135.38745367312268,136.233283420985,90.37189708008566,88.62218846449773
136.04665337672643,137.29120196983754,90.26690413005515,88.63185802824415
136.11442263371134,137.54567321459834,90.12078303799622,88.70956759251442
136.20310266499857,137.75997460427715,90.27145654249514,88.68101224146363
137.35436500039123,138.87547029085653,90.30130265442162,88.74603551201366
137.84510171289418,139.40623655830146,90.32075169463327,88.79524047590296
138.76572775263125,139.59777722258974,90.35000698515928,88.73359125202123
137.7764044762269,140.18286791060945,90.44706676536131,88.74727880891894
137.34806175085808,140.44651238184423,90.51355765386447,88.76524631934932
137.0035998189409,140.77666004195146,90.57019151240907,88.71056709865685
136.56862314378643,140.28387452743908,90.5921921961107,88.61975632241494
136.9449208141843,140.1028322295941,90.57094853695274,88.56759249990847
137.0715255382863,140.13134956234077,90.70105949806843,88.58747282045763
137.99461409453139,140.7093502036047,90.83441383164396,88.63091824438328
138.6406165964037,140.77328606320452,90.90683752814127,88.64832855041128
138.5691381030067,140.26353151669088,90.91730744552704,88.73172400349621
139.08144085098752,140.48879029350425,90.84713562059986,88.61091647501249
139.13898286017354,140.56900704337897,90.7952762140333,88.51957345904528
138.5759706447982,140.00508577261402,90.74972791805526,88.57739753887626
136.96591568823237,139.89767253965036,90.82720933311907,88.61483903441919
136.16149554252218,139.8150146909574,90.77654893995789,88.52901186861034
134.08983690833333,139.206095850462,90.71514119607393,88.62751646154251
134.98342356580918,139.13844986318898,90.48440939543313,88.4096366076033
134.63907649803576,139.4926099233737,90.49670402557808,88.424172717579
134.7828206158079,139.31837744667965,90.5151302021787,88.48821579682998
135.1512986083942,140.08223018390896,90.47576108115695,88.4517844506257
135.70399406899884,140.49695570604172,90.44285234533392,88.43895172103365
132.7267200254641,138.90942659930553,90.43473815817305,88.43324507681528
133.71563947424406,139.01809715524413,90.36595805785998,88.43450250654492
134.31675259429352,138.89151428163743,90.30963698440159,88.4454791235333
136.6057714061095,139.16538098359482,90.32446651828239,88.44953030714267
137.88521294359705,140.55080034382306,90.32822536996832,88.52731270304409
136.92705966142145,139.90048199655317,90.38279819569938,88.4920844487812
137.59381330046173,140.2006575581541,90.42490161044637,88.47281731334472
138.21461389362216,140.38212718346045,90.50770428481944,88.49540484593619
138.4984987700151,140.38215286764668,90.56324375630378,88.50340094830729
140.33042724895776,140.9628780113717,90.55666511039573,88.50032027647686
139.85553992677933,140.67861910913777,90.56735190890087,88.46232531726847
139.1177760436883,140.0787010035784,90.58013458215927,88.47110689646672
139.01015778070212,140.0687635560842,90.60847596161865,88.54904913435811
138.74249016196188,139.94973204827744,90.56937221881374,88.59660995092267
138.37479735360319,139.8933912310501,90.53525705667309,88.62798993643608
136.7064516922217,139.3900611525634,90.52834440327729,88.59943400486075
136.70438060096902,139.33516535055452,90.5451102047053,88.60401511754395
136.68534437031335,139.3013588847677,90.55794559365913,88.60770990974662
136.53851372799025,138.93736808321617,90.57228048078017,88.61339827376729
137.78063241901322,139.3352094228285,90.57341258952417,88.58523524316004
137.06500271144225,139.40901407245315,90.64076672370962,88.58763983432227
137.6321477099332,139.79304906586833,90.70754802033503,88.59650397831065
138.59218198830519,140.02656607209963,90.78469475152178,88.61628113186023
139.08081483202648,140.18491914978097,90.83252701019823,88.62898985572295
137.54731013475876,139.66389601958835,90.85295769468372,88.65005122602531
138.11578416804178,140.19968267200662,90.91463325229887,88.65292922914637
138.31844381885568,140.44891345543945,90.91078048303963,88.68103530685076
137.55052994490094,139.55070559411502,90.95156721911599,88.63106355161001
138.68922976969242,140.17746478366243,90.95034315079553,88.62055879234828
138.98181464388696,140.45805809643352,90.94978012160223,88.60977765745406
138.6490951279945,140.84052691756872,90.99071515298887,88.62318369482462
139.25932207780895,141.09146249303606,91.0386015400914,88.56482773588839
140.29316948065906,141.30686537511718,90.97959387056746,88.49669337761388
140.7604625171676,141.81955930434384,91.00236355457713,88.48500257410879
140.50944619199268,141.71635012786473,91.0934546254619,88.50476037859924
140.6572352419936,141.11993425646415,91.2264797222195,88.40324127374856
141.4898154491762,141.42813578445254,91.09431885959587,88.24010495102195
139.3081134714831,139.267651988541,91.16522181988022,88.26270481865612
138.94420840391427,139.0114138620433,91.19879612459081,88.27950711641883
139.49144165515028,139.14014989123686,91.20885582129695,88.23692759614242
139.09323080866616,139.42936437443345,91.19237233042475,88.227696505219
139.00271072587665,139.99412598322073,91.1859358549446,88.21779786768117
137.9851087969387,139.96461622899434,91.20167452595393,88.21348317411463
138.05296472709733,140.32337082622615,91.21469748495655,88.2611194324209
138.08705402170435,140.56468768758089,91.21871568783646,88.29753794468353
139.6471156955013,141.0136093979155,91.21241643192799,88.32332031528189
138.89005730897424,140.7064406272707,91.19853123317996,88.44455851403454
135.80732326124001,139.23142875877988,91.16089734812923,88.48800120947162
135.51407831452173,139.4015108860552,91.10616991956634,88.56027770543845
135.96966296035924,139.28899325535295,91.10778926909299,88.55033193346965
136.25731178087793,139.44707203433833,91.10855151816438,88.53351871594133
137.0247145107089,139.53351626786844,91.10997945674237,88.51863511948444
137.18729879375485,139.66012840198374,91.07797149848452,88.49750050607383
135.5261100326754,139.04447987077893,90.87555356100458,88.44792266272042
133.79825989727172,137.16455436025004,90.82777647531259,88.44192611869755
133.49172769040257,137.47515268504787,90.74356253551011,88.46655894435249
133.59693319182864,137.3321714028811,90.65833318424667,88.45359782716415
133.52996724076576,137.332879508018,90.61194944788389,88.49308655744605
133.36237726194918,137.52341295791652,90.31205132876508,88.14198060902191
133.19914115726073,139.37208892147095,90.08895042107956,88.00027099818308
133.84848802006672,140.74844581887757,89.89876098789907,87.87115211838403
133.7674481651009,140.7115189857365,89.55843273116278,87.61770351035233
133.53448007454313,140.66893247396177,89.49367768475072,87.51971740762923
133.7820054181504,141.0360987145448,89.53497279032953,87.46085330511501
133.73478295448936,140.8907028303896,89.46292251110953,87.4270248681994
134.16573032056758,140.3187615083269,89.48332753463681,87.34229119125082
133.8154243386836,140.19962276931193,89.30148131955669,87.1338085678858
134.85174947132674,140.69259507039726,89.37572989564462,87.01611353177539
136.10325071872293,141.46800477114502,89.40790605037343,86.97321400807455
136.4186326582855,141.49955008802482,89.43455852757864,87.0177188705228
136.60949622076183,141.44604867979461,89.34688557041883,86.94084463792531
135.54213188872174,141.22123543066797,89.33259083141385,86.90753217965342
137.69454940004115,142.0067110954354,89.49392098798693,86.95342055213936
138.6074536678801,142.5455564591258,89.646910147288,86.94299899356525
138.57900609949644,142.47153996338278,89.72705129976987,86.91994147164846
138.64862690718292,141.87766429873207,89.73175030431824,86.87098183789426
135.73670577207102,141.18950070693853,89.73889002586995,86.77898497816312
133.7576989287355,140.84833264663533,89.72650334078364,86.74275975974268
134.40633158801887,140.73120413936644,89.5435980662553,86.64244922195019
133.41850729617937,140.28702915252921,89.52416955635327,86.61439412922464
133.39897460007586,140.37175208571415,89.51488293132144,86.60268331737852
134.0639416974881,140.50198079016533,89.50078333738567,86.59575266687592
134.89306646115855,141.52588473924268,89.48534593428667,86.60174045350199
133.41425739136432,140.87073820975166,89.47877850304691,86.61862267323798
133.5462561041061,140.25010217557443,89.37853392340537,86.62670862769686
134.17432153573006,140.68314526485162,89.2507465322935,86.66160264995351
134.68623565026186,140.7952972830813,89.17544333925238,86.6911951378702
134.37631794823633,140.4101722261321,89.19212496998331,86.70383836447242
135.21936589425886,140.60582115400257,89.14558724808519,86.82021116245039
135.74918023727895,140.47570709393833,89.17575452857571,86.90532884888371
135.3206489566523,140.26265034456551,89.29357861801114,87.0277559451429
135.51396016890877,140.78281989477895,89.37440024100539,87.14172409247102
135.53083227814773,141.22201082785958,89.43513062121511,87.21308551082946
134.94917450157132,140.81947272006855,89.67938784385437,87.43872674102688
136.68476012712793,141.4054920528897,89.78387954878427,87.59101434543052
137.42369879460588,141.5834291714911,89.85127506955791,87.68313155942091
136.64207105775046,140.75602542380267,89.84196468192933,87.76600339655786
136.58910227274913,140.5466529169068,89.73962571666402,87.81106812790318
136.35634945696756,140.40437796950806,89.68305197928888,87.82585982238676
136.2409194757716,140.51366890852762,89.66062284914118,87.80507219617674
136.0756904496181,140.90724821674794,89.68684823093581,87.802196582415
135.6019891475671,140.1607567317015,89.71446125395748,87.79677566870642
135.73427693725,140.04009990404413,89.74049474927213,87.84382852002797
135.5352295796783,139.9936955893392,89.76628867875176,87.80696682006041
135.17955377813794,139.92842648252835,89.79506329236047,87.79536335448445
134.91027987863205,139.24324385185017,89.93756254747449,87.86683835735892
136.01116000033088,139.49153186874196,90.02635266783432,87.96431006969104
135.83431841164582,140.00803156182255,90.0627510358192,87.97070511532263
134.80372229941605,139.72421641764052,90.07787398649876,87.97892155330895
134.20659730153838,137.91436102366063,90.15813854687583,88.10115117245893
133.85653133040307,137.4005979040215,90.1947262103262,88.17377516739688
135.0577484969216,137.77636282237347,90.21999754126246,88.16807146273908
135.52318309702213,137.86907514543378,90.2415277269766,88.1024494658838
133.39654129908843,137.18431799906617,90.39190257979874,88.10478472240682
134.52227368700835,138.41848245128762,90.47020919957144,88.10888425126302
137.873164611062,138.75224020830518,90.52850937148212,88.09069650384856
138.91500997989777,138.9500324486109,90.58822098314816,88.07348113711348
138.6923191481909,139.02283328779038,90.66828254421412,88.05202373529455
137.10028291359927,138.73262473395815,90.70947667573047,88.13539394764406
136.97950449644068,138.90078730105995,90.84610485627452,88.23907176136115
136.00400407360988,138.57559379075164,90.87136500431632,88.24673473361129
136.60165679246558,139.16739886817865,90.89767428932538,88.31405009376435
137.0052182389946,139.65519044037893,90.91307778627863,88.35803633712189
137.2647480343513,139.85712948322282,90.89927740264889,88.33962656846906
137.85904138083905,140.1326705972796,90.87919977693801,88.2956144376593
137.65421317399293,140.11176425912362,90.88109532693034,88.31263088783291
137.09505841085888,139.579137366137,90.891326495731,88.32002344328806
136.19188887888052,138.34316300021464,90.86166202622613,88.31670325815755
135.55397164196222,137.67959992937918,90.8309576578004,88.31167670847327
137.418048388608,137.6434272169387,90.87062643558907,88.32509046436118
136.739088753754,138.86604590425307,90.87494317519295,88.28048634205918
136.83144183145853,139.74618419979967,90.87921377799267,88.24935591543414
137.73391803576865,140.42405827811646,90.8965765499169,88.25631267009273
138.0468714651407,139.64633739635744,90.91096083553965,88.24390500504592
139.08746125462594,140.26090887587605,90.92118531625813,88.23152627206277
139.6945672304035,141.98696000093287,90.95328919788558,88.229512902483
137.84938474794632,140.84911235185785,90.92107454198847,88.19756637335455
137.23952261502555,140.51003060718853,90.89791229752588,88.17583636470016
137.4787165065036,139.41619235448132,90.95843410969425,88.21525884816606
137.61072223215152,139.40528432717647,90.95599007772546,88.15278647284038
137.6926494903815,139.42170407459435,90.9523682159524,88.10272631850076
136.4287428340261,139.2345477092967,90.96528204766854,88.12068430131733
135.3424424811286,139.06318437957714,90.95671121444502,88.13837055069432
137.92697739120737,140.16085250871816,90.97600240243003,88.14144669091824
138.2524321181744,141.4992637738454,90.95862142364759,88.17396738761921
140.28510172119974,142.18873740440614,90.96247968939701,88.17017760060813
138.5774584169436,140.563270920638,90.96585795935637,88.18067756667728
139.89925201422264,141.44150953974116,90.97310026636104,88.14993295062528
140.42315303160345,140.95842128748174,90.97619037349827,88.1444455233261
140.16573305151093,140.46133434772975,90.97957825577188,88.14053601642549
139.20757829059693,139.6195529275185,91.01147272088778,88.13205149935659
141.027442111448,140.71898062212514,91.07613161813867,88.13075720677045
141.45820609429222,140.20147300026483,91.1032042685359,88.17539291397726
141.61003080637343,140.28930957091552,91.08016318886243,88.16076087273287
141.4627286880498,140.23986346488232,91.08973997105423,88.16792033134361
141.31943159874578,140.17122349311992,91.0951869954228,88.17367299870364
141.1526785401828,140.19440528894393,91.05415826982858,88.15756800411857
140.5884615821579,139.77579889360197,91.04766458136132,88.1422067237467
140.5871672976072,140.03181320078735,91.02571921532336,88.13297910817664
138.2370652805965,139.71707962009776,91.01697629970751,88.14802379932718
139.28222814659304,139.56596695375106,90.97671417828592,88.10318523909244
139.44719457715885,139.15819286852,90.94619719445751,88.06542365414528
139.81128448399394,138.93140799367828,90.94971127494372,88.0855479169117
139.67219913515223,139.41117395637994,90.96019059630093,88.08131946854097
139.60861693068827,139.7549830560773,90.96984782867914,88.07796966488755
140.86199290150552,140.16459600745435,90.92601489100616,88.07913813151606
140.9452267718114,140.42761594128848,90.92057777441532,88.07614571511623
140.01932242476255,140.70022013831357,90.92661736054058,88.0798371680143
140.6660667228511,140.9260029763414,90.89970251934157,88.11864748275048
140.7727663184418,141.17493011226546,90.90661995572114,88.1183454226794
140.1776318168942,140.8734415186795,90.88212861055275,88.13880193309328
140.59161313286415,138.55964532289107,90.86341225719464,88.13624322028467
140.20812000702216,138.1561457896541,90.8315977155004,88.13057387432151
139.96432785945095,137.9460426423297,90.80907800304878,88.12772722312214
140.74920826969625,138.17923547806015,90.79609752219484,88.1236009635081
141.45024922186312,138.93198099686194,90.78447552177882,88.09839508631138
140.33730559741642,139.17699306772454,90.79802073512784,88.06933486167777
141.1752166914517,139.5904418696805,90.80721136670039,88.00679658784186
138.5198167907882,138.9086813378452,90.8555122601881,88.04523881895211
137.84705437265953,138.97917857271872,90.87219602052704,88.07264775359602
137.66549039656553,140.18713599420897,91.0083316759341,88.08538069211528
138.78921897423407,140.6340180660812,91.0662754740633,88.19100482293648
139.3356738568948,140.66211897534384,91.10829534964624,88.26822103325719
139.4020190399739,140.52252661275023,91.14153070522788,88.20224938124281
139.60222429290866,139.74170919216024,91.14023892555683,88.15509261990285
139.60682663536696,139.48417365023894,91.14055563330265,88.12419213094394
139.5656691809606,139.47660751916365,91.06538762266597,88.12245704462899
138.9475743256173,139.3036602503114,91.06196360429023,88.16627838444961
138.35533816517088,139.0463425727907,91.06139668646682,88.2044238986633
138.464783621877,138.96180433506746,91.09646589690232,88.17418064720044
139.35526730148612,139.177075610391,91.10482949873055,88.11695607532575
141.45339149919235,141.09870163650717,91.19448809930871,88.04046941505608
141.32393361953135,141.2234343302104,91.26701406568675,88.10893152378775
143.08974652606642,141.0324535465437,91.39887939360112,88.31562070557725
143.62285505719345,139.49369456236366,91.55377631278809,88.4269907303271
140.5657769191879,139.04322668840427,91.71444048110429,88.48582826204363
139.94247500255258,141.07749727202838,92.09728028980902,88.86147909687497
141.86120127579588,141.32881243644528,92.99746789423384,89.44361389360233
140.82715272632396,140.87893000389633,93.18463992458885,89.88884472770579
138.40958161609302,140.3272860747975,93.37239382041916,90.02264159716091
139.58325514375093,141.04373174634117,93.27669525506012,89.74157663922166
137.6625973734277,139.121402587307,93.34230562582258,90.02943973076793
134.12621387726153,137.45173233186125,93.03078706466353,90.41326428182356
134.21553644200867,137.00206688399643,92.93891400387734,90.5720879407753
135.33037165026988,136.69468228124148,92.99855366129643,90.47330474593376
136.05146077583066,137.1764643232033,93.04731522662969,90.3658716018789
136.04614942423086,135.77405323700407,93.04178881188653,91.04689552199544
134.79036055862906,135.9016472650016,92.8382637318282,90.77066163908745
135.91808584732286,135.6054113929182,93.10671491150293,90.88840074347509
136.47906652079217,136.12398278254554,93.25252148150868,90.79829258053313
137.73524653040857,136.86683463593917,93.42096792066194,90.96855639335782
139.64681159097316,136.4907578081129,93.42542877343286,91.04440051570514
140.82689424227922,136.29666198061338,93.57803814600429,91.28441416882238
140.09494438882115,137.93876353339797,93.91931661920361,91.6786117041246
137.11025804370567,138.0191682934196,94.26132259483606,91.98349724556056
136.56761599229176,138.23485881713245,94.24283202452317,92.04992321163031
138.55147989584177,138.25643378703606,94.16942693404067,92.10527396549786
140.96474487650744,140.23412511723842,94.23552645291313,91.87366971119555
140.00946516425336,140.25712268262617,94.36746747320139,92.05442540757555
139.56476513195756,140.37283429347826,94.45517772959677,92.13009952993745
140.08790127110498,140.56984860777055,94.475947571718,91.75861072650233
141.0664234758696,141.16730677733935,94.5006451999433,91.69975532645421
141.24016047142385,140.64532689360553,94.49734673234897,91.74302118166018
141.27659884635185,140.56232331140043,94.64712835013496,91.86985363390335
142.13426405995588,140.89314282291647,94.71199338890943,91.92233299813056
141.7427624163346,140.9154897667345,94.75299191603395,91.9714304688643
141.8804598352948,140.70011037325202,94.7216788627531,91.9918670971806
143.0945147411796,142.11867090603917,94.74304376936627,92.00220185073961
143.18619356795793,141.96069097498676,94.7548234357032,92.00555397120567
144.0007223999335,141.98858237366906,94.72525095212977,91.94167569958658
144.178448001178,141.27903901805064,94.73096351094472,91.86696304864
144.398996543663,139.84406146992728,94.63278795181127,91.53601625581506
144.5257848833247,139.7193458245801,94.63132707174553,91.53204688056893
144.40108134320704,139.72255427011427,94.61694126838921,91.55094214712543
144.60965347779242,139.15442232692305,94.7007749480693,91.43902375717478
144.5585525667329,139.5442996536401,94.6785005073159,91.29699125711912
144.81658324014424,139.6406292892798,94.8380099529258,91.08097133034141
144.79839609552155,139.5318805030937,94.92096976944826,91.07374896641572
143.99642883990796,138.34239177131312,94.85307132636734,91.23792164077473
143.76233743440025,138.21920449514153,94.79580501351913,91.29830525660357
143.445387869871,138.37169778798497,94.7712685998185,91.0444169423859
143.10513195414896,137.89911480569307,94.68032441108583,90.84220237781277
141.33672085524827,136.21120156095057,93.94444381137458,90.28244660477449
141.87060302219362,137.2412114167437,93.56591556416159,90.20132136624052
141.0680160337104,136.70249217544423,93.24633254200012,90.08243506958608
140.6410676444776,137.13706465475622,93.08612091981149,90.00166706461599
143.27781763065565,138.09322893321433,93.02744384829212,90.0095514992285
143.79482134302538,138.99170585396408,92.76063515396744,89.67644947101552
142.91000981866173,139.606424052556,92.6676511509939,89.71599193889303
143.15663254896734,138.8889992814859,92.74348202630058,89.62881648006375
143.618893106607,142.0274223363594,92.87804270653933,89.45925923278875
142.8567559571674,141.86935901075344,92.7101327193833,89.12831550750641
141.16269683642187,141.06223252948175,92.36785795510002,88.97041816614487
141.40300855444008,140.7578171880532,92.05310670784141,88.96005604748576
142.1400042739273,141.04848282215028,91.99354185908358,88.96970184768568
141.4233746392646,140.8453411382743,91.64806375772001,88.76604513638678
142.029926981426,140.6792702680447,91.51139159101741,88.26840963026811
142.04918834339554,141.13291686377187,91.1102658334765,88.2649996554905
139.76857432241744,140.0444952227242,90.9749179130905,88.1247587805101
140.49723520267355,140.26668677061676,91.06976320504214,88.17286172719629
141.785292285185,140.94718809444254,90.94878567241773,87.98590032453512
142.15900122876494,141.11705184595712,90.8699802438425,87.85222221970244
142.84885711204237,141.0551958555748,90.76496006296122,87.82423514147196
141.20382801437208,140.43235224457555,90.18415246024475,87.60208910681503
139.0297961764887,138.67659813747935,90.07605255366987,87.54921602432152
137.29758952198947,138.94937436708668,89.78011749726812,87.62919151623382
134.9556026902112,138.9084987202783,89.62935407132962,87.45054958638549
135.67454779557102,140.37149943780537,89.47250957737067,87.30770295561607
136.02448544396745,140.05602363505483,89.6477381068974,86.94937494200494
137.3614274832067,139.81929584969498,89.46731217289252,86.62793753459826
137.56315240714056,139.54873326724004,89.05938248613144,86.535786102809
136.88606088254176,138.82285219248755,88.70314042760153,86.11100368152351
136.46683087532523,137.22731639876642,88.51975462330321,86.09086257312975
136.60884469799782,137.3762831067776,88.36858189327488,85.86256429467547
136.60171578725556,138.33472022055898,88.39624484483484,85.86195593300691
136.23632730072646,138.38164264893328,88.26403346899755,85.81968692951163
135.51054587837228,138.63080608202486,88.02545211676707,85.53671497617206
134.72535215170228,138.2172771195729,88.14767259076191,85.55066585813569
136.18287360928983,138.8566058963962,88.18965800669275,85.38333967428495
136.4868921746565,139.62508924616898,88.47474160348654,85.19008395871016
135.82450557315883,139.91573847907196,88.23628553614445,85.00825305259025
135.66550101715757,139.9773558075378,88.14711535787406,84.95358189188194
135.2889206298497,138.1136148006613,87.88003725908817,84.72692831881359
135.26782452035087,138.3357305931269,87.82241061653447,84.81652878705763
135.85535759691237,138.92637719682048,87.79046722988878,84.939485167839
135.04880340549218,138.48561005164254,87.67224170230567,84.94813588853664
134.89622432641988,139.11008658772354,87.65915906247604,84.60926189653591
134.9323988049032,140.2208307283719,87.6248653330586,84.53260154844757
133.55387828165277,140.3110658895062,87.60960168069889,84.5267387180891
133.0615058417935,139.75653105963474,87.38406072595811,84.36132115627638
133.29294800619957,139.53465108275088,87.36214571911204,84.37059019431544
133.9211306658419,139.8719958408845,87.24657243259355,84.32365975670518
133.50887259996276,139.53689244260275,87.19573541535705,84.27539343649102
133.16124013555557,139.0113941415144,87.19574330561906,84.25769006368687
130.19314980908894,136.8945704445067,87.21618871943573,84.26014247374255
128.7462414886986,135.50933720467106,87.2285225351903,84.31427496261335
129.5615666215443,136.13950849696465,87.22947544884684,84.3190370240108
129.26585839540962,136.1312399673358,87.1972171925136,84.17644394669298
130.75806557934158,137.18574376372013,87.14936048848206,84.12542193716587
131.57010624936348,137.77091155557355,87.11078320980104,84.0880036302261
131.16567005128277,138.16238299486687,87.05300125090693,84.06533269103315
130.26418351408245,136.43146404234696,86.97468981818112,84.0574380898318
129.77680578862552,135.80643248078738,86.92563107438902,84.05616671084957
130.83646168022878,136.0475332716686,86.87477137490242,84.0252952865999
131.37409816579515,136.37681794561394,86.87661267859093,84.00787354364044
129.33438125971816,135.68840834787554,86.81175347049191,84.09345539176263
129.5050525597,135.70904411910553,86.60241131315391,84.08875441459396
129.94163956477058,136.96020539094707,86.30915315624827,84.09221119085277
130.1992298880972,137.4917946385339,86.12490868883104,84.09559172512236
130.7378538330805,137.7157226428302,86.09200164570099,84.08832098526106
130.85775429755847,137.21250920837687,85.99646641544534,84.0087558384587
130.83898650044796,137.3584158682186,86.21132175454113,84.1260516477138
130.5990746184153,136.56931079876347,86.12702758004522,83.975373084054
130.5677214843415,136.40945645851517,86.06401208515425,83.91172736550233
130.57469397659503,136.46725641189704,86.0263941995986,83.87181067239281
131.40668924827702,138.32943200529186,86.05308971565864,83.9809779448258
133.39398130617658,140.6341151182781,86.07525572777702,84.00095595135998
134.35128785873115,141.665379301807,86.0895906879756,84.0145573326725
135.44376358511138,139.8752330347734,86.16496388278003,84.10260357293927
134.8595509796074,138.13261694304157,86.25744988108453,84.19918273449062
135.78663084811794,137.1017486953104,86.36637224912394,84.19194784237516
135.351510234647,137.1253885121837,86.61629547851481,84.35614857771404
139.96162621209862,138.91642999448058,86.83995764630592,84.42427574458166
141.50736585572787,139.18159203104932,86.97358937040157,84.47082264668354
142.563667875441,137.52398721061573,87.12729399285223,84.69337258033762
141.29176151784833,137.80033043413,87.28007135336497,84.83817171908571
144.12223063043913,139.2284594267326,87.82520111802856,85.03225555055886
142.66773965885432,138.9040499767955,88.26775521770463,85.2687231954377
143.7591934940882,140.2231309679601,89.01373454678418,85.61982024504442
144.15827170088326,139.9488872452142,89.25479585753003,85.77534884002519
142.34756666438258,139.85373858841507,89.14229440793842,86.02391616789643
141.85557543379554,139.18394526532262,89.29304646723918,86.39885285339783
141.31953630586358,138.90223697963955,89.22303436430137,86.60516477970191
144.25653752940826,140.00548405772227,89.47312052247176,86.72990593959395
144.1697001138861,139.8822618752786,89.8648726394592,86.93468890207042
144.070656917675,139.42544127785857,90.18595013534508,87.34244703494737
144.5022587626903,137.50653704081589,90.16525452693816,87.4610080729018
143.3132946522998,137.5080274685805,90.04164282835679,87.49124428044065
142.6703800133805,137.99630123587875,89.95468245194277,87.46655393445992
142.53281372121643,138.09703402950174,89.76719576718502,87.3323404822199
143.0099965892784,138.87063558468336,89.47789874895953,87.3335754804755
140.13523159917452,137.64492492394905,89.62606766309091,87.3973529247222
140.11995986050002,136.9693776316286,89.50797960356134,87.50611653144684
139.98080880738746,136.71063627280896,89.59988169775922,87.54196353845556
139.07767845666942,136.6486658885747,89.61896164714825,87.59263559936089
134.6845966679657,134.56483868483255,89.74438474702103,87.69423906254877
135.50346294109477,135.7080252122404,89.81457545222645,87.7782850075588
137.01131626202584,136.37969484201835,89.82048198544697,87.87644253974182
137.040566483424,136.4198078198008,89.87880663001656,87.90515714523626
135.49638660157845,135.9938197409267,89.85040631483537,87.98338647358256
135.92268845761564,137.05344371903158,89.75574394433846,88.2865454767527
136.19401211429383,136.9977170332029,89.63497443362094,88.31576747569761
136.81950339446573,137.0292423366023,89.43846983513133,88.44333098375816
136.7838500959584,137.15052789995866,89.32334774197258,88.47602742230025
137.80656921866677,137.2601579604943,89.29875197869183,88.45846040766756
138.6275595843992,137.39125229794024,89.4411783808761,88.63680095737197
137.87990375425477,136.59418234982215,89.73246821214228,88.64776356373525
136.61634839456315,136.43774348074055,89.93148839045075,88.75912674949564
139.11103079781398,136.9302368257066,90.022688967862,88.51361264009405
139.70467815842463,136.6484144751873,90.13888632429043,88.4619138725304
139.8073781554879,136.90973338874235,90.42963856919305,88.73166426485591
139.23187950887856,136.4011178324417,90.16989365756137,88.69992598192319
138.69340129789407,136.35461945934532,89.92414025934345,88.70616346737818
140.22624934054895,137.23796028514352,89.96827143347559,88.70577300790617
140.23435920192244,137.23262880741174,90.08072889286703,88.8191573796321
139.8458897001142,137.21587274425653,90.16357850772067,88.87381165230724
139.46076667683045,136.87856635982706,90.1391751065744,88.84254980549665
139.62940174901516,137.0205666962706,90.21536482667533,88.85007786627283
139.8614411844629,137.0796674200528,90.29921074848954,88.865547518378
139.16878625820172,136.4248502522939,90.22111515015783,88.84781230226615
136.71519423691308,135.31169376059046,90.13979218752827,88.9033740155546
134.2243587911888,135.1294167688805,90.01224375948433,88.57912170496968
135.0075247133272,134.560296161572,89.93264189073567,88.42700427916922
135.38516509143594,134.05585470434303,89.76403212853157,88.16329756978843
135.4883957137735,135.10777951940128,89.53405197440429,87.96419430466115
135.62894768869577,135.44639296782412,89.5549888797986,87.83447384218294
135.14223520660602,135.2877377615245,89.47487597653029,87.79456028805876
134.7229038408369,135.18622984672265,89.38377727267076,87.74293519147554
133.7158764330788,134.448858154878,89.26216370939888,87.61764977873771
134.01307122431822,134.817494035994,89.28924817130645,87.62459704934477
134.45543379784806,135.08049269213686,89.32495123399289,87.62927440908827
134.5733556058861,134.88267786055215,89.34278035139457,87.70822694727151
135.24786242663822,135.7437125844802,89.54997463415684,87.74935033956417
135.85871761990623,136.08298576149457,89.67188900390792,87.76727889867527
137.17174866770026,136.14344603358592,89.68631995853355,87.75011541447996
136.10561586409736,135.40440672439192,89.7591437712128,87.77176569734955
136.37909608834886,135.81779471690714,89.66859180867692,87.71700824929049
135.5715246824919,135.17871589547462,89.66956118704177,88.00148040441653
135.59703171787416,135.7767636708236,89.70067328714256,88.15828214429682
135.86714736695652,136.11381508857858,89.73890596257047,88.2928843887564
135.76284109733191,135.83558021047378,89.69126691764889,88.36271089427127
136.01414077351325,135.99953359261198,89.6290026092698,88.2810816254035
135.44320237078267,135.9385640642582,89.81322924699694,88.2982218097988
137.43927233283944,136.45950537356154,90.16418282777025,88.29204999631823
137.87042629915547,136.26286588655785,90.29876077440747,88.35044875429618
138.2079223177527,136.25402216649292,90.40060451229364,88.40738433688642
138.323189758592,137.1996397082726,90.52561432096397,88.48041604361562
138.80607558090819,137.91059450213908,90.60215717118831,88.82563500669673
138.74483345529106,138.0100897314462,90.63896706701408,89.03036445200097
137.2192642497583,137.0337390607792,90.86049173265584,88.94960581108045
132.91106671603197,135.65470952152174,90.92821204832646,88.69815465767347
133.4092775608751,135.3435881163557,90.98211792421507,88.69079165493076
133.87606592053385,136.2912759707611,90.99025383789592,88.70270584971928
131.85028015600233,135.72848998792665,91.0518544034668,88.63865365301092
131.12262731392624,135.69711906376943,91.0877816222653,88.60143665507731
133.23251359931191,135.34809755501172,91.12821161684876,88.55246275824324
136.04655929504875,136.2618881966626,91.09106355679882,88.51872338480521
136.663214983039,136.75250905835193,91.07178706454764,88.50190678317492
134.80494070703597,136.45708475515474,91.12919979335337,88.42467244982436
136.06337988564815,137.3362818444359,91.1446880064884,88.37698336006244
136.22688019581344,138.58486447220633,91.11047632900991,88.39304637673659
136.45698221340072,138.68665063110438,91.06953405530093,88.3745796791823
136.52833186827885,138.42235382636935,91.05828908263769,88.36661386338629
136.57099226874934,138.32580544729603,91.04675912089643,88.35687608265022
136.46971469975355,138.48325240990644,91.0277147909473,88.35721122987218
136.88405295977932,138.69216724160609,90.92167107652016,88.34327193669237
137.26093656351378,139.27212823892054,90.91377441033917,88.32309493903087
138.78914167371258,140.21030783166256,90.83826632151413,88.31885816167167
140.79508837805886,140.0984350088932,90.79193704245606,88.32580479861689
140.69497629715175,140.2714400607851,90.75983457305287,88.34148794800774
140.73707708253207,140.74275280222466,90.80209273793912,88.33365981262136
138.58364535453734,141.0872206128526,90.57004533809848,88.27553516966523
138.42473130840932,140.99477546987268,90.53224564472303,88.25475491975817
138.27617287247227,140.9978991518993,90.56783302283024,88.22507562439256
135.81251020115488,140.4823639535235,90.40731727919015,88.23877220262737
134.53489019248414,140.2304456634829,90.32629067865777,88.26099086886923
134.7930425128102,139.81868825033297,90.2696951739303,88.27079019585295
135.42023643821273,138.67723689205974,90.23087681297686,88.20720505150297
135.97297466889285,139.12787215806324,90.21435035910875,88.17472148476199
133.65482681255074,139.00330152875654,90.22212851630772,88.14578818811404
133.66198304668558,139.33544311454582,90.3099320212855,88.13031560043989
133.61248601012747,139.59891151948224,90.36156140716379,88.12290163976995
132.541335324431,137.80921724916493,90.2613720498543,88.04380563806089
132.1091467070157,137.73309612150902,90.33628633808293,88.0785720023562
131.86738620676988,137.66297303179908,90.39705316510215,88.10470551843581
133.78257673951757,138.07940080869926,90.42044973097381,88.17268536274277
135.0987991088312,140.38221639954915,90.4319420192536,88.27462215644879
134.9006518329466,140.0339795558606,90.43561833467601,88.3027618673923
134.34150400017953,139.20411218985146,90.61112442458486,88.31103155760846
135.66812394211175,140.40311521481277,90.68078961506028,88.28101661945125
136.16223917866128,140.5461256499511,90.70339335214653,88.27179599447956
136.02207842302934,141.09266117239846,90.68858617746956,88.25326292720506
135.58724678571772,140.29853440907655,90.65973456533787,88.21624573534335
135.43513276222035,139.92773591278944,90.62959402719021,88.18452097773735
135.3688948648126,141.0599427128197,90.50035176214291,88.18404536428248
135.48972935070825,141.23741567460215,90.52661626273867,88.1706761329372
135.86124200080155,141.5336310435802,90.5249879135435,88.20638853577064
133.90919159399252,141.01433306778233,90.5481513190451,88.25640260542447
135.8774758260371,141.66054656986972,90.50558344459475,88.25474436850402
136.83221789856643,141.75115273747457,90.48107458517235,88.2534970073087
136.68794348851324,141.52183085137042,90.55311182522246,88.28547965372617
136.63520057615955,141.2886435993785,90.5945442083677,88.28493478891868
135.3853981112576,139.81024431880346,90.74153287564562,88.2785190043545
134.75960051008386,139.94397775979505,90.7416789161516,88.28850553082263
134.07776725132982,140.01263975420997,90.71439350573513,88.30334508908965
133.63475208049258,140.02389041906133,90.69402197924985,88.30701190882024
136.26743898142868,140.54907490306184,90.63260393917848,88.32174019775377
136.30949767117576,140.64598155834744,90.7282096059797,88.38056243213218
136.25137681699445,140.64307038912455,90.78900457714198,88.42582217773558
134.92813896926054,139.61275642392926,90.80487200230128,88.43639330889118
137.10453720374096,140.53357198242298,90.8105182060627,88.44370005339759
135.4872486108006,139.92456316331186,90.78134647215242,88.4450645450672
134.19951107076,139.27397927231593,90.77909003702081,88.45647901193361
134.32967964251105,139.45799128912367,90.77864188718358,88.45111021048317
134.48376502399182,139.55651975000626,90.77839858711832,88.44631754986258
134.66650312573574,139.52595224123723,90.80787141946271,88.43998178660304
135.75799064258675,139.75832394378898,90.845355392103,88.51096039426845
136.65957258579644,140.13455247660806,90.78505652930146,88.52165287363133
135.5554873688186,140.04564140351945,90.7400957677449,88.39902259253421
135.0316306019235,139.6466440598898,90.70906880884478,88.41843378365732
134.81793843112962,139.5756129492532,90.68536683577499,88.43139957837062
134.7811444019963,140.1311543904571,90.65698214167261,88.41916182328838
135.52173144211713,140.0291745824854,90.66768798457801,88.4394628376688
137.3106680402062,140.69590180854917,90.697157440134,88.41282062228409
137.77323407405763,142.4308474604289,90.69369080906282,88.4203642075939
134.14713953551873,141.47760899204894,90.67658140811517,88.4119839987462
133.12023696974668,140.84063556619455,90.66377364327067,88.40586029926523
136.17607053919852,141.27546104251343,90.69540059206636,88.3959045026048
135.54424236558495,140.98916663531253,90.7346511145748,88.37611183979841
135.61905243899687,140.65125080751008,90.86335739915651,88.39434689598717
136.19149809965296,141.00496318527038,90.85562237706874,88.40662334913742
137.0915103629589,141.4818167719426,90.94123700152828,88.49484639305895
137.5632061071658,141.54544125197174,90.98926159918578,88.5473814394287
138.47726797342983,141.7130455769546,90.99735085695936,88.5612237004732
138.72113569056822,141.8071752592912,90.98298659369782,88.50175857135282
138.7852607530513,141.78487418267346,90.96257530129701,88.4450153966082
136.9853819599477,143.23432119170698,90.86452114752733,88.46967683887577
137.7837344989479,143.57056812015034,90.75620215187614,88.42144923821898
138.46839730822086,142.99284875442498,90.73373500169482,88.42696140144675
138.61051443917094,142.1805338255399,90.58082710568574,88.45952364909621
138.82151077621106,141.82750497448208,90.58559845731708,88.46282736609523
139.0788104550659,141.52118889380517,90.58801935959173,88.4674097070618
138.53427271016227,141.40614595533498,90.58940248126795,88.49694768744462
139.34092165379073,141.18676562861805,90.57674601973427,88.39671122053342
139.244666274112,140.9289608206443,90.56298788906446,88.33347032540483
138.59670809240671,139.68872463256437,90.56243748854442,88.33833682982073
139.94519772266239,141.21807370770554,90.56678257253355,88.34573922593256
140.9614044447105,141.09817735343793,90.57116305890364,88.40561594033582
141.85408413192852,140.0276087504733,90.5286570494196,88.39708316277755
142.2102890426885,140.3048590557983,90.53296508963771,88.39442373393952
142.02020468586682,140.50893955217134,90.54920993269793,88.3878140290994
140.73872587010598,141.8679976307029,90.5410194105891,88.39872651533494
140.73749494089884,141.46852643253652,90.53957740102207,88.39474399881595
140.29317128545762,141.16546548525145,90.57754058338853,88.42318922895483
137.5453694978004,140.39861402113954,90.59784632016864,88.45194018251087
137.78123203819302,140.49957337439648,90.51509328982569,88.45460089935943
137.97482208274158,140.5454735045288,90.46031543016743,88.45515887361628
139.95841098869596,141.02066308461832,90.46009270536895,88.42140041828706
140.29200431396325,141.3796820153637,90.52512815538074,88.49913169744394
140.42350511127978,141.41797427372956,90.56060823517849,88.55542365669078
140.3668968774872,141.54013015340388,90.56328405831624,88.5495013935319
141.3998142015922,142.6240611312771,90.5701121009652,88.50782466764645
142.1284849500111,143.05366324898108,90.5481211590242,88.48184014680486
142.70042285485317,141.98314286641863,90.53848925394965,88.49173361411657
142.7144997419859,142.2595008807101,90.51550120202575,88.40573676695438
142.74357613743527,142.4425823231965,90.49495443988329,88.3391726905036
142.1413067537497,141.9708107336291,90.4621649934365,88.3285524955565
142.11551602324144,142.36598749960737,90.40589187759906,88.31859053597007
141.6160798020768,142.34952790675666,90.4001294314758,88.32267430698114
142.30970332998493,141.14279900910185,90.34619053424026,88.3701660234323
142.98240654665292,141.4371946906196,90.35634641855499,88.38147837879134
143.15825278136109,141.61796575552927,90.35893701140701,88.3922727211779
140.9942680442838,141.16254404618547,90.35773552165602,88.3963981519444
140.95915564255964,140.2619343822034,90.31024374131576,88.34736777004989
141.54961726971814,140.21430372495465,90.15420683409765,88.29954006316801
141.14159422525844,140.2090572162177,90.15509564569135,88.29322524578349
140.94322057782574,139.5587503776351,90.15093503485716,88.23481260928375
140.8137229131707,139.40434993643368,90.14492626272626,88.18990730538607
141.07780832862068,139.77214724856137,90.05658718190573,88.2133567918817
141.0617595669505,140.04068631362728,90.0654565823707,88.21830935736993
141.05632873398574,140.19748395108286,90.07679187641044,88.22538310298295
140.98244826971617,141.2816595909156,89.92321664750007,88.17330757187247
141.22997949172077,141.88564814278402,89.92319610279633,88.17180228961458
140.90907849528898,141.54360465455028,89.80551410626026,88.155630649322
141.39287850682462,141.90686885603012,89.79466061100786,88.14700844494769
141.19629186169016,141.17838499277988,89.79239127871008,88.14404275866116
141.08082859462576,140.83317049328764,89.79049961142343,88.14051876394953
140.47012917490574,140.20852672601663,89.77095039221267,88.11900631848734
140.561010101074,140.75065101377402,89.74230817577394,88.08180773939597
140.81785913431779,141.19780665060992,89.66364320974627,88.07012731419582
142.22480493493174,141.37971761676354,89.6699161098177,88.01999144914377
142.49439920355238,141.45494177541065,89.61969594362378,87.96490925967701
142.5487217950104,141.4449438817325,89.58075339235909,87.92863982914021
141.68351437124784,141.790859575823,89.5635981649899,87.9700522538221
141.72373810110196,141.8798721052271,89.5614621350207,87.97024393295693
141.9473536344758,142.4452821439965,89.55175395245416,87.96315204372588
142.91046794793732,143.16622634791327,89.59373234580757,87.98150778438082
141.99461624859748,142.2574316312491,89.61190458900553,87.98926219264816
141.40280627918318,141.8756278532416,89.63156287127434,87.99586026685314
141.81102409680994,142.78139771730517,89.6232590949852,87.99030787853233
140.20740506305611,142.36756722711172,89.62178813839938,87.98743835032748
139.50067765733218,142.20668592131244,89.61818386475129,87.98179954257418
140.95463304886673,142.28134162181985,89.61517459555323,87.98978632238547
141.20411314797806,142.0116171154084,89.55040991143477,87.93332015095388
141.74172790119573,141.6111633683968,89.57784185285911,87.8101734715843
142.42470887391698,141.57775666227005,89.5754783218443,87.78244668235904
142.19355770995097,142.07143207156693,89.57093987690645,87.78412299949598
142.05411558577293,142.23661808685,89.57280204996253,87.78854995294688
142.19397265400895,141.95344509244498,89.58703998646565,87.78142075258178
141.5751201414954,141.50824516866524,89.57847242072654,87.83243365469191
141.23566380219006,141.16738486878054,89.5720312657862,87.86671366277642
141.68684531605655,141.28076689680705,89.62451505214852,87.85559153701843
143.30494165482273,141.98268796688427,89.69294188442557,87.85981359724835
143.25395401842982,141.85909635353266,89.66216293976335,87.84827446977734
143.17979161498195,141.66312621639037,89.67820242746407,87.84370988270457
142.277686420129,141.54246345737016,89.67346266109871,87.85009672996466
141.90602108100074,141.50989241337743,89.67052670653054,87.8581352562114
142.624349825884,142.36011920955164,89.74388887506939,87.86938182266067
141.7107886131502,142.26258480249984,89.80678501420839,87.91415988178139
140.23459234570205,141.90694484954798,89.79609717508546,87.90447081479579
140.18007250258765,141.90138137850582,89.795200804233,87.9058621929431
140.692498849362,141.73587778487666,89.8051798272456,87.89239796145381
141.11022897562614,141.5329417163122,89.80445027660868,87.8842043682112
141.113184196973,140.99503114799876,89.78881636375358,87.8636759688309
140.64738397550346,140.9651178883826,89.7897287680254,87.86700180977626
140.6865878832442,140.51089147912646,89.77544141777672,87.87773282917229
141.69438151550588,141.26720800675105,89.77489971811141,87.83546297261428
142.32591083451032,141.36340874891354,89.78679260068367,87.84713047262663
142.64425165158792,141.40485223166777,89.79789755413626,87.85487200176024
142.84409038765236,140.15477831143542,89.78143036228654,87.91552034230577
142.67991663465148,140.50800140973186,89.81434561839276,87.89501327775946
142.5570261366912,141.04595624921404,89.83115615461276,87.85119642784284
142.09558857580063,141.20740914762249,89.89958025051412,87.88058856914553
141.86282973884244,141.4714516130124,89.91991646265946,87.90446782883936
141.74660049177862,141.63931898210927,89.93490680655087,87.92359435000134
141.53661130496982,142.58035374213935,89.93296259908385,87.90915708490621
141.7296273983162,142.24967850807187,89.97278757266078,87.83434885827633
141.87275110640988,142.01890753198515,89.99773611720836,87.80328294896879
142.21237462217422,141.61930918791853,90.05545352676045,87.7973776026664
142.64126676654055,141.86337444101497,90.05487893311181,87.8241449340944
141.92579837422403,142.84506611700766,90.06920573112359,87.85711499423867
141.0801760562368,142.28125720335842,90.06993757207488,87.8656477407087
140.9896350086893,142.1199417395339,90.03054494351265,87.86319490349462
141.15193570311584,142.0249052895582,90.00196551683126,87.86450874949917
141.43724696625247,141.52751882440367,89.97266951538579,87.93987539335168
140.58260907851673,139.8828894365229,90.02400922786751,87.94672555575806
140.75936444456806,140.69649481901914,90.02713021794118,87.9533327870719
140.4442210195882,140.9661758983184,90.01617304363734,88.0299077809421
140.62384891122056,141.5949672130744,90.01633791793833,88.05916571403637
140.76699663241484,141.926415327425,90.01650581109698,88.08547840346115
140.92979664769095,142.0395644132456,90.04376228250622,88.12620565020433
141.2665306296412,141.76962156801437,90.04570030137744,88.13065227229357
141.44544840611601,141.4980396001344,90.04892307376238,88.1375600390552
140.76079906861023,141.04458006779302,90.05009305129218,88.12458364550172
140.92274409914234,141.89563930241493,90.08204551739715,88.10037801847264
141.69186293052198,142.34400933468794,90.04600500530468,88.14915146443411
141.5929068593127,142.2437188972591,90.0548468059041,88.16016672216327
141.5894905827654,142.00221205279811,90.09055799765027,88.17146616680316
141.606170599299,141.8888864381524,90.11407142167361,88.17917505542881
142.05879554694747,142.06226911623892,90.09950402547713,88.16873951904779
141.64411106125317,142.02347543698235,90.08964849107213,88.15249811024412
141.96708623143007,143.02114248742697,89.9820074549531,88.15212251170193
141.7999414594246,142.6067841475916,90.03234746261504,88.12169338739332
142.30075847650394,142.9229069974775,90.03804449874927,88.1301442372499
142.35290042005704,142.96493689011083,90.04554697454002,88.13568680934479
142.45776108368526,141.44565817660703,90.03563902811962,88.12543011429177
142.2122774108153,141.17459034791827,89.98875607641409,88.10890696210467
142.02928156132018,141.02889392228096,89.95299984305949,88.09619197091781
140.0923129187085,139.93404253535832,89.94384710645807,88.11956259894131
140.67770602716976,139.8840667256809,89.907195330448,88.07677483737518
141.14356736643435,139.92196887103128,89.88980747251169,88.08281874956295
141.14131783212972,139.11809915574398,89.89352631352766,88.05618144208
140.97754789564596,138.74975265991904,89.93994626218546,88.02204710451161
140.7699375983451,138.2163943535973,89.97041440864679,87.99251272411665
140.11409954632975,138.23454783712558,89.94434941024905,88.00228220691194
139.127703036203,137.94633768803516,89.91029803452955,88.0463461144636
139.64337227295158,139.06963334652224,89.90812491475576,88.21081089305378
139.35971428297015,139.47623635798598,89.87674945870488,88.28574211308481
139.59439505537205,140.10407293022098,89.87233545610592,88.36731563362152
139.9199396507868,140.51973317772274,89.8700000199399,88.42374220493802
140.6112595233674,140.41752759804305,89.85055115385519,88.42299344994987
140.92116136866593,140.43349075715403,89.83780100115496,88.41215953680567
141.06140745013386,140.43902482134922,89.82946550119814,88.40230550007877
141.59758735927173,140.85876806669293,89.8167007561053,88.39532635385791
141.0192383211944,140.7173681327706,89.7980167102205,88.43421470424914
141.05714406748422,140.83868670894395,89.75337636976253,88.38559754101523
140.17746047364517,141.1397291060862,89.65715152322343,88.35284911442548
138.3124172898519,141.80479758524316,89.67239684585911,88.37640855868248
137.65460881817194,142.08280035476312,89.68642840089284,88.38827150092216
137.5015053197307,142.1416308689743,89.65885914204418,88.38271940011103
137.98094284998626,142.29831812657557,89.65208717508024,88.35135701010627
138.22342193631323,142.24116832597434,89.68300221673718,88.27651895530154
138.6385296262865,142.7943142563807,89.58363125112041,88.2773373538811
138.54891618237247,142.18730885916858,89.63015161749668,88.33403777162287
138.61491242438117,141.84787407421075,89.65070589122493,88.36114964918661
140.28704704593213,141.49107371853492,89.64989665580963,88.2783163714728
140.9932130687465,142.04175129777963,89.64834171098693,88.25458435974512
141.23561544400889,142.21010636603378,89.64622611863426,88.2334204860003
139.98646206595117,142.05698574116073,89.6655817293811,88.20702208478194
140.2297608958142,142.2548539534292,89.67012064528119,88.19041432274804
140.9738837553334,142.27621955157986,89.65132700849712,88.16787105672503
140.77759026086184,142.3435982749887,89.63678804727472,88.13759518547916
140.92548671119377,142.38024838887816,89.67559106217963,88.18270108484306
140.9897378934868,142.34604024415046,89.70948077994157,88.2193923898005
141.41385689803872,141.01026009441958,89.76950957342395,88.21915906744196
141.27999801318273,141.16394979251444,89.72049586242649,88.18792418825721
140.39712434671543,140.62653493212622,89.70247858198397,88.18418065555437
138.7016201176513,140.1545694029595,89.71589186244626,88.1807564527876
139.2442016975716,139.26435378797797,89.58548502385845,88.12207295418196
139.54423767380965,139.0337323489961,89.50034816731952,88.08189799003064
138.86196316061495,138.33877708073223,89.51091037943809,88.1129379676631
138.74008448835895,137.7872428253858,89.59748252974256,88.18071403754072
138.69868504215427,137.39204582557574,89.65122184437092,88.22618724690169
138.7350470165531,137.56006782108315,89.69475783796324,88.20587670679613
138.7924908339569,137.80648590276786,89.73026335199344,88.1891333044545
139.57834825432994,138.23250413565023,89.75341186318863,88.18978166644034
139.86075966242606,140.37248653559072,89.80264100098788,88.19977178001412
140.43060560030537,140.49869873045205,89.81297064821533,88.19700656840745
140.70530982742991,140.49951201073029,89.82719479347807,88.19554312868947
141.45401834397336,140.79883615753758,89.83038383344962,88.17761642067997
139.76675986690057,140.43760682712707,89.92563667980133,88.19799722109481
139.4438267062193,140.5547588690329,89.98517067936368,88.22672373004829
139.9471620917427,141.88350270606574,90.07644113240706,88.22217521232886
139.76047007520071,140.26630128186125,90.08327729526626,88.22515753464054
139.59768874871722,139.66154914944948,90.0918292181817,88.23009655892089
136.4433266586222,138.3783290660538,90.21149870714048,88.2516320731604
138.96999384251063,139.49498112637093,90.20690442784917,88.29489083229237
139.16939461074205,139.75889276472728,90.39724663926884,88.4070826063482
139.70163126357502,139.83507250760957,90.41161721227456,88.43105656211411
140.03693317674006,139.9026751959175,90.4218889186809,88.44958260109203
140.28512746184165,140.57044519163904,90.34558296743373,88.51442673626582
139.87832766984468,140.53705542874587,90.3394801058216,88.43098930103599
140.10914481001808,140.78645050671093,90.36792568135053,88.43267099069446
140.32003989312315,140.9431539975044,90.39149968904506,88.43488332191272
140.39677600265705,140.65512896096385,90.3594815827166,88.4628688689583
141.25754218763294,140.76291810779477,90.35972982453484,88.37825273258191
141.00977533903833,140.5814105880343,90.36050342933844,88.36362472820313
142.06186517991475,141.32830149676698,90.37591245110832,88.34132981455451
141.93484402382492,141.4995448298084,90.40530464043951,88.3043233321361
141.8453897365052,140.76981328639621,90.44265645190961,88.25544834651396
142.27758170347644,140.6154459699791,90.45658192434809,88.24853794002021
141.21576036706395,140.55364038957674,90.4670353534916,88.20991477842506
141.70309178808355,140.63329478921608,90.53016316451748,88.24802229248232
142.3576139926162,139.90053758931964,90.59880626680898,88.25586170372229
142.1317983512058,140.80629728274263,90.62754655792907,88.30057808526986
141.98789865158346,140.9513496402302,90.65891392301047,88.32072263180265
140.83891908360266,140.71016165041218,90.61053948157772,88.32656770071337
140.45498084493641,140.488937392134,90.58167953684867,88.3306517037263
140.4832447146736,139.87979639885293,90.61362811822113,88.3234247305088
140.83463455111774,140.23100245276217,90.74728746960503,88.30590450034596
141.1399788285966,139.39014853527397,90.6579824535011,88.27756155947671
141.4195780817555,139.22484778000518,90.6112607372194,88.2492622212885
141.9553317911785,139.77008301650156,90.6250416161814,88.23549462048736
141.8461561862065,139.37963003279626,90.62133996367697,88.2187939534459
141.67915865540007,139.234226396025,90.62277399335366,88.20893457439482
141.64965467587132,139.39944217902365,90.62371785431665,88.19626453191255
141.63076151091073,139.542770623887,90.62304513223816,88.18879789815529
141.2526933354043,139.9137669095144,90.5987878582165,88.18266027606916
142.20264711491976,140.1721987903844,90.59242239212976,88.15295861913316
142.08978820812882,139.91122445135719,90.65288332578015,88.14621286765099
142.04112692009662,139.78603966110128,90.6946296384252,88.14145465839407
141.93770646694742,139.45107335327273,90.70080091150844,88.14106797101198
141.71489377375943,139.95105114899428,90.72620480698578,88.14231486604623
141.43955094372834,140.34700824435734,90.75043366887662,88.1410625079734
141.67968198761193,140.18563014955666,90.74024562685689,88.16554504366222
141.77177418289895,140.0446987058608,90.73113914425669,88.1848572683071
142.25399127349883,139.90524908851594,90.71828778406227,88.29867714938199
141.92150817517964,139.39719511490438,90.75095176847515,88.36861948231287
142.41356404197796,139.12700574655287,90.61588925974337,88.33490676245877
142.69140758205486,139.08536617762005,90.55554089810093,88.31372503701759
142.01289891883698,140.15118300223753,90.55262378178058,88.38177698390093
142.83194003304388,141.16953922260055,90.54467085517915,88.3762945567671
142.52043637006818,140.94060528291922,90.42005581930442,88.3852268196682
142.78465730798257,140.97470572642027,90.43380316217953,88.2617406615793
142.2893053103376,140.5583618955888,90.47712073745589,88.28174029177286
141.69274766008817,140.4390091959186,90.50275756317926,88.2947416306258
141.613652865625,140.910808620225,90.5063386194375,88.28694453105858
141.7645330743639,140.65796366771252,90.61453728659595,88.24848110009437
141.8996071294742,140.63955239993015,90.6833275876965,88.22124501841198
141.4155358702756,140.68536811384692,90.71758449835183,88.2507331082384
141.09329712526883,140.5861100738314,90.70834146930304,88.27500412332812
140.51539149437113,140.5387825224703,90.60938773241453,88.30849348239049
140.44983232861946,139.8036495112046,90.48343970968862,88.3005588075555
140.70168207269066,140.1539157990241,90.3952766578136,88.24776545799102
140.99878201489778,140.3861437601128,90.3275871917866,88.20892164740769
140.12834276996313,140.44964086443628,90.21483003153052,88.26807094669513
140.24578217692977,139.77955605009097,90.17823425393776,88.26244872463046
139.81036067005337,139.78669751474354,90.1501353844777,88.23452749913679
140.00619626310186,140.23515901532187,90.2162293584963,88.29568110772938
140.20359250378547,140.52389853270603,90.26115791377033,88.34295313596296
139.8101703773645,139.69413058337722,90.29670925726755,88.39746529874098
140.19969999467003,140.61714505038037,90.29131410597724,88.44030366539738
140.43109843223567,140.9468180439766,90.25149165012057,88.37470965099223
140.48521517682474,141.03942764555873,90.24172201478488,88.31876241884589
140.65399289222054,141.14795730039714,90.2899170012754,88.37450912680136
140.2555385548311,141.24162946488892,90.16995266536476,88.26227313221536
139.15683427702567,140.72701107583634,89.9650985108196,88.2037653334499
139.57113382762086,141.4764333008089,89.8859457414788,88.18240600772175
139.7041745011095,141.77878389048828,89.83967853822358,88.18609366902209
139.40552293882837,141.5803951391734,89.69259593289065,88.16724435423995
137.15809332028505,141.07237226933373,89.48793519930581,87.92066810313119
137.45146418295604,141.40947790210947,89.4488233734392,87.8460334154177
137.33566395778377,141.37174966791795,89.53435778054917,87.53608854396735
135.6398915891119,140.4696526445655,89.45244527056529,87.44354644668877
135.1158349433921,141.41276363063537,89.29017755844173,87.2893899898031
134.51283707052252,141.17858463520875,89.18246557195856,87.20189997508163
135.45467608444076,141.83932390364149,89.22428705693021,87.20001135457817
135.57856101376996,141.792738083669,89.20085265694617,87.16887714638241
134.84345942403056,141.63087676687238,89.10805163097383,87.1250152804232
135.14754046699082,141.7758216638429,88.87800304594472,86.91555248612309
135.0784796953598,141.63051598087057,88.789177815194,86.92432661004959
136.1515695997501,142.63489302714947,88.97605323352528,86.91633594918885
137.63747988005025,143.15476190515383,88.79364540919958,86.83764996574038
135.57565215826878,141.41236021066436,88.80102041285276,86.8825698940426
135.29341130863523,141.376542010977,88.80532250230866,86.86184926487921
134.95803116892176,140.89432934561168,88.81048754902072,86.85385578600058
135.0635673475829,140.73008320414297,88.80598258866443,86.79986416319743
134.88170704168974,140.34048842227938,88.79907811015038,86.74160399999228
135.3327833020237,140.74755278052348,88.76879951980375,86.71004046564343
133.99481966194742,139.4627043967803,88.7548967185243,86.61902869520547
133.99795609141384,139.45550254140431,88.74147063061979,86.54848769193777
134.02501253487637,140.41159523002239,88.73272389231158,86.52886349019761
135.45600567427513,141.81765889868157,88.72206496824403,86.4839395679112
134.62035893838382,139.63329096301965,88.75161550263176,86.41556557619744
136.6263392387444,140.22723689644496,88.75418059571003,86.5039039851305
136.63536731667105,140.57603684685668,88.69342624226795,86.46906066043091
136.7017413445641,140.55111926715605,88.64295717602239,86.44364762760937
136.25388879355637,139.50827232994385,88.65098233346866,86.40446701904216
136.30124271851707,140.01170882435994,88.35896531948924,86.48238308555138
137.8280069017477,140.38680825649791,88.40825642005535,86.53793273146935
138.36751369447686,140.6758679273655,88.43986037175928,86.54983618578993
138.66173689065752,140.87260266487124,88.45727338441768,86.55970297248217
139.8354767892788,143.67949945389523,88.5066846495919,86.61307993237406
139.54902771403238,143.25536392414838,88.61107884989391,86.82620541427058
139.29819001693087,143.29433554027034,88.72373944112425,86.91648842369376
139.15873835384932,143.28987664558488,88.7935132485497,86.97548168879848
138.8790805790906,143.35372606862623,88.82549755074801,87.09370227477031
138.57390593578103,142.3432911882028,88.85120551049017,87.18693434486498
138.14664749379563,141.770520038722,88.8896457357945,87.27025771999075
138.2048022395522,141.96244183991612,88.98214976011916,87.3886113975218
138.31543198248772,142.0944854650559,89.05312387468938,87.46562367551174
138.2068509118718,142.01298912147885,89.1286841798768,87.49377116378162
137.908017456333,142.18435370187237,89.05231001122934,87.48014275248275
139.23065288194698,143.96052875150178,89.12732939460636,87.51971636251032
143.14825667980563,145.1269417644095,89.29323269355109,87.53509451082003
142.31189027501742,145.32165857556345,89.40408505266066,87.51295709804747
142.07760730591787,144.62376745070702,89.49944671382097,87.53764622810863
142.14568282923588,145.22365651863652,89.56952515977368,87.55778242735084
142.77740935600013,145.0761962949028,89.61059684344912,87.55203981707159
143.24676423976516,144.91149268312464,89.6577928751867,87.54960674652283
143.18988521114403,142.70760557329223,89.65599459843624,87.52043371564935
144.03312052573273,142.64451613918558,89.62933153535643,87.51839603663215
142.74219446066758,141.9587894633276,89.68554844199393,87.76423624346123
142.0124760157881,141.0680228826194,89.76477334845315,87.96689484880791
142.9082458608225,140.92902084112836,89.86207362050285,88.05877952513602
140.2303181999673,139.2122326613027,90.00556618916806,88.0935731180619
139.44041455799544,138.70762995324841,90.09166773001212,88.11177607890883
142.09160951266847,139.60779271695117,90.18813823394238,88.19100565065159
142.74570574363784,140.1043144575937,90.26703028253095,88.25968834698861
143.1208183954435,139.71753691346487,90.26746730049028,88.21624842363597
142.9095266216829,139.32010074373224,90.28304470282313,88.21156581879394
142.71608342359286,139.51307843502448,90.05282752911884,88.2054731304463
142.66225147008686,139.66306685060906,89.89969123552109,88.20062676708318
142.45895092229142,138.3341640897848,89.97070103203504,88.20044411350916
142.9301721827227,139.03295857847044,89.9639294563148,88.21132930792426
142.42680101072108,139.34205711384266,90.06921583082345,88.17979266493774
142.86843658412758,139.43034696612983,90.08637343395539,88.17156081114521
142.7931308344352,139.68995278837775,90.10489564453185,88.15542819124784
142.4462074346643,139.78170823613772,90.11012599626244,88.14627922477786
142.89316183942452,140.03610551201237,90.11232156388705,88.15113446560625
142.93289607702812,140.22968148854133,90.11186140499314,88.1734621607391
142.84349963991883,140.26851248934872,90.12089576561426,88.19621404325879
140.33120754803883,139.73700990580713,90.06344894207245,88.1781628093711
140.68014118084585,139.75154450040233,90.11976217629058,88.20171922557792
140.670332807337,140.0890699394388,90.17054044887324,88.20599987203713
140.6143366604705,139.7341949759977,90.25073889679157,88.2940106698973
140.23989680345812,140.09454045572747,90.2550016991354,88.29520204083833
140.05710683007936,140.361894294469,90.25507583692583,88.28799464716678
141.2293000246585,141.14789411249225,90.22670293789194,88.29017026206414
141.14977726406164,141.21981793262145,90.20451304246825,88.24107385731821
141.42995755764795,141.52318536431378,90.18099063179983,88.22238579297746
140.4777430665151,141.62737166150825,90.28987706901486,88.22687444677686
139.8325702860721,141.48445943717658,90.37740962892288,88.23128342763353
139.55815464648504,140.9719736696279,90.41867768773758,88.23217892415748
139.82141398223544,140.73907462011124,90.43472965312044,88.22378319811133
138.6302272887666,139.80927313999194,90.24763290972228,88.20135660435672
139.07259695938342,140.47819624949784,90.27254086315075,88.20887494417022
140.10548065985643,140.51399313784273,90.2904692153615,88.16729595411869
140.31362898534246,140.69688501241313,90.31343699806733,88.16608584749869
140.25676371467017,140.76952917527515,90.34053979728925,88.16552699576977
140.16920900856724,140.36464014085166,90.27566255943728,88.15852355125539
140.0353968136445,140.02949830297462,90.23872623167861,88.16873506472237
139.03443721868305,139.38892710721,90.1884040189168,88.18323769205483
139.93714786650648,139.6088993917069,90.186935427217,88.17950570750732
139.42952906928986,139.98692570891814,90.23352239756792,88.18825389158842
139.1714058742462,140.226074810301,90.26859985550385,88.19264586203252
139.16410663359852,139.80445010273615,90.39132681146585,88.24152779487564
138.80876096819915,139.5548642225512,90.35512123977544,88.24920525215404
138.59208813070265,138.40944247104008,90.31774941862636,88.25438314756535
139.22727623896103,139.26061013387215,90.33645979462513,88.22440539416174
138.56896300871875,138.6978158538261,90.38622312159472,88.22548033500607
138.3396906990883,138.49878086929257,90.42067015914861,88.2285834335285
139.50343619964454,138.80629475241423,90.49179848161397,88.29092989808304
139.60155499258852,138.84335664106953,90.49686673790623,88.32963965507243
139.75571044819355,138.9074103863443,90.49988458275166,88.35674485320762
139.1339051624374,138.59737230488957,90.31027887337517,88.37895057321126
139.99892959367446,138.74321698090037,90.27379474752765,88.3005159601892
139.83706491437934,138.46223610759012,90.34248586177037,88.28509935436823
140.1509888890932,138.4229257996257,90.33890996258268,88.26291461366831
139.2657982988913,138.00555152375702,90.34294704142478,88.27400488323487
138.67446291747015,137.68726531173255,90.3458935521842,88.28278580030951
140.29733944156277,138.36289089800846,90.24775704595831,88.20711082109064
140.10533918770398,138.3836438912579,90.1347010182942,88.18766177544273
139.0017082030573,138.59229957129293,90.0541286873147,88.00754579966453
140.23895165352687,138.41476255448242,90.05059789430958,87.93395439581498
140.94094875318544,138.36570895717304,90.04532954267296,87.87037066178866
140.98594472845875,139.1101962043878,90.04286392532867,87.87181933196669
141.70170121603903,139.99177447381115,90.05943608155042,87.86550755719976
142.57658838953992,140.05954419168768,90.0503806142647,87.85268954633098
142.73916083851324,139.94941069060044,90.04182465536302,87.83991402433153
141.33122375482205,139.5786845318114,90.05180530721933,87.8362972747812
140.68258613453855,139.18022549725296,90.06657108572499,87.87592848256779
141.0228799214729,138.3469254084869,90.05725084374815,87.88062416508193
141.3397433436233,138.77252067929822,90.0651338644573,87.87208723521995
141.6808646936937,139.1022864497771,90.0746585606236,87.86336616825173
142.28835348291057,140.31031937004838,90.07781915234982,87.894009345408
141.82119479669814,140.73859879281926,90.12509735107335,87.8975581628491
141.22439197702334,139.47132665364924,90.1687904991173,87.9712566076848
140.71959005702743,139.1438797714323,90.28126465972093,87.99985573814939
141.1061868932386,138.69581782944098,90.2834954054863,88.02545739947644
139.26886283453882,138.65012812193433,90.40830215931616,87.98276547958015
138.60097395300343,138.79767958346397,90.4807292182346,87.9590743544186
137.73281641411054,139.1129698540144,90.49112800173262,88.00775283951926
137.5986486949253,139.28135487331355,90.50069677226638,88.04553841995624
135.80182267742939,138.51053689916887,90.46765111909619,88.10921615630315
136.73698617875021,138.16354464838028,90.4108362468257,88.10480424770557
138.61871891172427,139.13824397520392,90.30782643202723,88.05890616587975
139.51254351198867,139.46902310262774,90.24171209533037,88.03301945043498
139.80678223891383,139.18633080442183,90.25102990711807,88.06350139807
141.62820690955496,139.4221582775283,90.31789603097174,88.1791818216505
142.47670902746742,139.55460065967398,90.37279696394874,88.26127050856637
142.04603481390484,140.04112106897344,90.37472860355929,88.25026262812614
141.84213040767222,140.2056910374687,90.37350352941841,88.24136199943878
140.13034068263337,139.45846419923862,90.34885102270303,88.24678306854814
139.48278185530845,138.822387985072,90.25309168392933,88.26200612111272
139.45513591312343,138.67089689262048,90.21404144405295,88.26022225023553
139.3780121392849,138.65163100849668,90.192617223772,88.25782188437411
136.70500681228776,138.38330495437884,90.15463837873823,88.28064479039166
138.06280858254735,139.2465616272509,90.09306815955699,88.26136699140697
139.80880961528283,139.46263176384835,90.0656231100289,88.26073492956914
137.8319897548912,139.6881834441939,90.07750583000517,88.17470917602547
138.27406829795564,139.97525575701766,90.080349766635,88.15540622232214
138.52259289357588,140.109867951551,90.08093086446888,88.14079704275774
138.54092471439455,139.33311855710184,90.01876245859343,88.04767562772489
139.29676956462754,140.12664474941516,89.90921012807827,88.03182711817203
139.57378045196168,140.4855984990996,89.84472602969888,88.02002246999564
139.5362408998639,140.48979080105104,89.83585644130753,88.02686754212253
138.78785440591403,140.28373889752058,89.81893900301709,87.99864972809227
137.842494920878,140.27433099469314,89.81556610948878,87.92040160220797
136.1422308007647,140.0509719688297,89.80417568890829,87.9351788847684
136.21933577284193,138.5336800793581,89.81081910706494,87.91420510959192
136.22097464972836,138.08428657804012,89.81694021214447,87.89954921901511
135.63509370363684,137.6628420657255,89.74900711366205,87.91736720409025
137.42876690312642,137.77672901365585,89.74887217117188,87.92645670969465
138.3104100575697,137.94993759711267,89.74983851983637,87.93294115728732
140.18777341455336,138.60411646846143,89.73998730682477,87.95357668283461
139.2736272743866,138.5606628574154,89.75998996545952,87.94962932588031
140.1389931340217,139.23687378508194,89.7604549302442,87.9221988225473
140.95908502753957,139.9108967452951,89.74456009599164,87.90816473274788
140.8560894569939,140.34701919625073,89.65481926891393,87.85905008320776
140.53341167867728,140.6968586752021,89.61072490473516,87.83892229372117
138.5742631346803,140.57921164154294,89.61792895579804,87.85035657347034
139.4632332676074,140.5958814640593,89.63785964714332,87.83922483775957
139.2080082528958,140.16301998981072,89.64825990741868,87.83465495003975
139.27793230065902,138.85712730868042,89.67754114370855,87.85434786264405
139.05480925950434,138.1424273077552,89.70201190265371,87.86721866863553
139.33446004198316,138.38057725335347,89.742522226845,87.84554973078656
140.7956538792381,138.65065728078218,89.74822678115054,87.87786814761004
139.76428317155745,138.44520147319054,89.85100444902177,87.91459254481329
139.53610838670534,138.29402505967252,89.91474212091885,87.85742417481815
140.7203347230787,138.39766271037632,90.05165781858346,87.92197356911255
140.77985363224732,138.8159046508753,90.07336034528336,87.89905767784587
140.7160484222894,139.05285866895483,90.08638908487524,87.89033369619355
140.76419643302432,139.4137099702675,90.13899488025181,87.9302550324122
140.78113518248824,140.08078314499264,90.18511004632579,87.97454258303402
140.8045703593539,139.92586595708138,90.26229227427271,87.96976165745752
137.88814673620345,138.60448387248337,90.24543313525994,88.01429271151859
139.23166641071975,139.04052094706554,90.31437630012509,88.05693975603877
139.7202618816233,139.29246325750762,90.36245685311414,88.08751581578338
140.85123866937136,139.32600301457606,90.42484034415652,88.22718263709821
140.4728331650062,138.82781232774505,90.35028687079507,88.07324643009655
140.66530531531237,138.75807978903623,90.29948012589345,88.0011441121402
141.17280091780884,138.89705335161372,90.17226564534309,88.02620392804141
141.53659757492812,139.01573953516058,90.09274405077973,88.03466893046848
142.08938517425435,139.32804609060062,90.08695699477221,87.99289654215265
141.5812283019623,139.00486328150225,90.09405713373611,88.0722958348779
141.43647076194168,139.02779455121174,90.17309725036138,88.153137995897
141.38531491145557,139.06589518389035,90.2545649753598,88.20241163634076
141.82552723778105,139.81789787082863,90.23213296376954,88.17178259255934
142.08117579897717,139.92869985754064,90.3032352843009,88.17287391673544
142.19306784915315,140.04264817671003,90.34860924527034,88.17393319350566
141.9542231974659,140.02541953418068,90.23167012180444,88.11231061911998
141.8566519489094,140.06521409049358,90.14155572553594,88.07609010975717
142.27818764225947,140.03517256483028,90.16783010174221,88.118024389411
141.90991068351607,139.05474979510862,90.18267997494324,88.13172654060232
141.8242803542158,139.14426057317368,90.1792464877258,88.12145648896669
141.84903086685506,139.26410495075604,90.17983423531014,88.12065797369699
142.43100241778168,139.8224471650026,90.1812370360702,88.15317965148537
142.33328522129847,139.3631760918376,90.20400908033552,88.18326397101357
142.18226261361613,139.85169938695688,90.22907311299258,88.2267983910561
140.79356097968446,138.9449861578923,90.20518574177831,88.23536436540016
139.69366703287912,138.89922453155012,90.21480839040109,88.26414371060932
138.9343692283645,138.7779754203798,90.22657052754889,88.28902210602247
138.23894251325027,138.3214885102506,90.22683644852083,88.37360824989398
138.1119724348494,137.88064734699202,90.33783671676517,88.48066952174842
137.92788176671044,138.33297517504704,90.34783761259222,88.48270259916893
138.02276518714734,138.13165159865767,90.32919270709607,88.51874582248719
137.9912220115443,137.96338682149926,90.30515086402727,88.5548497583838
137.07873201299782,137.7332555447251,90.36129039057677,88.57474535592722
137.49910821056903,138.4635335718017,90.37730231849007,88.59542771943607
137.94298745488496,137.99766780734873,90.37915919423654,88.60295249360509
137.37341686722766,137.69821759273606,90.40923488061803,88.60969384243568
138.22680217506564,138.25082588323355,90.42369596527556,88.61136090329441
138.33319689397263,138.2795909537821,90.46519700679757,88.59961296813727
138.3779698189814,138.29174756340433,90.5026063606463,88.59919832010833
137.94019729662622,137.70986060865252,90.52855981182925,88.59032740573208
137.75731460146451,137.42724391462315,90.55050865911049,88.5831446573518
137.50687548828154,137.55883170502716,90.67904131132342,88.58283604839912
137.34992228687904,137.79207203126245,90.71675056637716,88.60126613258987
138.0396363755087,137.99346691824408,90.71669107241708,88.62026660772497
138.46543149201418,138.16092217721135,90.72660840776435,88.63743606575633
141.11200506777075,138.55259595465495,90.61944366358502,88.60441149301407
140.13267179358584,138.57042318390185,90.62656189814994,88.60274053780344
139.62660539862793,138.550816523805,90.63370413715185,88.60314752412222
140.80133195193972,138.98336404161424,90.66252620736509,88.60476952617411
141.35638984007815,139.37186192500252,90.69606807526462,88.60883070015291
139.66972005086484,139.51041850938267,90.6544368001761,88.61547483548999
139.23452289380245,140.10542174200407,90.67100471083134,88.62378842696134
139.13594483849621,140.19231879664105,90.65857000301322,88.6333324652331
139.1067474442741,140.3955754261234,90.64015166603863,88.63592813942567
139.1628976612952,140.14501660894126,90.65854598227133,88.65790228258895
139.15207198417778,140.11916326527106,90.69313206614285,88.66934258812759
139.1577902184204,140.01448308765796,90.69292088701864,88.66124742929605
139.99921325230264,140.22777648709467,90.70415726732612,88.64831952144633
139.28153241066295,139.39083699070738,90.71995311157649,88.59215324243885
138.86537218404115,138.93033579310367,90.74007761744025,88.56116997961819
138.4831102227126,138.72631474294863,90.72926304130846,88.58435180475631
136.238943904753,137.80679159671962,90.67783518325577,88.5910654981591
137.6850760691446,138.43873615065425,90.67386022593944,88.59174195568403
137.20011818917035,139.15960753084948,90.65098240700739,88.65007975910878
137.4222352812641,139.3376325875537,90.62636525904449,88.61826283095616
137.3646530699314,139.3146632057268,90.62394182034676,88.63849056277473
137.01036161257596,139.55708480269175,90.62904568689491,88.69919282988374
137.2532165546773,139.56281762281586,90.63091810644644,88.69174530229009
137.54106867654184,139.63398411827782,90.6319059056296,88.68536469279617
134.76235185552565,139.28008614084257,90.68477371078455,88.68351096599186
134.1193748453296,139.0294512749715,90.70588261096066,88.67669171284066
136.67083498557713,139.3046477685219,90.6527215382878,88.65616519419964
137.69179461484157,139.79356850501787,90.62301818413519,88.59663757328572
138.02569749856002,140.12662866532028,90.57155406504177,88.54899039592053
138.19633925493596,140.31112194057712,90.54207439278086,88.51397554457489
137.79170771485371,139.45079799706983,90.45590567366973,88.5128800450005
137.66421093816274,139.7654484574362,90.47043531116742,88.55434169087695
137.68033097561542,139.95370809251492,90.49431320548081,88.5882808286545
136.75828471289142,139.18672964105193,90.48764659676345,88.6099416849662
136.4064683832173,138.67769107118187,90.47929985029563,88.6220988568315
137.6757099073086,139.17274618705832,90.25629328426047,88.57720971448386
139.40246215547495,139.49290873098778,90.10038475640609,88.56720847154584
139.36418972012663,140.66581666975625,90.12195617885324,88.54273990844948
139.2451012261315,141.0029598391046,90.14150348464592,88.52412805201487
138.3176412584559,140.48881451397813,90.19989098679591,88.53347972465288
138.62089470796116,140.18537925432207,90.18290000564622,88.5089090773755
138.31656776459997,139.84291258242092,90.12060849291714,88.4517051039275
138.15522646058122,137.73102566920247,89.96682885142093,88.40730529861611
138.01186433267708,137.9474529551961,90.082377947133,88.41887937858168
137.93523672532802,138.023028423406,90.17056530325492,88.42830994196069
137.86223150730368,138.38588854168347,90.06864585367613,88.41444747987495
137.63799886991407,138.75162074001662,90.0254389130411,88.34417987451117
137.2482399368785,138.95814544936954,89.99391229197771,88.28762370340701
136.62053735268577,138.73864819952584,90.04481424984513,88.34288797149284
137.6343625178074,139.09964806047577,90.12025847743135,88.3135083334922
137.66656831804684,139.17420750918015,90.23284979825684,88.33202951788151
137.8379355329279,140.4397743577302,90.24254636680571,88.34630259487774
137.0603945918527,140.2229848301887,90.21061707947418,88.2664796733526
136.58133926343382,140.07758212262868,90.18469473883043,88.2049068599079
136.6570199049857,139.71580392947135,90.16159864739504,88.21047860929654
135.80836104091597,139.53988872083374,90.10523159862295,88.24527290767588
135.3876671476769,139.42491222949783,90.06640332459042,88.27313691789824
133.9219180939804,137.96611849103004,90.090388166151,88.28552850136181
134.4151076953208,138.54642831087003,90.04894722049836,88.28366832584096
133.6051609968078,138.1598625242478,90.07193268469908,88.32140056140366
134.91598098334805,138.87164785007258,90.06817389987731,88.31915094823823
137.03503415748528,140.014080155623,90.08550272562103,88.32520558461054
136.72067349339687,139.8670981852821,90.1158273668158,88.34174462138381
137.0931199581839,140.01101412333057,90.11152175162717,88.35111823901741
136.8257678920195,139.66398902207763,90.15238415000127,88.33091216921903
136.89067133743362,139.5157298874885,90.17409740298896,88.31825246567907
136.87592782132643,139.29727452270401,90.13920292903256,88.35042190655383
136.82804178532032,139.2575492650326,90.1118174674153,88.38566907244709
137.44994687536507,140.88080377086771,90.11299953459887,88.40598534224159
137.2150984218936,141.49641950154293,90.15307868410977,88.42030646978266
137.52507492418812,140.86674085277582,90.24323077135615,88.42647675696185
137.60206265057607,140.66752622595777,90.21726553957552,88.49679523241275
136.7406923086275,140.42064806399037,90.37211560692744,88.48942806453027
136.32937356564528,140.5275688230999,90.3409521332519,88.55318452488648
136.27626301212095,140.61451475735637,90.31803024819794,88.60103861357173
137.56336210949613,140.11434047997616,90.2925669192092,88.64918387446842
138.21627523258428,139.45052984485142,90.26280949226229,88.66496552164833
139.01907513487666,139.33947607623668,90.21995658190242,88.64358535623322
140.0690561287516,139.04320308468496,90.20773081161425,88.64541674004062
139.053280469988,140.3690815524728,90.23275478919207,88.60611806432644
138.72121193638324,141.25871422004144,90.23560506477739,88.58215196558352
141.1810018460142,142.31908584288865,90.13373712060005,88.56157426247042
141.04560573525396,140.7920398876087,90.01506550968264,88.53064133708304
141.2840481297319,141.16533864741606,90.16561656189387,88.52734010552449
141.65440636454835,140.7875279662723,90.15548588860345,88.41432273950021
140.16008107840187,140.43601815850698,90.03406944871976,88.39163930272062
139.5200081570984,140.60266743606783,89.93836930489717,88.37016908302333
139.69720915001687,140.20213499492638,89.83259214667301,88.3484268833838
139.77890637701915,139.71886856031838,89.81849458943775,88.33484951526994
139.81047449649304,139.5951580295425,89.80900735296163,88.32373375235993
139.32094986223228,138.9579191431017,89.78827555900791,88.26210444431143
139.32378319456436,138.49513315577377,89.78609550803142,88.220150242305
140.19717890729098,139.36883634089486,89.84026967245578,88.21518562371824
138.8590232796194,139.36902961856975,89.81611991580135,88.16319415193047
136.35376863672928,138.70686478827872,89.91599540789383,88.17633161451957
135.23564214921257,138.51746915633993,89.97531252561471,88.19180035239275
136.38104184675612,138.57860592163038,90.02597235597085,88.20125063041426
136.23440701466396,138.67780196815758,90.01791704703577,88.20892240168921
135.95149445013215,138.77353005165585,90.08271666804097,88.28075781361107
133.8794066086596,138.76361923487346,90.0830433484544,88.35932526868095
134.15937274779245,139.4184686637365,90.09180353583115,88.41055602109539
134.8166010212279,136.68407184022251,90.09102659350765,88.38491354442337
135.7181499076044,136.86410106078498,90.17859905059083,88.39011023061809
137.75518168201683,138.12173087424313,90.19248448228635,88.37958454039436
138.0679922504834,138.15301965919704,90.19105571898389,88.36572793504078
138.4005560646304,138.63410276945632,90.20057510524019,88.35942628157585
136.99226073583603,137.9847523168119,90.21715997426794,88.36190639017144
136.35742475647686,137.65713683626487,90.22786769427513,88.3642617018301
137.5654215220146,137.92688491576658,90.2355918841583,88.3587324827728
138.14892775042497,138.10717571546792,90.24280759318204,88.35433551460126
138.1468244761533,139.44216432881993,90.26416255607828,88.36518808278214
137.36548207231172,136.80192454954383,90.25008008829563,88.31119163336542
137.44218239434386,138.21889176799183,90.27347348657905,88.2784415246838
137.44605455406673,140.41910383757678,90.28228805268569,88.32536362706482
136.54206225649722,138.7453309808516,90.2927017414902,88.31080745034781
136.33321130909502,138.79820593548249,90.24227723444383,88.30242705191702
136.10737343961915,138.87991505377133,90.20438010361946,88.29613657801485
136.05907093058536,136.70043097471,90.17328872855043,88.24624237992754
136.02204472380987,135.94412565589974,90.15060198759956,88.21001009816462
136.610194996651,136.68462048634112,90.135065803592,88.10284676895112
136.44914105189022,136.32987652552117,89.89788764189923,88.00013594976312
137.2223044408835,139.23002733874483,89.89613327426996,88.04564118044067
137.60055510459563,140.102799940373,89.88938738150587,88.08188058745401
138.54315738556966,140.17922794389924,89.99311874362833,88.07796261295596
138.53617717364034,140.20125242178045,89.96654949076859,88.11615861944108
138.5361518173566,140.220146591058,89.94162090993864,88.14651516580858
138.21117320968352,140.0338082197615,89.94084884417154,88.12396938103454
138.1736331138437,139.97704523592327,89.94229538083019,88.10696380213403
138.57825542448123,139.94269151953733,89.86684155703284,88.09771058694841
139.66459889877507,141.19740901941572,89.92448250413246,88.1189954415602
141.45905722831682,141.51419970516386,89.95875319017718,88.23613593648938
141.5405149658341,141.58848883497276,89.9808009970101,88.32457642836893
141.21118994758294,142.6913327329889,90.0082883065169,88.33515040553911
139.91422541198457,141.74779366983148,89.94814415247644,88.3492161597869
139.48307561823574,140.97320265097008,89.98685152957137,88.35794693418532
139.6368065411746,139.4265052592059,89.97325953301252,88.41467847965814
139.2284228148404,139.02082507812588,90.07662229492287,88.41745836005039
138.93485586500282,138.92980287566144,90.16766887324758,88.41860899262836
139.53021237468187,139.18669923309812,90.15936160369556,88.43729899750791
139.0915835770585,139.21659866324197,90.16733076624492,88.41710687168697
138.84242066693344,139.32693338659448,90.15533973355504,88.39210760600375
138.74445142763776,139.4600901983612,90.14975622172828,88.38434181431944
139.21630299596393,139.5208539461579,90.02707440049903,88.3815278955544
138.85068321552228,139.68616852989018,90.02610540447479,88.38075654235097
139.02472349445975,139.773554846768,89.99762173277476,88.39284967920673
139.42253185806575,139.91246309464543,90.00170227900175,88.37475154068123
139.8295898291408,139.99805737876525,90.00331613591474,88.35826653760859
141.16191370859994,140.80048721597035,89.99846227617668,88.37691375059359
142.31805219853072,141.04568874140838,89.93754751161755,88.28412053669919
140.1500407421055,140.71473871987277,89.87726371814335,88.24347243552167
140.92199427274025,140.56628167956927,89.85611172910613,88.24852767244667
141.1287820825702,140.46669563359725,89.8399584668946,88.25299147521916
141.27304441041323,140.65623311501486,89.82366557554938,88.25564044993679
140.76811588755052,140.78879291986962,89.82486473485326,88.25505161453344
141.01428369694145,140.75763649663213,89.81178684124907,88.20980994514505
141.32050543049033,140.4169150883276,89.77292483584897,88.17622693825484
138.74787465434176,139.94103489809527,89.833705119165,88.22243275148487
137.7972835879152,139.78772557112043,89.8749874320159,88.25334356338367
138.8835148942478,140.4720846136868,89.86997851553919,88.21196213801068
138.63817751227043,140.48854536292492,89.92712206375121,88.23934481763811
138.60502445869923,140.48567370918548,89.96794924318304,88.25451504999407
140.70826129339707,140.7667675767294,90.00013227646947,88.26004536714626
141.649396377007,141.28272394422098,90.0120870055752,88.23276964966117
140.5623653806689,140.9692668291837,89.9703818865536,88.20492076009822
140.64649192496915,141.04285822662172,90.12335939082068,88.20739214118308
141.1720869742796,140.24826603648918,90.07221252709981,88.1501334773743
141.4804870998991,139.66670859002497,90.03456453620812,88.10988074142432
140.57240677766595,139.60863363435297,90.05002489989207,88.13722907682383
140.4022400456301,139.65558203469462,90.11533903917329,88.18076466310988
140.33909172670604,139.6967362651543,90.17055092477597,88.21191855104533
139.29258776748983,139.4871738938541,90.24005042870769,88.32146948155754
140.2117772808036,140.21846001188263,90.22608310216935,88.31202930056276
141.11341074963974,140.51750778193664,90.0113862000125,88.33484544334209
141.5605463121484,140.70035246193441,89.87995278309376,88.35021277176426
140.65294850336437,140.5474659620546,89.9052425592382,88.42083146538978
140.0682997922763,140.36728901519578,89.92061080626196,88.46908203123107
140.10728776649333,140.59946838502137,89.97064691003581,88.43842839369603
140.55485441110864,140.85439557286045,90.13980746585194,88.45026973739883
140.8139332400522,141.00689348862045,90.26363473793104,88.46116696828726
142.34932571962003,141.25201491124955,90.32796141811488,88.50314079491946
142.3127542390686,138.64339062506733,90.2796990776492,88.46268654676375
141.40897985044947,138.60286271927046,90.30816716856522,88.48330777755659
141.02999067470162,138.5475038123077,90.33358847400014,88.50029085195929
141.52165509502194,138.70188370894252,90.35759445187585,88.508744578062
141.49235406006616,139.58329784498235,90.33726559591479,88.51105841045415
141.53672952438492,139.8393508364508,90.30075557136828,88.53509792817768
141.41628813207362,140.65656454516727,90.31856798833249,88.5649884300315
141.69694779091557,140.6714676989319,90.36666108680205,88.54961904513776
141.89479409475956,140.83455672477865,90.39663192958395,88.52875490923067
142.53154041456295,140.55806242502715,90.40216596850895,88.53098144803926
142.54694009661466,140.53134791850928,90.42137104712161,88.52857033170154
142.56917573080383,140.5212870853009,90.43886311604471,88.52674412576027
141.0413870159959,140.7647557702738,90.50665210102935,88.57584046129753
140.57996723510965,139.55462158544972,90.50357000843739,88.55890331279907
141.3973351037896,139.5996574657038,90.50431515671548,88.53908115280778
140.97629498364986,139.42943274287677,90.44368368724085,88.5374547141825
140.29701289947937,140.21031807421858,90.55062272950124,88.56279170297076
140.0244351271139,140.47621990254547,90.61016114401428,88.57660593517232
141.22646336251643,141.2186412877458,90.59482867474033,88.54612661483695
140.93513964587692,141.14317376300312,90.58769542462443,88.53860386825039
141.9611731700817,141.22941900768961,90.63047026236997,88.548823613362
142.3733368513855,141.40161683294608,90.69282695683565,88.53247876188401
142.6133329047496,141.5130233030285,90.73720518240208,88.52210815882289
142.77352526284,141.90879721414305,90.74648282277747,88.51573545770562
142.80228002977358,141.68369191114914,90.77217357111753,88.54067976338452
142.85929766503415,141.07483622780774,90.78545591228821,88.5693839922019
142.50736499263687,141.2616452743331,90.77397151250307,88.52612001238306
141.3859139120071,141.0323525731203,90.67605232994742,88.52292354812197
140.63760832086558,140.84229847059078,90.6055488004586,88.52010375384283
140.74918757880138,140.8503776351481,90.51704538195494,88.55907203712513
140.94574610961857,140.80719860212872,90.51752067633996,88.54099259052283
141.30100413444097,140.75373383751682,90.51508752257027,88.52696449497023
141.8433545040875,140.99359684426287,90.5185687915586,88.55626061559141
142.4099978601218,140.9576062316038,90.48288557987556,88.50782424962662
141.57221177357033,140.63139132927307,90.49170010507433,88.50152579871964
141.72682264044235,140.8276878904291,90.54151760022923,88.45890415093523
141.62425498788338,140.68324112740848,90.54650249036726,88.47282126624206
141.5408974065526,140.6332253658876,90.54756463349362,88.47825868877594
141.6189247380122,140.7777475070535,90.52598850234375,88.44716607740553
141.50897732048236,141.08837794444088,90.51664825941502,88.4164561894022
141.48397012959737,141.3214549891971,90.50945409589742,88.3958779453036
140.73356516074335,141.15507292662886,90.47375048654732,88.39575241505237
140.88256515984514,141.28251544655384,90.44555806088078,88.39592476720331
141.27464644622242,140.8101325212276,90.48231661122992,88.37391059159839
141.32980768976037,140.35019871945101,90.50327736859761,88.35643354309943
141.52928793015832,140.45183842956024,90.48903571783686,88.28002004100318
141.69677090615545,140.57544477239813,90.47568771989195,88.21670777787521
142.28738658824287,140.5805144203578,90.54080493285835,88.24866099365445
142.57302560411458,141.6780435778663,90.56520666834068,88.29260064023379
142.74583453125393,142.15908137901175,90.58610033393036,88.32912022957018
141.80991848553322,141.3355082177442,90.57872594723074,88.3235231105793
142.00014503752982,140.93023849948983,90.56853120628452,88.34857254126527
142.44248232618997,140.53407265363637,90.612663875801,88.42052669437213
142.3197535409198,140.17400631951352,90.6540042806484,88.48147608233154
141.78117312264527,139.97155820975559,90.59276374089627,88.44019938947314
140.70353339598665,139.53303644208734,90.46296190904751,88.29750806953068
141.01882992865683,139.67893525255096,90.44507446339347,88.2479657969863
141.02555958894249,139.7169491608509,90.44159821250051,88.2605127572042
139.9961106565908,139.2554808982871,90.47619865323153,88.244264088688
139.76073447029952,138.98493526682822,90.50386948268961,88.2290787815865
140.04195790966773,139.6070486264549,90.49494949022258,88.24340571355486
140.05329890237664,139.8772491371675,90.47494740806363,88.2592177751347
140.06241591389013,139.98757030402078,90.46398783634304,88.27427028171883
141.27992681793634,140.5385919630718,90.44585515103424,88.39867972060523
141.0117961709758,140.7364460497401,90.24140371497657,88.21029214810311
140.52565293394215,140.57983149186492,90.09278506073322,88.03480742978697
140.32026956953183,140.74453593369086,90.07117521646396,88.02104637258071
141.31049533130923,140.99082743707334,90.1844359824453,88.10770977119223
141.3354146603357,141.0272377353523,90.25144235391073,88.16483167861732
140.38483703707007,140.3434442603352,90.24986171476992,88.24954457237888
139.78536231030375,139.35732013984185,90.25175424952269,88.2635115745128
139.5179474405185,139.34906196321776,90.26863620884515,88.24070062806828
140.16900214033174,140.21841983151404,90.22598590641424,88.23605059394042
140.5945879433612,140.71760921021922,90.1919286098459,88.23518354782613
141.02850512624514,141.9569984587648,90.1832002248844,88.24817776570781
140.74607884831133,142.42824909590183,90.20985964897866,88.268504979203
141.1833528879806,142.03578846912876,90.21507332027977,88.2724465433145
140.99049598251793,141.999110028269,90.28733152016063,88.35551990347658
141.34349094352118,142.9467892798213,90.4195367754273,88.33241175269268
141.5206382383605,143.7640625408222,90.49973773067846,88.31358025848102
142.7447434067296,144.88495301841482,90.48640530818591,88.22286603499677
141.22218400530878,143.90940478014465,90.44389984196202,88.18761057302085
140.41101441010179,143.47904286601835,90.39409767333865,88.15686076758024
137.55029020208332,142.54779187477695,90.60621853081298,88.25707571533158
139.01634705863862,143.05741366178822,90.70157600234668,88.26946205125046
138.97139943006914,142.76855256798962,90.59342584640243,88.27206082364987
139.18653318678466,143.59664423258872,90.31716157605787,88.26505078070495
139.23983230683774,143.16899904886068,90.23278260304986,88.22186534067116
139.13708632188974,142.8785915679161,90.18116759426869,88.19888058439231
137.46167316816098,142.24910865390385,90.08002935006057,88.17207143400196
137.55046962537986,142.0051593391857,90.07548310697217,88.16787679024564
137.3724793342121,141.81583750432137,90.07521101378386,88.16792831190745
137.61602857747755,142.15578359585626,90.07994689477277,88.11947285823335
131.4651449061799,140.2596569930057,89.9497291096285,87.85611570363413
134.08692156002485,140.28240767613255,89.92147919580391,87.74517235416148
134.64798081990284,140.13625204323037,89.89368378764917,87.65665882029327
134.3363297436707,142.3399333367969,89.62938481569061,87.4836866999926
134.54730631975897,143.08625359168218,89.46179439879462,87.41896321393865
135.8841903183956,141.30847788021765,89.46655357880417,87.41940040639605
135.32105849433273,141.34050193327508,89.4261430445754,87.27900574753188
135.09521888421878,140.82866534509157,89.39543047281457,87.15908538162346
134.20463129806154,140.93872237394973,89.27458697828479,87.01462074948299
134.60801730427013,140.7160988981743,89.27178013349805,87.00596017959292
132.80880685743148,138.9244474900747,89.18048900829564,86.82683734739184
131.89693487895318,138.72133184236156,89.11305220285772,86.72257603466328
133.1773389064889,139.94803438523908,89.11823860631952,86.70197522098049
134.11406607911226,139.0354137435525,89.10373086959586,86.68130074589781
135.99902532031834,139.73630853937053,89.05255256853856,86.6513961583335
135.3286663232885,140.4541140253192,89.04659061074058,86.68979602199084
135.79039157718432,141.52302666350067,88.98631388939955,86.67645404942033
135.8368005738394,141.9658654313266,88.94891079961296,86.6701743135851
135.329181336911,141.87641939929566,88.94919513282042,86.63048065196072
137.09003635987872,142.04642716617434,88.95858518390673,86.49275980087107
138.08690689482358,142.26521017747993,88.92383223464961,86.40319563720188
138.354154328152,142.52071543895133,88.88192125177233,86.34926019405917
139.50179076060485,143.89294244708017,88.7168093532468,86.34397281432268
139.70397554939828,143.4963873756812,88.74806266578767,86.39387190220714
137.93983256854432,142.78115861287787,88.76226751593754,86.41331902108959
137.79006932748672,142.26230066551767,88.71739515535336,86.40377082687442
137.7662405502739,142.09707670299227,88.68109056146284,86.39661469162083
138.13166943338265,141.7220586492913,88.7102103826489,86.38818601086678
139.40137668157743,142.39439211201716,88.91194213848924,86.36058097662968
139.28286566005391,142.2159670374897,88.89317534354704,86.38950759628872
139.24682554176863,141.56726848084753,88.77508748224525,86.3720974819281
139.54819162407884,141.4064239406478,88.715106347412,86.35961721234455
141.08960086714092,141.47195775010795,88.72896742434969,86.37151070263704
141.43469689813574,143.7567227814826,88.85456499858802,86.41122700828676
140.25751650695273,143.3901630843211,88.84233860694873,86.40593344706959
139.66727884383238,143.14893611322344,88.84104403930613,86.40211592031783
138.70455037040958,142.75488885149403,88.88919172159801,86.42582144664054
139.02753332834214,143.00022440456232,88.98441829962667,86.46139540501592
139.52220717666302,142.83300312088073,89.04360564093352,86.54965009926777
139.43052176855562,142.7620819103619,89.06008625462498,86.62596760237312
139.34344879321947,142.75670750662718,89.07224619920369,86.68141237140172
139.44621183321104,142.750259442179,89.04711356451381,86.68019831915504
137.85703324612365,142.14509559927194,89.04835531785112,86.72065768951023
135.64169906192288,141.66128335781957,89.06374368167369,86.73359118185586
135.40533629690836,141.3259723492443,88.94661971478628,86.80057456696
135.02549680776232,141.14703510615175,88.95887794967726,86.84820783613382
134.9426574325714,141.00992598024092,88.9705837410621,86.88916542391691
134.95151226454067,140.56500560952355,88.96214852432419,86.88136785290578
136.293445712657,141.78083547238572,88.93602432861952,86.86103954398463
137.06345345787454,142.36224498582447,88.9271437244095,86.84871249985248
136.20009269435496,141.78620860532914,88.91963017071177,86.90162215879946
136.172174799032,142.92328250331082,88.94312813768525,87.00265430770405
135.6295762853854,142.4592652671271,88.92819638849745,87.08926858898468
135.41685333714736,142.11674986541007,88.91896075664795,87.17009253622672
135.51173717516613,142.11990686231806,89.04973420604914,87.22124138974037
134.87962489889003,141.9410270771602,89.06150945351528,87.20150186870262
135.02325518599736,142.05655149075912,89.18794007845968,87.18882514096035
135.47670927839135,143.18057604892928,89.17992776468215,87.18520449060065
134.16927507363064,142.58800957683638,89.16749789983724,87.22918683895907
133.59245369516321,142.33625137997205,89.15947959036477,87.27002046463994
133.6667268595573,141.83984598820078,89.24982175968368,87.29596230736968
133.67680218940023,140.7842207668594,89.15007623085387,87.25750499558032
134.10621855584776,140.36949527640363,89.09111809452511,87.23000694438949
132.06087699067555,139.91303836865765,89.08456723095485,87.26558227872766
133.07372223543788,139.92385859681497,89.09856518238664,87.3145171378021
133.401469054953,139.78644055748146,89.07262898301123,87.3224162648729
134.29923448437847,140.0587456024028,89.0377813091349,87.30656260464879
134.7686719309162,141.2237580080538,89.06387149505422,87.37811681452617
135.12947893256307,141.63484824884597,89.08291852555314,87.4144150793801
136.04288273233067,140.70663704665952,89.02754617621295,87.41179043864568
136.6193772349852,140.7479370170827,89.06077417133685,87.43045631445355
136.48716639143458,140.7698079086704,89.0332898979321,87.42761044007456
135.7377874055015,140.390089292542,89.02538252103388,87.49344953360142
135.3560079322553,140.10772540348222,89.01841622033828,87.53914533569424
135.9151535546678,140.29073538415085,89.0100141491247,87.50851096967816
134.3610717606879,140.05898869904001,89.00642155222631,87.53109077691505
135.33499013497007,140.10885002376358,89.0522971280125,87.49258759408862
136.03309192005196,140.2247141000315,89.0959539702548,87.46375002048984
134.1842275060271,139.75137762150936,89.1520490752863,87.48813537465146
134.74135147230112,140.48519769002414,89.11084503072621,87.48446799970726
134.82648457001363,140.49702795155858,89.12595054676619,87.48341210495224
136.89778853805137,140.60250560227982,89.14724662205245,87.32866123006228
137.39826019500828,140.34393576921,89.16053248170745,87.22721811107463
137.23623060488183,140.34537240025597,89.18294202207156,87.24361308306953
136.22139615415264,139.05253534962603,89.18622232611455,87.24729875804418
138.19842169114264,140.4579692560774,89.11809544916423,87.19424380099771
138.75933906774995,141.1298861412666,89.2354200745879,87.2374638369654
138.90358228138777,141.37758318317566,89.16256081814883,87.23122770936946
138.92209618294575,141.44759534483262,89.1134978448006,87.2264641171596
137.0888923518924,140.61504474610305,89.162851434488,87.31805821807528
137.33994130570275,141.06722869454404,89.17269672025172,87.30969015721828
137.37122888315653,141.20924557746642,89.19310643203063,87.3093474567525
137.97531304008183,142.5726822499514,89.19508813072605,87.3310835164492
138.89527039020203,142.52633161916916,89.04924620886683,87.35305672984306
138.34395193872592,142.59321913279518,89.06479086347245,87.3521239960773
138.27419999944925,142.93355038726213,89.17504066975197,87.44238766494274
138.14147674891356,142.36349671767312,89.10198835653404,87.49471541085074
137.84455260672584,142.07539968474927,89.05348914990088,87.53755690303593
139.0471773131788,143.2304004702911,89.0627206436845,87.52889373691215
138.05468599472945,143.17654403224168,89.13247015935976,87.62939094625912
137.55752929300786,143.03255487939578,89.18270306799202,87.69939474207389
136.43880455747498,142.22231391273294,89.31079237479342,87.7068729483062
135.12707230560932,141.31215112431195,89.40576731571197,87.7087346164785
134.66392872769126,140.80273520455552,89.46058340602445,87.71948606053063
134.23245530596796,140.3716361012927,89.48861649625687,87.72453032457068
135.0650512906073,140.6265178642205,89.48695051064651,87.72547109565156
136.12325199636527,141.62750552934799,89.4926942088842,87.60530947035876
136.33667603025205,141.86906612974815,89.54793062934935,87.64977694734601
136.33995581748852,141.75002388519357,89.53087529172409,87.65248737588604
137.0243053018705,141.77507191339592,89.52354460394582,87.63758945333184
137.39424016176574,141.7864036863125,89.51824402229711,87.6165628987735
139.04738736134965,142.29909051264184,89.50473789710163,87.61537658433963
136.17883817125653,140.70525758741329,89.50359233576631,87.66119576961356
135.1608235781831,139.8139243506832,89.49442946434655,87.69894027280094
134.78369157855983,139.8153261774729,89.49583207582897,87.67566787391021
137.82655616441397,141.2444262125523,89.54659867368973,87.67613298537513
137.3777654855717,141.0620380721859,89.5132644436115,87.67857947333836
138.03147243308052,141.52971446760301,89.59440662543449,87.67573619744202
139.1638475713089,142.40259591660538,89.59788204015481,87.68180115578913
139.3970114558844,142.6915158521852,89.59925205121004,87.68360954298316
139.5974942861981,142.60348421774322,89.67413840809645,87.73931273552532
139.63053338756666,142.57443027798834,89.73940863652751,87.87451395389081
139.51982564182615,142.54331332171523,89.77977942098097,87.95948179704122
137.99125889064726,142.03068270765226,89.77068696244552,87.97466171657051
139.19125386677558,142.90298541244348,89.80321872887093,87.9885538333256
139.5991931930251,142.2739242902571,89.83426074683975,88.02531844880093
139.90696427704015,142.17888683905184,89.83836296628358,87.91742175472095
140.22859653213843,141.86999017520714,89.83573029388175,87.88569266258386
140.56917794449484,141.7092880201797,89.83571542608748,87.85861620307138
139.9472360302698,141.69181154470672,89.82486170900548,87.84764457098056
139.89885670357683,141.6862157007707,89.84588919884645,87.7194366342401
140.2115109738565,141.63323170219286,89.87654822083391,87.71946214474114
140.26723963599284,142.05779107635485,89.9524448945906,87.69575770791994
140.33246336129736,142.38342027243934,90.00469903455075,87.68156917431058
142.2260329730454,143.16739850133348,90.00351506234855,87.66316094360876
140.00365734765805,142.12984631787955,89.98478204263112,87.65812132191657
139.60551374502285,140.55589972616954,89.97648379272465,87.5991241986149
139.3213848737385,140.0804116117538,89.97101002156069,87.55045135068902
142.75327686803345,142.51839043078593,89.98110920625226,87.53737791613611
142.1117542011296,143.74495690734943,90.00205401133964,87.61453176345407
143.10200042116142,143.8543209989319,90.02820787476452,87.60391285733779
142.4940074300646,141.6841363203349,90.03085804735841,87.49792238893234
142.22815643640786,140.72640288242522,90.04562188615503,87.41967462515018
140.90178076968266,140.77970786891248,89.9984808164556,87.43354572811654
139.709507284503,141.09770751479076,90.05212885829764,87.45982895085537
138.80226401433163,139.80813628210709,90.09111992319114,87.58156271568178
138.75649115773146,139.32620288437144,90.14125557270225,87.88021841855048
141.6761420512635,139.31456416463027,90.21432474863563,87.97719497959432
142.77176997782496,139.2225464924218,90.2500383971779,88.00618282015712
143.3587919179155,139.8916215082376,90.42356764280989,88.00451463561686
142.96143073837854,140.1544069334143,90.40028980814633,88.04005580836171
142.65145100538572,140.11027613900902,90.36261005090226,88.05699197693954
143.06788878657036,140.38630949136262,90.25491967957667,87.99680437440881
142.19833110497544,139.0473170953391,90.2389038788808,87.97426646689766
142.6118131859037,139.07353269768583,90.25146794331195,87.95602046950575
142.72152305756293,139.0009988693051,90.26412439183619,87.94469399320691
142.60010820875635,139.018841634196,90.32221310304998,87.95537077632889
142.85988051824398,139.33490523240297,90.380145925987,87.97913816304184
142.91708569493983,139.69511881132013,90.477446435396,88.03719653749499
141.9226517275552,139.80242052149038,90.48885691025836,88.0353377092694
141.29675968428964,139.70070001614522,90.49330193577708,88.0337708089121
141.23799252747403,139.74565700820457,90.40122677395448,88.09335649193672
141.83178962821773,139.8438066578167,90.31500009044649,88.10258363187606
141.97299911197047,139.94417100216592,90.32583531299979,88.13069951065602
142.07611248451508,140.00900508090393,90.33926026134804,88.15857534469714
139.66398569327066,140.298385484025,90.32342137961494,88.06281826562002
138.6367523852774,139.638420297775,90.34686930885222,88.06684372913274
138.8340540561133,140.09605980327726,90.38042983258876,88.0623940586604
139.94925542890584,140.20437415740395,90.43352593008106,88.06136530469273
139.46255543683736,139.96090541582623,90.49574822768349,88.05871668422034
139.149873781722,139.77036467204962,90.529710669867,88.05627838355836
139.6660559859781,139.94014087061416,90.54053055425462,88.05295821783064
139.90399907029916,140.091491125015,90.55578138447062,88.00236251619249
140.08165516830422,140.20424356706383,90.5723918209148,87.96518367998932
140.09034130489275,139.85294500576973,90.5667594839215,87.95643093733383
140.93228244362683,139.57485916780658,90.47821011715095,87.94984408976582
142.11145721920832,140.33809407093213,90.46120225423135,87.87782994820931
142.0070466714669,140.19633743057636,90.41409737543809,87.80276641268807
142.53801599625248,142.47714354293262,90.38497356145444,87.7481744888857
142.86695154891459,143.23565773519547,90.36490953072958,87.72037928794344
142.3104142996225,142.68605293545258,90.37381788386699,87.76274307333365
141.8533302612425,142.3638694398558,90.37700490918405,87.81750930621523
142.09135463152302,141.13888431478352,90.31333800829154,87.78915879107139
142.30173643307484,141.19083478373545,90.27093669250291,87.81964409759773
142.2586391040103,141.2629360236711,90.24932575266344,87.84201509057404
139.970824130977,140.6819323326526,90.25321412966784,87.84658001560427
140.17070463986676,139.50138626709816,90.261409380737,87.84690284739142
140.3615527950599,139.69888000548826,90.28753504698629,87.85952573567234
140.54794570873196,139.93822311711602,90.2954708784482,87.86528614636443
140.5324026081717,139.3348072350742,90.31473781091103,87.89861914722296
140.271136488688,139.93566904470296,90.3519910954809,87.9158110585417
140.4363539788505,140.79240912488672,90.40815456060704,88.01293590058047
138.7358905932687,140.2521017168834,90.43350964039249,88.04095325301601
138.68577262559532,140.15213863549735,90.45787912712443,88.06421214336541
139.03575461258146,140.47864092471914,90.47762801909482,88.03880876623458
140.15573764152344,140.50687133734303,90.47287530613607,88.05780667108348
140.40100995894352,140.90322426347356,90.38896703313036,88.07691602451145
140.27520208049117,140.63028259024918,90.33721788466339,88.07642328053527
140.4097484299586,140.8541581588392,90.35127840693843,88.16799443666015
140.53744570305287,140.9290941795457,90.36458115780806,88.23051617928685
139.8700398168138,140.32227450237758,90.36221519167158,88.20785463526936
139.639592208171,141.0586965637523,90.40496199323478,88.16895248369471
139.34855492449626,141.24660760966114,90.43958668326341,88.15223497481567
141.01689601319674,141.9050975575998,90.46695894368266,88.16539763454567
139.89890475889445,141.20417962782975,90.46015884140513,88.1665843867416
139.9386540595373,139.79317427769067,90.4825096724,88.18639308535388
139.95646989664982,139.17133429216284,90.50302240948291,88.20290931148092
139.51928139447529,139.7637428780664,90.49985079585527,88.20293587827815
139.85008101641125,139.71351759370503,90.50730308978068,88.13511922667898
140.55248222080667,137.78601699072655,90.45781956002348,88.16122144985239
140.51329557263577,137.87706690447948,90.35114089608516,88.21378686419897
138.00629026732287,136.67909127865016,90.2988526435523,88.236092827402
137.08749831316177,136.74299010752785,90.22838326869177,88.25329858206041
139.12768254060478,138.01318823856934,90.23881760473886,88.33108898959956
140.13437849374745,137.42373692750303,90.18452830024816,88.31590809752456
140.65274195547963,137.1739877549694,90.14189804519567,88.31038439453522
140.9802461310281,138.28214019534383,90.20772911918138,88.35981332269199
140.24212311589793,138.15553695088923,90.26176100064012,88.38357877002112
141.35769572721287,139.1272309648633,90.2961938745119,88.36628698051196
141.18490126130706,139.29928764358036,90.34959396908741,88.45968583389401
140.34244150147433,139.3019406608914,90.42622353073268,88.49489366136572
139.96362348063883,139.29950532942604,90.48940446007812,88.52306913235843
139.9019341460007,139.23659611059728,90.55187109485938,88.5486961743406
139.83781315599757,139.30535306378124,90.53341682145648,88.54601573525021
139.84475232812062,139.36570925169846,90.51480740410709,88.49648241152387
139.7091449759247,138.9974536006665,90.56728504971001,88.45652864390203
139.61276700498706,138.8191628994479,90.59911744238613,88.43265890522463
140.93562410503046,139.42991193750646,90.5840626126224,88.40686461082454
141.8498126044755,138.5594551119046,90.6070797933714,88.34906740757711
140.57178796656282,138.4541292191326,90.63558867675327,88.3146992583639
139.97320441321764,138.4086875939502,90.65371958781954,88.29082630307653
138.82330119823956,138.1191914573598,90.63866932129562,88.31421072217636
140.21981625619858,138.06551324826012,90.59854324109695,88.3265220683583
140.2429945254849,138.09852196563673,90.56655247150849,88.32476719900895
139.84435431066862,138.03288243250668,90.60761760343311,88.36993901015711
139.67741537881494,138.179653191269,90.6459793863199,88.38757230328862
141.24273274819006,139.23078513065715,90.69805667966368,88.3753892663863
140.7629381288089,139.3091030541121,90.6994348702837,88.36397529168194
140.73429391935264,139.38009999278245,90.69273497119718,88.32345815640383
141.8657018025362,139.72420739317215,90.73405044350666,88.35909054575367
141.90682395505218,139.51675918267543,90.77233755765712,88.39924867820993
142.00475159538436,139.3912574981204,90.80731142971858,88.42401912072518
141.54859652883218,140.57486397647708,90.84499317739417,88.42376223807915
141.66384402520148,140.45582744179094,90.81178209740588,88.458474722196
141.64995132338635,140.4554464488912,90.78795292326708,88.48799666519923
143.39224889695444,141.26824934659686,90.81631308693436,88.41519957389727
141.5550144391201,141.5236555460552,90.83580462015942,88.4168932956613
140.31433231930697,140.1786887413988,90.82376343124804,88.50341062070295
140.90995718020972,140.312557241901,90.82205424242785,88.4516194805602
139.88954406340432,140.3358701215287,90.78266483066741,88.39177823566374
139.5600586172911,140.33421257937525,90.75101119102092,88.34797854294358
141.0042565116358,140.57973222290562,90.75448729779896,88.23925547195965
141.3892627236249,139.87200155832375,90.70811225126374,88.20485627644493
141.36577814358427,139.31085274129123,90.67255962693967,88.1780044623481
140.1165186052495,139.8547725753186,90.64453264741134,88.17053961551137
141.31143035547515,140.21801923585014,90.60139160470183,88.1718796043423
139.25597353417987,139.78211350537282,90.61035800917689,88.17435188576663
138.25478890776103,139.69111854794951,90.61681702382437,88.17596969454253
139.0403638689327,139.75069722226146,90.47246209786601,88.11940834322218
139.38213338622222,139.80057914904557,90.36848632415482,88.07668465967019
138.2552480347956,139.5546499593718,90.3454398440131,88.0471575513249
138.51261416893215,139.54877918989033,90.39686448486549,88.01144077420507
138.7336122038649,139.53462225898295,90.42985058790634,87.98066871697141
135.87827920078422,139.26669781601635,90.41689883776179,88.04048066501639
135.89615384332012,140.1223322117102,90.37788553670754,87.97886794444777
133.79025180745106,139.1826066610285,90.2960251696382,88.04797907214358
132.75259143592996,138.5589367101746,90.23838042166561,88.10400133318606
134.92875047588134,138.54721378595735,90.16589273179156,88.10016190947583
137.61809266561932,140.899255166414,90.12297222186271,88.04132840862847
138.21600535869135,141.16447173179233,90.17230114952773,88.0465266087523
137.49240303089454,139.28883558739147,90.11803235904179,87.99989169483185
139.43858357776278,140.47920067597826,90.09563965215003,87.97446698555196
140.55342454538678,141.1133052195433,90.08592018513107,87.9545575767297
139.8311901951244,139.41014976887746,90.08476006800235,87.95502760023973
140.73609913693252,139.39355614538195,90.08382379808715,87.91959841657979
139.60779473798598,139.06010940410673,90.07126089469538,87.88024673614886
139.63917106268798,138.8778847516996,90.07638060582823,87.93274036497147
139.6443206612674,138.89917045927194,90.07922677853568,87.96544225363725
139.1532197745864,137.5450923355632,90.11119453779989,87.96590204214253
139.0663510145363,136.8397748745161,90.14112529035218,87.97870628434515
138.33208421998847,138.2111021258541,90.11740639778345,88.01524956799324
138.11543233406198,138.88986231031447,90.0982561592636,88.04513862231832
139.8384422699458,139.2362382212857,90.11542395645264,87.96813938976614
139.04905127436322,138.99787812531406,90.13279394452387,88.01528499989807
138.47752525175292,138.2670525716824,90.12402560874234,88.01429270982244
138.7128090545373,138.11688664506028,90.1364393676156,88.03217158722053
138.78210389701695,137.94581332559798,90.13862943347632,88.04251314962404
138.5871186805393,137.70786615580326,90.17682475806681,88.075382006944
138.58933859384825,137.78759157105503,90.2393042298324,88.12941770610449
137.98874654297208,140.12325865822675,90.24359217781326,88.1652836543788
138.04154847419258,139.8251423815714,90.28386532362595,88.2002756855942
137.73027591798606,139.88219404646117,90.40383258295667,88.21124661344717
137.50253649702168,139.77987195626855,90.47806089382544,88.2219653068327
138.06101544047016,139.586980998593,90.47359989450025,88.23667615208811
136.12120621588556,138.970391647632,90.46264679384646,88.25190880199298
135.24876941326292,138.69326929275618,90.45774643434017,88.2598231939756
138.4058554072309,139.87810074900946,90.54617966935831,88.27198513024936
139.37229129540364,140.07526254359595,90.52804048613066,88.25858358072642
140.08740768039138,140.58982457005328,90.40149061974142,88.2594625183813
140.2892406359891,140.80968298757958,90.32074282965769,88.27049354491211
140.4566557902399,138.46933985315235,90.31034150554748,88.22951322575119
140.6677414276503,137.84142211627608,90.29008348978829,88.20861946931018
140.47507714942395,139.24276494410321,90.32840857391761,88.20720278870023
141.52162850343842,140.0351788233732,90.32708623231612,88.19695326485709
141.84365451316944,140.05038325753446,90.32834719599349,88.18852691173245
141.9031855023262,141.31818993914948,90.35062104327933,88.20055721353314
138.7716550382994,139.60816877966224,90.3086113136814,88.20399668523366
136.9703863197628,139.1620733773663,90.32591275845526,88.21672006382961
136.266403059657,139.07547182913981,90.33925032065139,88.22855481800732
136.58430783740368,138.32658073583613,90.34099765384626,88.22205346636773
137.85130321250608,138.32945694537983,90.4105276772792,88.26329006578274
138.64227990575256,138.90573960951477,90.35763015902832,88.25656107373088
140.01806674094743,139.5103818914877,90.2802583448818,88.24470801098948
138.98567188606157,139.23585717073001,90.35961452366921,88.26598133163971
138.4443639275666,138.92998225388789,90.40757560184309,88.27270809359018
139.1945126093027,139.18388948548997,90.3992699050907,88.26781525053482
138.19975616408317,138.69250995137955,90.45736140383711,88.2090748441343
138.6207685421791,138.44932184455266,90.4113851462688,88.20657786312226
139.51301413977603,139.00127551331215,90.36911206942297,88.17716388664343
139.95793384637483,139.23924916392244,90.3354060248018,88.15597993065506
139.2832172777124,139.63066120028657,90.30207256911186,88.12044732784166
139.79157194635755,140.1494154645984,90.27354083981076,88.13535796757174
139.90208414807208,140.5066204396633,90.2949170340248,88.12755050383078
139.97310743443902,140.6847852786198,90.30214954627895,88.12058971722742
138.8235917888501,139.87813006680116,90.31818826666809,88.13414191460406
137.18482550747066,139.73199113458625,90.2521921626308,88.11618767161752
137.29394395194123,139.57877132780615,90.32033540049969,88.19803978733705
137.58593392925675,140.41890251044384,90.32261324062068,88.20083050483858
137.80446861894416,140.85128409537919,90.32278190215364,88.2022242564762
137.83927323339495,140.66779567086152,90.31584296592379,88.20155938436785
137.41792718610878,139.98255591437032,90.24970422988274,88.19885039253978
137.57492454811643,139.9650098591985,90.24220817515108,88.21416420598045
138.67791411006357,140.59807323226718,90.18715708546688,88.21191197728592
138.9312560801847,139.909486893354,90.22687898146746,88.23955547665348
139.00814450272813,139.64827514706656,90.24562197617261,88.24641956150667
140.11146649069937,139.86742896167266,90.25530074034765,88.23280221187184
139.80849862553947,139.34882457581062,90.21713473385272,88.21160811400627
139.59789290062372,139.12557084206338,90.18539998770792,88.19774904082493
139.39332047104085,139.08292338426781,90.1324790079982,88.2582453633869
137.86256137859743,138.41194554287821,90.09905200385371,88.2604066284037
137.11217455662197,138.0463856953127,90.08039670530282,88.26196353680078
138.41007373956214,139.12685303235668,90.05905051555824,88.20657858925368
137.5549337316836,138.68769397918734,90.0580318195025,88.23004287492329
137.0643750460903,138.4749839487493,90.05837519374431,88.24739786323353
137.5298052294821,138.04088418972552,90.08484510923893,88.23815002236509
137.8547940503536,138.50531109052082,90.05166111872569,88.23648311784963
138.0211295628861,138.77418020671445,90.02520015565464,88.23328713899387
138.13716422759674,138.62587186046184,90.02813013394378,88.2102787830819
138.17379803118695,138.92863802461275,89.95598655747362,88.23465907619244
138.29798063944767,139.03119589484854,89.91265193079184,88.25634010571602
138.10474350362742,138.7362445958548,89.8869979068406,88.25526050414659
138.4412527161757,139.92911800985547,90.02572280834575,88.23199821955566
137.43132550661628,139.23346402781627,90.0623167234572,88.25287757893052
137.4987972263672,139.13730367919865,90.04952487886075,88.25093137392287
136.97424788632443,139.66378539198135,90.04045808097452,88.22548945739409
137.34560935077684,139.8372906158939,90.10755126183334,88.29123140073465
137.47700291775584,139.81961559820613,90.15160261980019,88.34392458012032
137.75719745761012,139.6772074204199,90.17847855422752,88.34590779557772
138.0789836613777,139.60480450616794,90.20566150076507,88.34762167050488
138.85724263580818,140.65101199835541,90.20556823970932,88.35153673392878
138.74850229296882,139.25551584918213,90.20585954674996,88.34392412093847
137.92995481344332,139.5802550893204,90.20605100766988,88.33944891255567
137.68327761538282,139.40925648758335,90.16169325085389,88.29966221244334
139.21900399972367,139.71948468668464,90.1775749714113,88.27660001523714
138.29970916144276,140.20907329925998,90.20217587196551,88.33435734387761
137.80271483976162,140.6600966420626,90.2266550811039,88.37186653509198
139.11926901813212,139.5702719144728,90.23218290250962,88.37497177088622
138.68354563967273,139.34609170966513,90.21392719356007,88.38052410067885
138.59581053133883,139.48411355818558,90.20107006119218,88.34866442281783
138.6081516928121,140.25162925837472,90.16404761195676,88.30784093980662
138.55462890198612,140.6924284417618,90.14012442084572,88.27555290737577
139.04050222048573,137.33572076046113,90.12731878773087,88.17454930663139
140.22207137933438,138.4314312224373,90.13492216300361,88.15233258436967
140.0872673867513,138.98161560890082,90.1554623071403,88.12523954352191
139.9074983273191,139.35456124993198,90.16734870805226,88.10687262922642
140.53864438076914,140.27697168297962,90.22763315579365,88.11319859849571
140.45768365061744,140.29027209969925,90.22350761419901,88.08951509066254
140.26586323641064,140.41368395964392,90.17602710944482,88.11399753993393
141.57695476458022,142.86470887108678,90.15479305499906,88.0875646449982
142.3179886507289,144.01090659967883,90.14250734875503,88.07134494282093
142.5758898708399,143.14661096062216,90.13917022617089,88.08828449962148
141.38931800514746,142.1601683686327,90.1293544422683,88.09951561693985
142.18137591210774,142.19314366332318,90.06004928326145,88.10622115825589
142.18077372695086,141.80497276975876,90.10513793105066,88.1328037537195
142.27604342154393,141.50856782803595,90.11311377482595,88.1224865393898
142.12544022870821,141.2489580877023,90.11964206364149,88.11438336425218
141.00554674603637,140.9840230084954,90.10615970458805,88.1045736226327
140.46362333031254,140.79974267251276,90.08355730345293,88.06620500230575
140.10363425988345,140.66612432458516,90.06389785419566,88.03809023101194
138.54987895377567,139.73204432502467,90.08542113046519,87.9949042396058
140.40680346214205,140.86603217124275,90.00476847264217,87.99900895253595
141.26323098102617,141.28515810493337,89.95070530902557,88.00185508384514
141.03397097682844,141.3760739900802,89.96556181529398,88.01109098293902
139.6577780306307,140.51439361281206,89.9545083140932,87.97146947655463
138.89582119250107,140.2530831043727,89.94338457963448,87.93478405876526
138.54051644431718,140.31893794221384,89.89826551086291,87.93810964716002
138.82896337468176,140.1165245375204,89.798785295198,87.92317099219409
139.02959954457677,139.9144358128832,89.73853852548261,87.91476721774369
139.75685089038856,140.38339125564957,89.76155216648642,87.91499673775692
139.13098979160492,138.73103628221344,89.73297876873396,87.93899207279071
138.77895804896988,138.17957452232068,89.70542698111545,87.9576359595573
139.2903597494967,138.53145016704514,89.70319556958624,87.98734358495808
139.27872938136096,138.9545260364384,89.71679978073291,87.95166344034493
139.77378244465604,138.1371117565203,89.66572159290169,87.87698665082628
139.32954536838466,138.39496264143827,89.6704287373615,87.89382405965783
141.61945990693746,139.26965338622534,89.35725858073309,87.8490079894297
139.86670246916032,139.62001303727135,89.41591428496108,87.93894166214662
139.1840293264646,140.15429103542024,89.457249015715,87.99626245914187
139.69761131793516,139.8027698430351,89.53425239473233,87.99208004623304
140.03857958638736,139.6131442381578,89.57934641661969,87.98876976767
139.81517041373522,139.53397340642232,89.57424875654469,87.95443914191418
140.3060147650479,139.56463361560336,89.58888873543904,87.95364079040958
141.29348223496973,139.12007779998052,89.61812818449806,87.93722940446631
140.6163838841636,139.00265459791584,89.67291871188417,87.93704646108648
140.8519495970142,138.91461324593624,89.68084414187697,87.93440441517954
139.08802993360138,137.7265145511896,89.69955060185266,87.9566186673169
138.95663088912485,137.4929205278126,89.71671755313868,87.96972493979774
140.43955915465273,138.58793846756728,89.7588108296436,87.97467729463987
141.00095077532688,139.1185239918498,89.8124176456046,88.03557535859875
141.052712572608,138.90333725732785,89.81377284588734,87.97711605160626
139.6651316184197,139.90147701853638,89.81507525729194,87.98474911321674
139.32084564006325,140.50945802862478,89.81641246355183,87.98915259959402
139.38357722922208,141.0732970925062,89.96938297106696,88.00490838092283
140.45452287518938,142.07674329248482,89.96490275259958,88.02233827590426
138.94976371227102,141.6077150311036,89.93341535577218,88.02956302909078
138.17632706948652,141.40264864201367,89.89856400808573,88.01559474143264
140.00613353307972,141.73152085235228,89.88814910462052,88.0133366391601
140.60086901967335,141.5937706512575,89.87330252095056,87.95988852542582
140.7047052307929,141.12171984147307,89.8551574188889,87.92268468587541
140.51435853048818,139.60605612460003,89.80023215422882,87.92433144533199
140.32351489319427,138.95515898776165,89.78717085097809,87.92893787524154
139.01347586905422,138.43916899707062,89.8216179255128,87.94936615236401
138.89937614233654,140.12738433236999,89.7682876001152,87.89753323104631
139.9452073439977,140.84716010451675,89.75022595276704,87.9029529779997
139.18906964641425,139.87192474770484,89.71534754947359,87.91827427027839
139.88552236027633,140.16064347507015,89.70756938191353,87.89232457760016
140.26942742511596,140.2951502368066,89.70130486212824,87.87439884323149
140.1821043234529,139.855213187721,89.72735666333325,87.87196339157573
140.37982740348673,140.56715499524705,89.70232982280727,87.90119582435429
140.48796063728133,140.92105019519235,89.67437330748477,87.92054291384818
140.7073094734711,140.96916904843968,89.69306951972376,87.90254241455891
140.93523221474018,140.99303144420816,89.71538998545535,87.91150529646504
140.99602115906583,140.91566227064794,89.72800263088392,87.91680236603538
141.154320397885,141.13009118989103,89.73468728450001,87.91452684262437
141.31443195253925,141.53212142605983,89.68075611833582,87.8776342385027
141.52766310004168,141.83957990342776,89.64471490334861,87.84513358367943
140.92878264410987,141.31468023320534,89.61331566244382,87.8745055514485
141.1351089847524,141.1556149855749,89.61451645018971,87.86412285929413
141.2626239200167,140.97189641151772,89.6149309740798,87.8548193545296
141.00934017070279,140.9643083889718,89.69457528559906,87.88391882341413
138.9405416640708,140.43603492015032,89.69545520879974,87.87420615504523
138.13362354889998,140.15701010223987,89.69372434386993,87.86242723711621
138.97293828016169,140.23023367855683,89.6650974264331,87.79564154198893
140.33826591594237,142.35598386639333,89.65903850394187,87.79633850852802
139.35399050957508,141.18712800212992,89.6718119835335,87.82009405904695
141.69739093080926,141.36391074858162,89.6687282809511,87.8163335850245
140.61905549269184,140.59050985751387,89.65845468482767,87.81139730732629
140.4863773653063,140.96397880519388,89.62037839947975,87.78176075785215
140.64675706256563,141.25372363547046,89.59893798470327,87.76223027590491
140.89936334380548,139.0197246383441,89.57909113042727,87.76279657909156
140.91854668256906,138.32377235387395,89.56482996958408,87.76286597576215
141.39714648084117,141.30192849806028,89.55497721031647,87.74703692423691
140.7382209769691,141.24157986741042,89.60387378727096,87.71886557009333
140.2453859233614,140.6876242384372,89.61696000822887,87.71381011997573
141.76765748423875,140.62585669401122,89.64225770147847,87.75435460014909
141.33844834517464,141.53024606919982,89.67914971259118,87.77857211145177
142.16372926692452,141.5095716196608,89.67820768581996,87.74226700512187
142.38254636198934,141.5494416261336,89.675357812235,87.71329351185126
142.34695341485036,141.17354785635482,89.69338105693596,87.69648909409183
140.5669051797791,141.1166351539924,89.70026721159142,87.69130052116029
140.80747727527444,141.07498461185372,89.76067572932995,87.7210852512306
140.7585196570149,141.26208181197813,89.9514097397145,87.7353883610649
140.83312632448687,141.48511186364743,90.06673430852793,87.74851509941288
139.2715090684511,140.43028403946417,90.11026813617843,87.74372655157555
137.92792789123132,140.48981460404048,90.12235762294975,87.74235136348626
139.329124523023,139.0191118001024,90.017788488358,87.74078499852149
139.99448788862324,138.65603531003657,89.94168943212662,87.74068525854025
138.3157157168684,138.6315922555986,89.91251308909547,87.72415379044722
138.6766368242746,138.5529188260289,89.82025826060185,87.73990316181238
139.6161076114794,139.62649741104775,89.81733529453194,87.73007010723745
138.59945090534464,140.333344646433,89.81455597914636,87.78326382501542
138.15770632210646,140.6453260898731,89.81275666298662,87.82348929316116
138.4249968940213,140.6293091089037,89.82843252091057,87.82057406799287
141.42757854670774,141.6246227043651,89.7872734107312,87.77785043716005
139.51641232714965,140.93210286425585,89.78472682296427,87.79258648648062
137.9202379519955,140.53748300441686,89.87319593486872,87.83748974889566
137.95279366074496,140.82468427913184,89.8955169879377,87.81759449881152
138.03639477120453,141.02106658944643,89.90023640929712,87.80351968847023
138.87749665869163,141.55522022248243,89.90840921654583,87.83469623327623
139.25171826894328,140.75830384321844,89.88522141983528,87.85517727580269
139.45761218412318,140.41170785873092,89.87258359203916,87.8750206089884
139.42831306788963,139.8459743866004,89.87750848677251,87.87870766245852
139.16088582460986,140.73616212759543,89.67455166860775,87.88037763838565
138.10230613941752,140.63000408656632,89.69888458570837,87.89104352656096
138.77754567831929,141.20716185658114,89.75233945217404,87.91870536831317
138.9408537356506,141.34665737407792,89.78912811547134,87.9495659076077
139.10981017846154,141.34855583142138,89.81049175118503,87.97020417460553
138.45863582711326,140.67761911812602,89.77262119287549,87.96942676992633
139.73566974954758,140.88772246237076,89.7360974795655,87.95401259125566
140.40935886516536,141.03072861456886,89.70943057050107,87.93714086623991
140.08087334383333,140.79237142761758,89.72117737303374,87.90094820601976
139.75200522041746,141.6094110159663,89.74271909764562,87.91188395946627
139.55676318437978,141.89891861971185,89.76394168046969,87.9256067620163
139.88821997375663,142.04616922600636,89.76119639281889,87.92363185548126
140.2673274228653,141.79118974817885,89.68632082846635,87.90021699322085
140.9560458853865,141.9183248642584,89.69616860532099,87.90614298369141
139.5881999632784,142.12048737129564,89.69960271569111,87.93783825257442
137.214723699483,139.7942533137261,89.66297747658611,87.90585439703186
137.5866199605571,141.3016745748852,89.68145393329713,87.93853519512393
137.83521333213298,141.88009650498796,89.69588763460239,87.96252063440231
138.0078854377443,141.4650983895223,89.76978546826577,87.98246775290664
138.10837586587962,141.18854173898973,89.82344435128654,87.99482668420924
137.23260483892756,140.7047573168868,89.8450618344962,87.99958433193252
138.2422020876138,141.18526352729089,89.8558222209556,87.9567866060771
138.81793480776722,141.3204236115374,89.86425830092493,87.92979600345716
138.91894903944473,140.9228510545052,89.88868165247375,87.9314584422084
138.32488702068648,140.8668489133156,89.916977750526,87.92247609285023
137.78896898546853,140.6863005668511,89.92672621789988,87.97739399526466
137.62614181663483,140.58163118708507,89.93259537731723,88.02278186704308
138.10359960777384,140.66700553324435,89.93423533236759,88.01698489052619
136.26894018482633,140.03804727723747,89.93188422993448,88.00569611119897
136.2758225623473,140.01137747324776,89.94638017614322,88.0324019770106
139.40886898172454,140.65675795297125,89.94553983867154,87.98256894826922
140.68905356169125,141.1393183918804,89.9436442184045,87.93705035626051
141.05605367314658,141.36837439241364,89.94282756752017,87.94908427036094
141.89852558914723,141.7255568162532,89.91017208291949,87.91309120437447
141.23739316481496,141.79545298269593,90.04934762825765,87.94893838977538
139.59126906881266,142.39805889199306,90.04033269549107,87.9399648966307
139.3479062036092,142.3797907766611,90.0804456779246,87.94571645760585
139.0254186805644,142.3354846827615,90.10944108527237,87.9476225183037
139.1264195643154,141.9686381894191,89.93591070258272,87.78837361190567
138.47596348575766,141.28836321378327,89.93771195766966,87.79334061118801
138.38481113816164,140.88609678264712,89.9367060157001,87.79874445297915
140.99149574491366,141.56501754892716,89.89201072274626,87.7682400228284
142.1013866678544,142.75050064779919,89.97182209689599,87.77902074356412
141.3281601695846,142.63448230808194,90.00015363228906,87.83566036018323
140.2259556936566,142.03897687621028,89.99033889979869,87.87953187991889
139.79620245547233,141.8893404469205,90.00609269689893,87.87772514115481
139.6380368523215,141.85938563996788,90.01732299519483,87.87638319446584
139.3919957289094,141.6716782325024,90.03220704389705,87.86986920912958
139.6223559825595,141.76495849971013,89.95095472469899,87.87447656899272
139.7161527290036,141.78745073055435,89.89878914441262,87.8791544183302
140.5577632948267,142.07320126251747,89.92530095283912,87.7791828496866
140.1133701690125,141.38793480646422,90.01957175286454,87.79451686213085
139.8553716724377,141.12011349393825,90.08648627941821,87.8063603491021
141.64101372901104,141.44745943770468,90.06195770920911,87.71435204191172
140.18536417164333,141.0169015660095,90.02751758678986,87.66123550845246
139.3619116636308,141.10953755886146,90.00304328945637,87.7187806787714
141.51699711337616,141.65440819769623,90.03305628860076,87.74404963371491
137.10581085360607,140.30865916828785,90.04287747792802,87.75360411487088
136.39529615539868,140.6969837096461,89.96344298461099,87.7449947952322
136.1089796069798,140.99273096001082,89.9155901374549,87.74231596739334
136.98641102611487,140.85845709324738,89.89742818818864,87.81730497818056
137.2896029944123,140.6816568068551,89.89011306205903,87.87563433170483
137.85189208709176,140.4398503020833,89.88640384226404,87.85611975583974
137.4154136056397,141.50326600795708,89.87036910837571,87.88650735922053
137.03207860812924,141.44617909680264,89.9249075799734,87.99538633547978
138.36767051902785,141.57756176129837,89.91288444510454,88.00204256288356
138.84457746182198,141.38975610657184,89.93437465848304,87.98086121369498
138.21632788768088,141.20818838034816,90.07933560081705,88.0685215905215
137.9513187237354,141.2075254744889,90.17129743289577,88.13035799853554
136.1616677470163,140.3252339138232,90.16956672332068,88.09011295033739
137.86607771532027,140.52498685730126,90.18519204069695,88.07262682017728
137.1553255524905,139.8223301872632,90.08450013904324,88.07542432568236
135.6102825564731,139.48280865904988,90.0738574098173,88.11170522457839
135.03258398974674,139.35108632795072,90.06932241583348,88.13620748092423
135.25999632100766,139.64342607206123,90.10839061147017,88.17926424693681
137.86784209947527,140.43208882960315,90.1690728760988,88.1855060190977
137.60967139281112,140.69289371535598,90.16006744042438,88.1705474015374
138.13939834718678,141.0009269021524,90.14127429333583,88.16192770214496
139.4674089590193,141.2484955436857,89.95422030776355,88.13518078462987
139.42153710544497,141.53958276246132,89.9476079543893,88.11223982327122
138.38250628172378,141.05734977368854,89.86680007072661,88.0743646152247
137.68861555951742,140.7752945066226,89.90092218769618,88.11952381056007
137.22975357227804,140.63942088337683,89.93531762269755,88.15503243399134
139.05002406507649,142.082054930411,89.94733157431752,88.19303172670676
139.1568828730759,143.10167531115766,89.92216463536055,88.20062974206844
139.02581407232353,142.87853957423974,89.92115991093218,88.21290508977575
141.78381060443036,141.8130247692088,89.97859188127589,88.13135191759147
140.5858842669778,142.31813844663344,90.07179104709559,88.15619689146271
140.40730510870313,142.52453742771507,90.13662671504723,88.16721652247972
140.84416994786469,142.1815892928661,90.08983125519586,88.10228006365172
142.01733423751233,141.9681672400058,90.10147517190906,88.07951228732281
142.52799756583252,141.64644564789052,90.10734397867293,88.06164333673857
142.02104535921157,141.96510837608548,90.0388343096179,88.02791932718475
140.67594594168904,141.79375548067327,90.03035614525373,87.99677620176438
140.26592577469572,141.68799087913314,90.02695687445483,87.984810773678
139.94385291137132,141.92296448940104,89.87318283870124,87.99443144849161
139.13491587805606,141.52387705042963,89.84134885033869,87.98645105229124
138.85830565951406,141.4408887750482,89.81673472257594,87.97943471848207
139.12811836487938,141.52183900413812,89.82032497781199,87.95000725176452
140.17252634427268,141.92827306306532,89.9824563004084,87.86238602734512
140.33537324145632,142.01928312368773,90.08115591688711,87.79713486075775
136.89653937792434,141.0905525720482,90.0656535648318,87.83281391981971
137.36128804672387,142.1374469661866,89.97472901908836,87.9379927441183
138.16050861992906,142.61338957200724,89.90916597643103,88.00252518027081
138.16096734052672,141.40240137800734,89.89107839420383,87.99663929203673
139.7551234997029,141.77208366824578,89.85534979511696,87.89941243940444
139.417336021862,141.06866010749752,89.81167099676301,87.88476153234726
138.56668987073863,140.8884827340004,89.77450353936821,87.92933638592012
138.8680415203448,140.82987423734247,89.7069590479304,87.89915313570924
136.51022917029476,139.38068911590094,89.65299562988868,87.89460947872645
136.18021900017837,139.2035454078336,89.60640772361384,87.88810241806999
135.5212526926334,139.47541392529578,89.57496732176125,87.86239140565976
135.06187144373547,139.78089712303998,89.53838749609609,87.84424013565503
136.15722525370614,140.96774287300155,89.53925988657542,87.84067472801651
136.15616518204592,140.70622172979952,89.48033280434936,87.92590444331738
136.75444645513477,140.97933247583282,89.4208576161048,87.9492620297115
136.15051427207374,140.54848647663425,89.43600433904484,87.97488552397252
136.55526808244352,140.96128186726727,89.42665649245532,87.94612723038537
136.5506686577253,141.35867921792362,89.40533765728084,87.94735657171124
136.44979924169795,141.48277012486847,89.38727991124883,87.95509361928937
136.44562735700256,141.47266590973155,89.36041072746038,87.95039946436539
135.96024828834302,140.3980158799615,89.3074050559746,87.96208665754803
136.25068240972334,140.5771907190056,89.46856592298971,87.97419115970129
136.8055217900313,142.2120269048427,89.51286728949282,87.99495410398781
137.1622919707459,142.84354178773947,89.54418769816603,88.01473472532071
137.7375252460315,142.7634918706696,89.53673385902172,88.0442189571353
136.66925037184959,142.8285572119233,89.53004141687228,88.05152661662626
136.2552589843382,142.08720721845228,89.51180333936803,88.04629246035358
136.88697538939059,141.73111764035917,89.4700336948536,88.0060295770801
138.26723221883083,142.13219809328947,89.46177257914864,87.98646044733277
138.98619421614978,142.40451250201207,89.45634309168993,87.97390068526269
138.37158287799642,142.57490675564372,89.42837094335407,87.95171790584975
138.70424227314945,143.11412770570016,89.36859411293115,87.94471849878143
138.83799495927107,143.44390403103466,89.31730088580221,87.94049431646118
138.87005106465352,143.85421555654776,89.30738594424719,87.92731643628635
138.35755372162862,143.77081668753536,89.27653207952645,87.90691583885196
138.92366856594464,143.86990249069805,89.24634222079291,87.8903666461213
138.79930288006202,144.78658123801458,89.23100051236392,87.87188536545601
136.4007137615754,143.5911491392163,89.25271465441938,87.92630969744835
135.52244196455635,143.11266526326878,89.26465461664893,87.95155695245475
135.50800045982677,143.04621462167344,89.26360506016236,87.92141262888799
136.34134597730116,143.4071410483559,89.26871260011549,87.92383319227486
136.70658989252905,143.73155299844234,89.27214633041038,87.92836622597981
137.07976924215274,144.15878041971123,89.29880292484982,87.89953729318788
137.92892623888653,144.03317686643226,89.31560478808919,87.92727886027397
138.79905003274393,143.92914005886234,89.33525584826828,87.9462082073154
135.18646377459586,143.51963812529345,89.38498387621514,88.00855930164654
136.6249437633317,143.41762408202314,89.4444810809076,88.02112627532186
137.04717378993507,143.30733744449805,89.48908835185199,88.03262969802003
137.7094114778066,142.93351250544023,89.56473941025244,88.10413295779408
136.3445054034144,142.367624871722,89.66668963976791,88.12578462748662
135.77457215635314,142.09802261858488,89.74007603048443,88.13958660728437
137.65674635285305,143.2352973741787,89.71769232252414,88.10303551713379
137.09317442591032,142.91005294255424,89.75603983158851,88.09464550659985
137.33615766083747,142.66925013293408,89.78186077654152,88.08402846000511
140.24647142238308,143.30658285781533,89.76906002599489,88.05987766700967
140.17209268474323,142.8359685776614,89.78382711049427,88.06655272294108
139.86327562370406,143.72058144470066,89.77089007908623,88.06212642753118
140.10548104741352,142.75714550909865,89.76458342402235,88.04485716753193
138.8629801022363,143.2124283328643,89.75374618575555,88.08015460823215
140.06587359394663,143.85684152727566,89.76107479498486,88.06493082386383
140.30566930147955,144.208088462835,89.77040573949569,88.05512785345194
139.4364499139204,144.024538054448,89.8144694280929,88.0491840423762
138.8946070924594,143.86127893307585,89.8500199091206,88.04603845343641
139.4610140565099,142.92891852763907,89.8949459790582,88.05824610259444
139.58627713747532,142.483824768385,89.9181220558788,88.04542497779802
139.427523077684,141.78676264879022,89.91370153030178,88.04533824563904
140.73815481029064,142.0583636427431,89.9065679177779,88.08027662038934
140.25914608614355,141.82311614909005,89.87960581507927,88.07011952030535
141.56134563087198,142.08818537092822,89.88083676880507,88.06733728734278
141.9072388413315,142.11647186483196,89.88440253345324,88.06445847273467
141.48690729219427,141.963662176157,89.88734754908802,88.07043827411407
139.0967645692988,141.44645011334362,89.84504744584709,87.96413098229553
139.71320835638483,141.69095022248771,89.8034408279594,87.96774076706424
138.4481518008645,141.58684247761624,89.92863680623861,88.04421863646233
137.79531723109983,141.3949221002112,90.0042857888473,88.0947689168777
138.32466851139523,142.6667404578582,89.96970295772061,88.08998168077932
140.230598543958,143.2563913754403,89.96741643413365,88.14042480205333
141.12360562320148,143.2728596988661,89.92080245292055,88.1300961548146
141.49200138226604,143.28542136579105,89.88675544343754,88.120806906138
141.45019800949703,143.24245667003112,89.99368806816776,88.13848624465469
140.75131348906493,142.38439518620297,89.980590931219,88.1390195904976
139.88638933697837,142.25188704617878,89.97230272649573,88.16153764473378
138.7337378044082,142.10765795255912,90.03227959479189,88.16280660471858
138.17410182404936,142.16077728386014,90.07428621665065,88.16248445294154
138.26273238845673,141.84988842496216,90.0408640410026,88.12918651382864
138.8459922913104,141.92092776428873,90.08270760441317,88.10845435628441
138.37629563362108,141.88871389312834,90.07312579087103,88.11322893471043
137.7222446574581,142.21313203603373,90.07247297451038,88.11422956734566
138.24783692107104,142.61497274349983,90.08218386595506,88.08317919048588
138.4126360925463,142.7932728567406,90.09007495904358,88.060777568205
137.75969572260865,142.36021663392296,90.11677125421211,88.06082779743836
139.65846044058424,142.76954827547877,90.11314443150778,87.93977469805735
140.3400900424046,142.87305795791713,90.10649187840839,87.86782763018427
139.8328600243954,142.02204956728482,90.13808567980271,87.9881126129169
139.8654463391065,141.46926348439774,90.12740600346812,88.0033108749541
139.84045187744053,141.20448115042026,90.12306353577175,88.01574577130184
138.95454448904007,141.29063499209767,90.1199339053804,88.00823360801886
140.23744844778489,141.66512090829056,90.14062885460092,88.03779436390825
140.451408076328,142.0305287452032,90.14091410523348,88.03686957315372
138.32105120223775,141.54570747668814,90.132896218389,88.02022423927988
139.00419663872032,141.31002742570615,90.13409065497633,88.00079692760035
139.09706965310556,141.19191846932517,90.08545880703664,87.97197448752436
139.30218271897976,141.19338862306287,90.04645553966876,87.94579920595267
142.3211191948865,142.18235105533273,90.03900613234259,87.88481221648287
143.36995214358797,142.53133908595322,90.02943258640404,87.8365841678432
141.9848952593079,142.52186866649004,90.10495494259753,87.81835787306582
142.81500936279764,142.9015874478693,90.11325739741511,87.7919651421142
141.17942278137383,141.98005404991187,90.10917026802723,87.81453907897799
139.63279472922355,142.62999274301743,90.15276004567889,87.82801234577197
139.900566394793,143.20134873813444,90.12868578149174,87.80117725266602
139.85194405875035,143.29026992577832,90.12882976741496,87.81025786379367
139.90004764203715,143.35760437700293,90.12498460795547,87.82523151655401
141.8563076728776,142.22563009460643,89.97821598252047,87.81545241810709
141.2934131340291,142.08449490961075,89.97659992454714,87.80086528496324
141.60705502438256,142.44391024208352,90.0216474554599,87.88618128760716
140.5185705855901,142.45341196417053,89.97033268000698,87.89700891853815
139.96140292816727,142.3806484105839,89.9349221549477,87.91647323677044
140.41667844241843,143.3097624211578,90.04866776684513,88.02377475537523
138.76583481725854,142.9196462642547,89.81696269533283,88.05114727329313
140.45564916455044,142.94402570295148,89.84909069356107,87.99835221706503
140.43278440777428,143.9405052959875,89.85271438162513,88.00746246711937
140.32912424963564,143.8817911151899,89.85129281357881,88.00512247836653
140.41463836658403,143.73876383559428,89.84737314213493,88.00363273473168
136.78198098162926,143.00314285538064,89.92856569923647,88.04583255742375
137.9067081775966,141.9202013976297,89.94586444810068,88.0936538881358
138.29893883747388,141.10904482673112,89.96052259099977,88.12526956724217
137.38029956856013,140.899406564867,89.9697963983054,88.12908734483341
138.3616916804138,140.5837318468832,89.73848140747144,88.10148768533966
138.66614716656534,140.44961134722197,89.59900019278008,88.08490549738967
140.8335020418125,140.82449358950123,89.56502116586323,88.0266695057543
140.82655839912437,140.85334306543305,89.59762954950266,88.02737405071346
140.19533439127142,142.24144020672847,89.67918437896306,88.07343666243844
139.4937238126762,140.62016592071484,89.68589822842695,88.08112978193918
139.91643999723271,140.81198049853907,89.70601325416153,88.08648970567998
139.83172757122014,141.073877194478,89.68047588630132,88.0871536613815
139.79012062052797,141.26412429858385,89.66172335086853,88.08736054411786
141.69207829620964,141.36760250472986,89.66488659865934,88.10975349795459
141.98167662445456,142.5110399121429,89.64542210283024,88.08463513701517
140.20492472468825,141.78385619553177,89.53604770556043,87.996381130755
139.76941267159768,141.94126007511616,89.59342249985713,88.0729833246052
139.53681386086336,142.02769397307645,89.64636711455768,88.12618014661336
138.90908964256525,141.93590429773968,89.65743226906146,88.15797788203301
136.49356032196656,141.30854554555742,89.65890330217104,88.14573722656895
139.99009431799334,141.96272054415826,89.65278338638535,88.14761958705498
140.80968159068067,142.3647164076139,89.6441243607762,88.14282482848488
140.1495453723025,142.5538962642876,89.68108628255519,88.16025922643672
140.3015053209072,142.55981010309674,89.87548067656955,88.11965813315864
140.28071751815526,142.1622096970944,89.78098969137739,88.0844185209075
138.91508950384673,141.50010487061567,89.78164011134739,88.09986482696866
138.25999146765807,141.15776846315438,89.78220722210462,88.112163442634
140.09267720957862,141.41962603541467,89.81835182445496,88.12854617887587
139.2967627308234,141.6162615361505,89.81272092875284,88.12623338761345
139.30858447045622,142.0732449317084,89.85546195429804,88.09005369172496
139.45870443020982,141.9515441392813,89.9266902440235,88.09444687157139
139.45232568105115,141.3287844950846,89.88902185361188,88.04855841993852
139.1994052237165,140.98503036691486,89.85981114948206,88.01038588062578
138.64314243681804,142.04261668306302,89.9089980969253,88.00354859247601
138.26974539764942,141.92523989246268,89.91324193117606,88.00268863736808
138.45405305411361,142.11882468825482,89.90356415616483,87.958154890278
138.43542295775228,142.25312930923795,89.8928385132703,87.92661830218826
138.57891545221636,141.94831016055792,89.97735576569735,87.87018927486285
137.15617899623808,142.12047941321345,89.98374467095734,87.940294601646
138.4092234333713,142.37841120643276,89.9854818922131,87.99760668341939
139.5448830711851,142.75148974702458,89.92909716415718,88.0155751172022
140.39444845623964,142.94275476114132,89.8945535535529,88.0297423217158
139.7989247829058,142.35369815266645,89.84763481151424,88.05444374849998
141.24889627228106,142.94976872740486,89.8302490024373,88.02097847015817
141.1393075075476,143.08714071079396,89.86426341649022,88.0133200450151
141.24129373976328,143.20869546990747,89.86734801897,88.06895841906156
141.2848979639379,143.04893330149005,89.87799300445417,88.0742786469768
141.26644482597607,142.957320140556,89.88559672058483,88.07960860941414
141.42455010151824,142.95314622544458,89.89796024243559,88.08020442827502
140.55756766925646,145.09795077264948,89.89696907553312,88.13415143210736
140.68746067446543,145.90309897131078,89.89637337727687,88.17365260254078
140.62108791424743,144.9204714078264,89.90300707902065,88.16275064013713
141.3480642230171,144.00661265478084,89.87902112306666,88.1101337016117
141.16746019879008,143.09874383734362,89.85363116383844,88.12226367469384
140.2971225463936,142.72787771245234,89.87262150521696,88.12671925410942
140.4510033652912,143.11974318442293,89.85750512946005,88.0629358665216
140.08276820054,143.14066670766414,89.84364516232384,88.01979392639318
140.3410234761114,143.7011526752603,90.07700768880079,88.07398639075788
140.21269274383067,143.7650045324574,90.07752295530639,88.10463397920282
140.4086209273165,143.8507544301799,90.07146719608701,88.13006644116633
140.96442700534226,144.2248037449925,89.98030873430434,88.04503570115634
142.59062508514583,143.44582666859495,89.77134721998462,88.02433933073998
142.94491412343083,143.1736443403327,89.62906442105243,88.0089704879011
140.37033570713157,143.8902518791536,89.6422662090713,87.99397084085652
139.80503400459162,143.1669686822855,89.71510768122688,88.02387235089185
140.40110080839648,143.76849204441442,89.71956756456602,88.01964557979754
138.70264626119638,144.0448101885916,89.77664710290712,88.07670926715156
140.43933165391923,144.20362976393025,89.78716108644896,88.08657857615412
138.182200093493,143.9050135102881,89.83364315752944,88.07674767876165
137.27603056950105,143.6316341632016,89.8722678190739,88.0595068572273
136.71781706942514,143.27828171526053,89.8687309351094,88.04065423242263
136.844031211448,143.24476195286056,89.86442136998573,88.02188499318854
138.0734814147531,143.07696501826183,89.8411948613588,88.02703862493784
140.68142659848849,143.6793519052403,89.82050811404054,87.97759550063189
141.50299942933106,143.62915300351827,89.80840320078224,87.96525095491886
141.62882820174335,143.4131658052522,89.85393366329377,87.97035431285057
140.9880013072837,142.8848415815715,89.8394347951749,87.94201676704165
140.58209184661249,142.59030332195798,89.82529513612694,87.92091983747838
141.79127399145892,142.96025631090023,89.82296481714516,87.9402359414244
140.83089437628936,142.85128384610513,89.90302056619711,88.05001105589741
138.81413618207645,142.33633761938538,89.94805505503051,88.05288363330119
138.51937241603818,142.44025532533382,90.03271784607308,88.0598034706011
139.12662466365893,142.56706275899563,90.07763196521735,88.09559606529163
139.34156602412872,142.4536947965866,90.11169856340143,88.12072002184034
139.05969677826803,141.3963786958282,90.18529933428646,88.19028022988444
137.1415098635122,140.63445582946383,90.19594767251573,88.25096215816393
136.4433833182355,140.6108259918865,90.20193712910088,88.29401103668206
137.18538107781038,140.72061409191568,90.11632521096263,88.31705181416974
139.2943127473058,141.38958576464216,89.93883068445567,88.30445876779253
141.44020229899428,142.21815182568457,89.8649924950446,88.31774571160233
143.41110772514392,143.46505333178874,89.9292103588101,88.34479046256409
143.3093565059759,144.07354732275593,89.94419453081406,88.44564828718066
142.5091796231656,144.25265337073725,89.94938350870115,88.51414009165144
142.82553508783428,143.76080080600192,89.91379783613847,88.46901663555701
142.56056999929862,143.7888292153292,89.80091960489388,88.45304127081513
142.67179086159206,143.32637485942817,89.82713363194064,88.42393677777983
140.74287843396655,144.2185900160008,89.79557816538677,88.46180451158486
141.19377777633704,144.5868536419197,89.75237102939131,88.43579601305336
141.85389611825778,144.41014461370696,89.72761830049768,88.40362396973673
142.69984982250435,145.4076774251137,89.710497765403,88.40005219088948
142.64543116490458,144.63199757875722,89.72280259981176,88.38405788784145
143.17104948659957,144.3641428379469,89.71010044529025,88.34709356928653
142.76340081103572,143.80714551324894,89.65408067271382,88.36024606257823
142.79065138711726,143.8473601561681,89.51411614644452,88.3281721796756
142.73928896489903,143.69113732099555,89.43327387659623,88.34386719138553
142.57594208705237,143.94777434317092,89.42255276161526,88.311528459372
140.33065270508297,142.39072137888812,89.5026691543417,88.31024492464176
140.32835077123838,142.48110333592865,89.50142945851542,88.30995169416806
140.39872422550425,142.87484144385158,89.47252406713346,88.33285038069994
141.11431606257295,143.76949867315477,89.4960966996848,88.35748606671214
141.67081388981083,144.29409677846513,89.51699327811365,88.37759173308673
141.81941901399537,143.32232585944433,89.5194349935437,88.36408573710908
141.770908332883,143.31228354684916,89.53039693889671,88.26864319435447
141.81413890812763,143.35167409966166,89.55370824289656,88.19173682336609
141.82345884296043,142.96226327975688,89.61001287799202,88.16799704314877
142.7659136583061,142.79666068268907,89.63670477657767,88.1712579490494
142.52942342101213,142.87865872241747,89.60258627846919,88.21225249708652
142.41738050140575,143.0955871826883,89.61846003759031,88.20804348052481
142.08265155589524,142.9231482547597,89.65537073282863,88.21847551643327
141.77497198248747,142.8756515780908,89.68439102316631,88.23127613985875
141.73643736248505,142.8381447668402,89.65173610251146,88.17981197920791
141.32558015533232,142.16829324847728,89.62155962071976,88.14410949753263
141.2502796810067,142.88958380118112,89.8264974668591,88.12179590198572
142.08970606798593,142.79412899164817,89.90026693932434,88.06659546630848
142.09459041696266,142.95778919585428,89.89255622241474,88.05805015566517
142.13588163524145,143.07235076964764,89.88502788895188,88.05277777445383
141.79992360015098,142.9793943430425,89.89275119725562,88.04114558537265
140.03119465647572,141.59984901207443,89.73403926282519,87.98211190765481
139.25872137782454,141.13410541391275,89.64491416261734,87.94119987671469
140.64593195450112,142.51698831760433,89.8095864436028,87.9247495035279
141.4452072171212,142.63342870913957,89.85415132424781,87.89575794577046
141.7460593208842,142.7358579463468,89.87597171452867,87.87241680580848
141.75877237555164,142.69401308911037,89.87714035361095,87.8980798533766
141.87855943026835,143.71245937037568,89.87934013557549,87.90479134462889
142.01009612055748,144.3102901337958,89.87837810594799,87.90449182509987
141.09879193137002,143.99201087155163,89.8524904242044,87.89963421111247
140.16530436197877,144.02711979720033,89.78204517436488,87.9215967268176
140.40355272643572,145.16384143649506,89.7788014614068,87.95168452128009
141.0751361926843,145.6137516956307,89.77700478652393,87.94497489561134
141.18547988689642,145.22364780727224,89.77724756122147,87.96815988805027
141.31089205113045,145.02696517581433,89.77697441407697,87.98327759907276
142.37577557987368,145.03241542507925,89.79108128742027,87.99716136725544
142.3412022076854,146.68345512644794,89.77627801307555,88.03203574858189
142.2061894639704,145.50498747982883,89.83907357576776,88.01178798876593
142.88202820287853,145.75467382037223,89.86390020021017,87.98282330701267
142.73314113461163,145.16307760680323,89.7762388640628,87.93500807800336
142.60440330338758,144.8514960207873,89.71400311141572,87.89287276118354
142.63484986089463,144.1865332310071,89.74117526987078,87.92590573841845
142.76782582125554,144.4709872801211,89.73443187688736,87.9240546222565
142.83138063593825,144.64326012046837,89.73174686501784,87.92035491791334
142.4777473616441,144.30401928554542,89.73953738140769,87.92035983563481
142.38080862817262,144.69453923650224,89.72409515359821,87.89444183834988
142.2264725055452,144.61757402394542,89.68250451535653,87.92778952765283
141.42796648528167,144.3661770038135,89.7137495524407,87.96288407990906
141.90828018217834,144.26184691667714,89.76319692375675,87.92030106826769
142.41216035567768,144.09958232889065,89.7955388693644,87.90714814102803
142.41531908206383,144.7264053820445,89.77795289697904,87.9595939667027
142.01239772431984,143.23644424993287,89.82163899441046,88.01306685016617
142.29040960426747,143.5829627462302,89.82342149673502,88.00949142209001
142.85633778130784,144.09122276738077,89.80918974519918,87.94289390096282
142.7314422283434,143.8284761385994,89.84189786834173,88.00422572688188
142.5740172162244,143.6428419851419,89.8730592051452,88.06149619664102
142.96233749937605,144.0014334848693,89.87869737058101,88.07563617946374
142.28935723824506,143.77361710268386,89.90669653214321,88.09616177336501
142.0121388665482,143.82387588823522,89.93072607801092,88.1136353075995
140.69321745783995,143.73811991527722,89.93496942279582,88.14909608128393
138.02671294725207,143.23232812216733,89.94439928694057,88.14711523611501
138.47356925051412,142.89068995389042,89.92625219874918,88.12507754758525
137.62941405640794,141.22012005354514,89.80555095331152,88.09344968456914
137.64131303765956,140.95486185636057,89.80565266753385,88.07934185567022
137.566461801329,140.8265650290652,89.80469803095444,88.07032639969493
137.6954364872569,140.43681144478893,89.88277440596276,88.07288333448663
137.88938860134382,140.5791794962929,89.88444273954092,88.05381180578148
139.69520233713487,140.91648978117502,89.88243721516612,88.04986257922334
139.62564015962772,140.98128451245088,89.85109401088911,88.03227807270223
140.1413647766761,141.3138866119717,89.80388608309804,88.01894385614487
140.2027263880418,141.42811315858265,89.76128921054661,88.00842919991976
141.0246182110933,141.87259523771706,89.7304211174272,87.94622259489546
140.30420545981792,141.6883124970243,89.72610977588977,87.99924318900422
140.0262350950192,141.81939560592286,89.71932745176171,88.03889277237052
141.7156488920928,142.25888840734646,89.72236857065724,88.05799749623186
141.7445468926997,142.63239691610798,89.674034466292,88.0429319944593
141.27346000652255,142.53923934877164,89.67713594561523,88.04535218647072
140.67436164245012,141.58485627370686,89.69058063865424,88.03727671971454
137.98227005324475,140.95553116953587,89.71388889778335,87.99074796178569
136.86659960893044,140.59241197360174,89.7317560739027,87.95369003319205
137.31829589273948,141.85208770289012,89.73205375912785,87.94075160378905
138.24507697831504,142.0686443537566,89.72768166773544,87.96261289893812
140.20073534323402,142.6719176350911,89.73618553537314,87.98885319565703
139.93285364062177,141.51317370250942,89.753234268178,88.02091041064384
140.04549455856878,142.00876096944504,89.75736174493163,88.01777903527547
140.08354819914055,142.1915221753698,89.75791179844136,88.01256150768609
139.76255840152166,142.1271382612782,89.80995876556919,88.1064114144933
139.5578467663748,141.71656440794362,89.83063337367709,87.97022117457199
138.07029485108055,140.87661667637914,89.82282360448474,87.9776433715346
138.10001274989938,140.71563340600855,89.8098077697873,87.93163387783721
139.53570314148664,141.54072981794076,89.80725763147451,87.93858991187432
140.2529073033396,141.84220494058005,89.80107405204677,87.9460031972396
139.16754749939435,141.5899016882127,89.77938607707485,87.95656185378459
139.35383465288373,142.09961155114246,89.72245098494528,87.93756143487683
140.31806360489134,142.32088110940845,89.75944885023182,87.95165758016637
141.10967397307053,142.68448093367516,89.74921212330858,87.95015085632367
141.4714067109696,143.0330583309762,89.70637776983138,87.96413464895709
141.58566703892504,143.0410603604178,89.67568015736074,87.98431940731425
142.28775989766427,143.10120969053207,89.68323555168755,87.94844946700307
142.16556090233902,141.98732691994834,89.72886103220411,88.00548677572193
141.89624234186152,141.5697270041519,89.79699713868105,87.99407841358898
140.1014217173948,141.31113255552415,89.82723126934677,87.99591137234066
141.49007265613167,141.642518162122,89.84195832292787,88.03533746862867
141.78600317645504,141.9522475723588,89.8559981631627,88.07039468655212
141.51389713548855,141.95910683466425,89.90298348183836,88.29052130481189
141.90994523077816,142.95049903716432,89.91544900603768,88.25977117284134
142.18825047969926,143.59533735006576,89.92687924610016,88.23738012705124
140.7512627262207,142.25541836608846,89.85396293075945,88.27388977688801
142.2756502663793,143.16125003207227,89.82794953916458,88.41116694159363
141.54952437608867,142.39906639035726,89.82929575336024,88.45180673434402
141.43182521344866,142.9457277481641,89.84504679991653,88.45402079533493
142.71092926091097,142.9512348321428,89.85737061688258,88.39077214658116
143.35686811928025,142.92844810613897,89.86836666959634,88.33983029839396
143.07756497721428,143.8355345050117,89.88965119398064,88.34116047721702
142.5887493210901,142.76566550463974,89.90585268979896,88.28029538858797
142.7046305435108,142.68823267823444,89.7959010323891,88.27235740941839
142.24140321659718,142.21216869852185,89.79322946664547,88.26567461940994
143.51792561118646,142.29253906898535,89.80227198862984,88.27706301565179
