133.4877392533937,133.5320158951896,91.74722417070517,88.22719962932722
134.23484775480526,133.81723620661242,91.7778462285036,88.07875368293756
132.90051019418686,132.57700839256432,91.79820955705455,87.8960492982913
131.7533016293264,131.35370378236706,91.78873722790068,87.79124614618144
131.2126169321557,129.20054670451057,91.76662874353039,87.71765299912765
132.78052411741695,129.7939345031896,91.76893932026921,87.63927459085322
132.3852866798819,129.08931361459628,91.87593741618218,87.62979267279569
132.57925213596238,129.2888649956831,91.9740108022648,87.57143952345443
132.41426261237282,129.32757784526743,92.05842378027036,87.47017271549959
118.80670934878917,114.71435704511937,92.21136312757132,87.56088643003314
114.41358566596134,113.47983491734074,91.97433202477588,88.35015674249723
102.91377279734985,113.55318779310014,90.97878184981147,89.59821367175763
95.7256044193599,119.58173606167962,90.32964465361691,89.81780361278312
105.99188546770698,105.2371019481516,89.96618626670241,89.95511253743896
102.46450805723994,93.99323899039204,88.95383820632806,88.60140601185637
117.36545859402294,105.95708573328842,86.36442938913662,88.29509255271047
121.08963247577975,111.59385334314385,85.62150907428233,88.18736752614626
68.62091765884895,105.00852877681277,85.02865590756713,88.16484330953385
99.37881890142715,95.99350918535188,84.45949835105294,87.77362295975831
103.89063844253359,94.2339880890096,84.0630274966355,87.34528896472398
85.71514535756083,97.80907783765647,84.57465733349102,87.35696165784228
93.40639813225054,108.75895005267535,87.23735919755497,87.44781115658833
101.47719500121818,99.40622238919185,90.0455659080282,89.42503426631835
98.45005474449357,110.90821028912313,89.82546672583955,90.99840248088213
99.99548946997916,40.39088332109654,88.76393826511024,92.1437468788895
108.59589297029227,62.904469188075964,88.95784575141772,91.88024223851
111.8231543556774,104.15648554600443,88.82806203941969,90.57324648943496
115.66276503131981,94.92622435555437,88.82974665862277,89.27398864429165
140.34721973624104,87.77289257112518,88.10884384313044,87.2044881216061
139.27745638390772,89.01943625753552,87.52264475803452,86.11726625846258
120.95029979531296,127.14441387212707,87.46286749839781,85.57758496535702
127.25547222719662,119.75591694080018,88.15085402914065,85.64983628237484
94.34821047041592,106.55169679389027,89.31552636906923,86.58384772999727
101.54519060284515,112.91422483735788,89.83714118548264,86.89398921194739
104.96950655929504,115.90824476493182,90.04097077479662,87.01764528616158
106.03657957331693,104.33252740015003,90.15791918449591,90.37884040890481
100.66091367156916,30.413567645384035,89.01139421374103,97.03913926569993
91.47568087199438,24.790759947130937,88.30154965897694,102.06795703265283
94.71208340967856,38.6264867162567,87.96120744684242,96.41857749949679
109.41834213516128,90.95281972125221,89.2923257190194,94.58609545006388
95.48053696648141,112.49358485573399,89.37530497941866,88.72944181428416
120.31189546975783,107.15338030644658,89.24518075460361,87.18707236681566
50.76504015868329,105.42431820274541,89.14639599286346,86.77321415798781
60.156733599364365,96.66934442198281,89.11799239488835,87.86938555076514
56.67645404871916,97.55214443965849,89.12059873554047,88.02835987645899
111.8834648864198,112.63499862619965,90.33434779544316,88.57173271810042
129.07588213624638,121.15215387651958,91.23323970211024,89.01874587330387
103.4061401330045,91.92382536291194,90.83388394491102,92.61236577855485
101.69757509792,48.038818410237916,90.55589479307994,97.11891952929216
99.780999492731,47.211066299109746,90.4840172182727,99.08649889884052
72.1127938752558,25.255459741118894,89.69192686374114,102.6585265384559
79.61613288657195,25.382678287076235,89.19834971227729,104.65429033987901
114.6320887465986,88.75003399471751,88.95204857709892,91.90755237805264
127.1577369871834,95.3046350816881,89.02232412970321,89.12903881764893
136.5892982195035,110.43590207231706,89.03390325980656,87.74269687949389
129.8352342511996,106.4711465909184,89.09132846887617,87.42427969288022
133.70088381748351,103.05191384061906,88.78832028755355,87.65650042447963
76.32026930490558,99.8555516935579,88.75771989728555,87.03470545861153
69.54164081860536,107.04670719041785,89.4565991163145,87.47964723879495
96.21863598954803,115.0871913083275,91.01399603363143,88.27673271075719
100.93078917902389,108.91347590041275,90.8820551050158,88.19343027623542
101.75664600236809,108.71625822068536,90.82259665246937,88.08588619950775
96.50850665841544,93.32564004708557,90.63910657809946,92.3379959730568
83.34161139436685,70.95198403348856,90.79573993212063,96.33387836548921
94.71648516658523,48.28460631179182,90.82962091464434,99.41777107645329
104.76410997186301,64.13646820048896,91.06014007288036,95.51791712609358
104.23180371334674,107.18689416735444,90.72729138131677,92.43601351916796
128.49156289366488,108.74578631203579,90.43884712768954,90.21490058752727
127.60512945168162,109.56772990746708,90.2972428442753,89.3085371428792
126.22372599109333,104.82699960013534,90.18303230132946,86.70336849037113
122.54216762536323,128.30951016775944,90.17536773315598,85.829477068422
143.6991341109229,132.72851585431368,90.59545821124411,86.41508827648988
83.14606810457865,125.32492313712032,91.29013629499238,86.47347699580459
71.4663676017851,116.23708860829895,91.72677082591863,86.6371853418767
100.70050126428534,117.78751921402784,91.59253887378341,86.80889918550508
108.14020917482144,107.34397800807837,91.34428485394555,88.93362666837334
84.53532087710495,27.57986716662192,88.99827445071186,102.32255570333233
84.65239535299209,32.61304230647531,87.84223811205634,98.57210835687619
97.8481832135834,42.50719796515816,88.68240238975623,93.69021722780624
108.7325834114973,48.96033753031442,89.3393779775125,92.42714495043941
110.77690389236362,104.4373249121866,89.87784919642364,91.46471011354582
111.78481507157265,97.4259179872023,89.87657823083191,90.62292277454785
109.46388475455984,96.79654460318427,89.8681852972202,90.28558163171823
84.71641761106477,98.79412006704877,87.70761460142141,89.76164000226463
132.61050304508592,108.39371108429448,86.73863690833197,89.37558068119165
83.05642851901716,113.88244804110384,88.41790692304382,89.44952048769098
97.92476765632041,115.18532479979869,89.50425254152822,89.52154132235788
106.05522979738222,115.49389120443115,90.30668743688594,91.93328483361194
107.64436168378188,112.54455450653772,90.65186756143007,93.19756448885633
104.44154686361023,48.44079315080642,90.66409890184767,95.54935248231858
99.71330601701919,24.610561404326,90.16431624189856,99.32425086590057
101.08526294655934,64.57639339048437,90.05641660900584,93.83480996644771
111.40188756852054,120.05732495831168,89.90117906512197,89.53056144595261
135.58074362465285,110.28403875375481,89.69971600402893,87.13442070428351
129.13933165625218,111.3918934245665,89.46078048499177,86.743244514853
124.23707231235248,109.26534039538414,88.29344948819106,85.78272656562069
122.85121169196292,89.72361222459692,88.05741054416495,85.38794069435535
141.53806985130817,97.32505935530021,87.73686403813133,85.04291660460667
122.27608183439717,120.19440357010853,89.19258023577693,86.25747839533807
108.93313946981965,119.66492864582044,89.77503860813049,86.84999839758508
103.05975248969203,116.7090320174983,90.25407117997649,87.5074636864307
106.35607169964213,108.49157726068532,90.37927436129978,89.95527677085853
100.35747058544378,51.38257941813768,90.4731747679576,97.86875284671932
95.53044906363263,23.749148913771762,90.10514610181458,99.66093619006267
102.6190415208501,69.30894518237359,89.41975867779871,91.42650726729767
127.29900316666124,117.06104934675,88.87027048391772,87.89954337250818
143.0724385921908,115.44598602230681,89.11156732592973,87.92554273266242
141.1978944554873,82.49168838619234,88.5089201763504,83.70285936287787
136.7677475528908,115.42685128088311,87.32583480548294,84.56513795332518
122.23837048264107,116.99881428369105,86.08772920572638,85.09950872786703
111.76235563985999,114.11825931372094,87.96536264706414,85.91565778263531
112.99675500963043,111.4279846709038,88.93864024621324,88.1080727461186
114.38383340764229,64.54314292750408,89.50679962484895,94.20512859181518
104.04394837058673,25.85655871638467,89.05684204630927,98.29523184654163
103.93009634393808,42.098645756698296,89.24368846699758,95.06809531251122
102.10340499051982,101.02709426389987,89.21907776919139,89.72547559782133
139.85253604845687,93.3714381531058,88.29959904404814,88.95486768688258
132.93702770205346,116.64190513969723,86.63425327244897,87.46886585392447
133.79226074600965,119.85716779353912,86.08604772143845,87.47303295528489
128.5741495725382,112.46978656496199,87.30387489489516,87.07355668379698
112.75827123017456,122.97456890460656,89.25184985094997,87.06791572207122
104.79729983864124,120.42721386390251,89.88391744926267,87.04536829513904
102.73633958164665,76.46405244252037,90.29783514028311,91.0248450400789
101.22584672683729,24.717256577189204,90.3005050398387,97.99194960473922
98.19971774244048,31.431262761571084,89.26424524753223,93.50218454032634
91.92462983769333,32.50504850191677,88.86210956643316,96.97697447823427
102.46819429461198,63.47726037194995,90.11193890948529,95.08536662626324
119.90502960065675,105.1458131162368,90.36888811225623,89.64702127083733
127.55938216102464,125.43009165176599,90.06854844155437,86.68830357460722
140.120045805185,113.710684957048,89.62176775921928,85.4166370861433
143.84992886353095,111.95633216673124,89.27811021135078,85.02745157581579
139.7843471763498,139.2061958926209,89.38274945792644,86.50021043402668
151.4487077018257,130.8527857012635,89.14079038465549,86.6897940535015
130.42125347483386,124.31568489856141,89.15729021594788,86.36036897840343
125.69812138319867,126.05922390297711,89.23101608618715,86.30929169759635
110.9012671508074,124.36813123308485,89.86581718768409,86.66625611644359
108.55862280408468,122.2051324618681,90.38973774040885,87.84197318566522
116.39706316787095,31.302945649829983,90.34511130001289,100.10865707676493
99.60238092711197,24.67367761646158,90.33679045503911,107.70688970432374
80.38631922958153,24.289693701574166,90.22863527463913,109.56877588559749
93.58254605459784,29.776497092279133,90.55622246381509,101.522800439266
97.91198876840488,49.67784223866643,90.71303499472214,92.75648966046568
66.13037975381427,80.98656083662827,88.83743782184258,88.1817285996698
65.07446243545765,74.10507378615209,87.08381591367124,86.2753452539892
53.38921812176535,77.44607943123383,86.01356184778179,86.78048721782639
47.25477322295577,76.93087646747179,85.17381330386497,86.80057108474382
43.85783342439629,75.02282843299854,85.84426193215431,87.02854815412408
120.85924094580099,93.47141498379372,87.15348730842604,87.31904760528134
132.00873380297278,93.92327702454016,86.96741633250768,87.4192260929673
126.46467726922674,111.35527122985192,87.802037979199,86.78376900077983
110.90073100376746,113.14137324703215,88.57960475700717,87.53563802862516
104.28698217125819,64.81059495905814,89.02670519801778,99.24760415683787
84.26709898298793,22.508101802014977,88.84317605356892,113.9802641111467
66.63485901795192,21.74537657164371,90.17420233112166,115.76073886836502
59.896732812859774,22.84469910857665,90.89990700459019,115.59693207741759
70.4060754536058,55.054658680479065,90.60966713638261,103.13944115273716
82.53100235823646,71.07172247886018,90.41703702856546,93.12993882688316
108.94891414341072,88.64335387317178,90.25930155418337,90.72462066775667
86.43132944827877,85.01884412680184,89.57625291886258,89.10131166705278
137.18418351562804,75.51531034412615,87.95708354840534,86.95776676717354
64.24677595637147,75.97913383367921,86.85977474103936,87.1323789837441
44.89484592691173,102.0604614671459,87.1830616425903,87.15241518852514
39.458085552437815,86.63410648240591,87.59878869715223,86.6437527104681
40.83966635290607,83.38702333636229,87.89439357916382,86.31820657950625
67.2324277688899,97.2913447782765,89.40661563032718,86.88524674426172
78.34352774515114,113.50577137594014,90.20075378375944,88.2246148205504
78.51987553276038,112.7221522645056,90.65356600233113,88.55217713769075
87.1298296798658,29.33781641718555,89.90721122369224,99.3970281739488
63.8728267715039,30.646343724926503,90.98659144541675,99.92279624253312
62.04116882807091,34.56471751664403,91.59420290716021,98.52302562399707
70.96882648316989,60.5713660213098,91.63004369474046,95.7523137425433
81.41539788886172,119.26976597062252,91.59818980772523,91.2558922115923
122.72709736597884,98.54685790341635,89.00502633956367,88.29595675072196
138.95361833626308,104.0049762267436,86.51850768730884,86.36692819051109
137.72425948849138,107.39040363721568,86.19709874068003,86.03903267487688
128.10841280860458,133.63228799286676,86.335155154409,85.74026179395072
128.56920596087195,138.31468608485838,86.67353816206234,85.68866612782966
117.48168046549094,115.12567988853716,88.24278992462871,85.95429399147166
111.07960563547948,111.85612125207224,89.21874645073193,86.11725006938653
117.06905394909494,118.47756867515086,89.39554544547258,86.6323866365186
103.3509748402496,59.024348129320344,89.50426067593511,96.65398495172927
104.32836824875108,42.64254235723194,89.76204486986012,98.98896289271624
108.26817297736571,32.3196896603216,90.02220110123649,99.85656758842765
94.8846658280463,30.23223602191732,90.89596447635608,100.52913529736512
90.816783139585,55.94895626492133,91.48473793435036,97.72996626916063
93.22242234419002,57.32709401709707,91.57966375598659,95.85638734385742
89.4815963755889,82.0712527531772,91.09795258889112,87.91699132734342
142.5932224101624,113.45658478106154,88.5103182349465,85.51171741956095
140.35535530741637,120.7209967955918,88.27884110210134,85.22044387202808
99.83280438535591,133.57925949453008,88.76232719066684,85.84234264386113
93.51131388923905,136.81210777644282,88.6784992543485,86.01260244587395
123.14804909462386,124.41178255339126,89.5897673487951,86.5838011016959
118.12712606491534,119.71760839029977,90.22752017732697,87.03462301272312
113.83985546840582,116.80036441088615,90.53745071055093,87.22250160350723
105.05638530599589,117.72502203055747,90.48296459943744,89.16627025980637
105.16194305962223,94.43905671880823,90.56767563025981,92.79299903824085
104.09643213389363,85.33066775760207,90.68974982872456,93.00279579574284
93.38333490181151,33.72908911531983,91.0520659228283,92.31790460924965
104.66584986588167,61.28523573945311,90.7243507358014,91.45637266234128
111.08192956151791,69.43259171260138,90.49177383568927,90.93281418185822
121.56716683167234,112.0656604086311,90.26618641397641,88.05815977554798
115.47484101799678,113.86176521723631,89.31390997145296,88.14445242601658
96.1146522140429,119.54803290967513,88.1982428025883,87.65229030848697
80.63765769463068,131.40037916328188,88.07421268468148,87.05630492713955
105.55283930259843,120.24065987187537,88.18302685828345,86.85058091022199
88.33671255348446,115.05843497706233,88.24734235033073,86.80990892184157
105.78930217947885,111.60539111024151,90.02202193880422,86.94764948201205
111.54362404645235,120.08005876437862,90.3001189586565,87.56805435831868
102.68959853823637,110.77231214529819,90.25070294426145,89.93999951026048
104.12437259998352,41.95413974229106,89.95295940241773,97.08962070981931
104.75493456328515,29.789758581457058,89.79360771225934,98.37570342771225
101.08917003516196,26.120209684573044,90.09828293624061,97.53643531101841
97.06154801164126,77.23857276158856,90.75175785465743,94.85683728721952
92.82309039052873,89.81692327452173,90.85713680937421,91.6183719834789
102.28341206888176,94.20606939146273,91.17670621136786,90.54201192314441
110.75587793882146,111.86048235611229,90.81960269156437,88.1826011153821
98.15387620579492,92.59899103133029,90.39543482233307,89.26698938481023
93.21646474078919,97.31304334185576,88.82417975925732,87.01594449463344
68.48104423775534,120.9924292077661,88.5268646975182,85.6257624323864
119.62245272724888,123.14210473469483,88.66719206746515,86.09006829100102
95.04707454846711,117.82172862456396,88.69333075664618,85.65683930381172
79.19330797852787,108.90163601991833,89.36425994907593,86.29571960508571
101.73845221910987,114.56326301995506,89.67449564048984,86.84906684596912
104.21779458663038,86.87895266943572,89.68351880193366,86.94101773321907
109.08175028478524,24.02646931098774,87.79374687934917,92.26999853327435
86.96535816168101,29.16335705428824,87.73602413118633,102.61867592974366
89.1183374570696,29.69523185800458,87.69156316664466,104.42840097666772
89.74923287904723,41.1996725530581,87.7091265418201,98.79043538414903
100.08336229449147,83.9762457665634,88.75520760377904,94.99424257330682
77.11583062474257,88.94564036492147,88.35509589270669,91.72145901767027
79.13781915398393,89.41748389996039,87.77489705591624,89.46918402300629
127.19905976848715,91.79385808814172,88.54797802739219,88.33992473921046
116.21971116616947,102.14483461677634,89.31714663843573,88.07956633319233
58.927970705055884,116.81550778918935,89.27300095601198,88.23258160563414
71.34937969910648,103.13715533885247,89.78135938010574,88.04757653016199
75.76360280256782,101.80052018273304,90.01969877480659,87.95521088181975
65.30354741146608,78.94801779007342,90.710383166963,88.13140027894309
108.62188339462124,115.70867007036591,91.09873274505892,88.20724976697078
105.00406429605866,101.56872409957884,90.26828648719543,91.77485203416313
98.95101874147157,30.192456725962632,88.17984092897608,103.91429371797406
93.56018235914965,24.86027692701461,87.50708898597946,113.59786590533099
94.28443720074219,22.384583639990804,87.57804147892394,116.21465656542136
102.21097601673044,55.95625168101022,89.40795090447386,93.22211259067346
112.65654120521705,66.60127861515205,89.46707548953476,89.922985086208
140.5748459894329,81.8354949818212,89.68040206520858,87.75680116656261
143.83889064831092,128.84258458766988,89.28647214624974,86.3976008874362
129.4520779669003,90.02019144520233,88.47921440701612,86.04533652946115
80.42941895343033,94.90748994989143,88.10189323653353,86.62506838027171
57.155216202965605,122.81246837707509,87.7896207559281,86.52611017059822
75.73745780609342,111.15471897824627,88.52096405435542,86.81254977285496
80.51477118228833,113.72393221056623,88.87821121347386,86.89904105017212
95.86633015547574,105.09178735017993,89.88121353496908,87.61684233641898
107.81320827903286,113.96231623596547,90.07556545388417,87.99247728006148
104.23193851199403,41.81294959325811,90.27527827071856,102.25605596023217
100.48977409204664,29.659489485313653,89.76145605898019,110.8163728656523
83.05399445618136,24.543247796410796,89.91191705377896,113.81073038159956
84.10731308833219,23.701631440243894,90.19376998749195,113.81709607268976
90.80710497730152,67.07710703859075,91.38862083572907,103.96005529752902
109.93149610072602,62.05450070423146,91.12772813525797,94.12095533428464
96.66459912110864,84.2893321857482,89.82925855525451,89.43175741451378
97.88349499819498,90.2943382685227,88.65134467221134,87.28223147622657
136.56503410058178,104.68772917793011,87.95121954778242,86.97339631964577
142.5956653010416,108.61204000457482,87.28824969087333,86.54933290821269
131.8579574097743,132.7098728841389,86.61606719995987,86.48373266299065
80.0604663392816,110.48801893874828,87.01653815021045,86.74961754004671
75.19849596650182,116.12861264127532,87.19270398529112,86.99091453624396
128.75508985141784,121.45295428597593,88.99405242633561,87.56344279696712
127.65250064325221,114.71865715908892,90.04566293131087,87.38556748721334
125.37604737536209,100.60910893783516,90.15992279292374,91.60280588793016
124.45595542683196,42.32084810473104,89.9088196298455,95.2807279824808
119.47376837362832,48.9734409408504,89.29307092240526,92.22853276138478
109.9498807787946,50.868815406756994,89.12136712485336,90.7877992684985
114.24430527729685,43.125863163825024,89.13417785652368,89.57839851292901
117.25523530850522,62.61780512729641,89.03124703511962,89.48282459692716
122.4286569142965,91.31729273756878,86.29371279615474,88.52692307413517
119.58909515706999,107.27272696474,84.82099088745048,88.2456608188424
40.12631361288598,92.9528840505146,83.87997086267531,87.70145685471341
40.812622401908115,89.78432825811294,83.29531354166461,87.4571977837445
99.2716281366226,116.7989685194443,84.64374914571019,87.71059865653882
94.46433552139437,104.93655622596079,85.95924356744463,87.43073580860737
113.2009382495042,120.25610367633008,89.26626188003989,87.3038805674465
115.71628958747672,92.696674602148,89.41909282784097,89.46670249314757
110.49007789574252,48.449477331444086,89.47675100658178,95.66638198310991
104.20378246053528,38.17450249317834,89.7229314840661,97.89476945788999
94.7785981434912,26.449351271158775,89.6808936183184,100.46867581344318
94.6927914970514,36.90812679189973,89.88008370580151,98.57201688324452
96.34751257519052,31.834987600670306,89.69810200127269,97.88215096005315
106.82127436290168,61.323230364003315,89.56498540178741,91.88818542123619
110.80486350051562,107.48814698628976,88.77157697895856,89.1454951620087
129.79966297506954,109.9704519164044,87.27038282209288,88.56933647034607
115.47987793398137,121.64755679221844,86.26474120800795,87.21612112265655
94.13488911156567,122.06925194702232,85.28424609675766,87.44152873403556
50.11371389852714,101.45325905940615,85.02324860199603,87.29447507050148
66.28395282341121,100.11150353261715,85.42925962146889,85.7343679328835
90.79873768171039,111.38454220390739,87.86043622882306,85.89940943019423
108.4001907017884,114.2550699836815,90.2341955530704,87.22743242103353
108.52561301491632,65.01215872678391,90.77932774230644,91.34057942428709
90.42341414905917,28.68068225014243,90.49646367056616,100.59597144480965
83.43919391928503,25.60154792936548,90.5055821978919,103.11229137261563
93.36943229206919,30.46615727288793,90.63792960996938,100.10222228793994
96.55523076132224,33.57255256964592,90.76948168489375,98.36171650587995
100.64562176474155,38.088667626084245,90.90406139377451,97.04115558133726
119.88874022401214,96.75960433729165,90.74545646512658,91.92841801900222
121.97937478658933,116.46728031933641,90.13639807311645,90.02507523109583
143.19835693738932,122.66234526608098,87.72796668983356,88.17433664971203
160.1903192645513,127.08327781663135,85.34456306025717,87.13170254437539
65.55378281208353,102.35163209588234,84.84065918137999,86.9059740284609
58.269409004603084,96.29642206904627,84.81718077073856,86.83901083573139
68.7245490422163,107.38878515770507,85.82701472481426,87.13009072325619
72.54155310377995,106.36153134947794,87.26873020868207,88.28752277034806
69.64600296078844,104.96737338468954,88.01375211989199,88.73028882393291
89.75709311150122,97.12302606593781,89.77744554969719,93.14852564306598
98.90956767738079,46.59665030358737,90.45234445076639,95.37192176489982
97.06545258463595,30.06282518691763,90.44156739888598,108.30669349322869
97.37697843368095,27.59564758722514,90.36668022761678,102.65369753516237
86.66286382593283,106.18661840119626,90.2956407132176,95.18056367894292
83.02732615960464,111.33118811334737,90.25519942847319,93.31271891058388
91.26788363364749,86.63293433930464,89.96666182647559,90.99513752027306
103.9698642499938,88.48828964936668,89.51500095444177,89.40396777190658
135.41006667969697,120.37687250492935,87.75307978939802,88.26511914427456
50.71668798457071,106.95622167868304,86.61578433117306,87.7633732277502
102.47510200340537,123.15980611031898,86.29920056538099,86.96676619677419
96.60862358676823,127.13908467495555,86.52760490222246,86.70584228769518
111.67792162331322,120.01079342384737,87.95079526155095,86.77004014840135
101.6700043877871,123.28189090423206,89.42816877535081,87.71245264359584
89.98466178929459,51.453452761265986,89.69701074821737,96.02667583551292
109.7837770747966,37.84200551331906,89.57919485695187,100.90757869805829
106.52105130038498,22.955683327574402,89.56792226289026,109.93576152314512
99.41935721761817,24.466218946137325,89.63303978979953,113.39472728468108
98.17300076227203,27.90915461197699,89.62031231072682,111.23411544792641
101.34916555388365,63.03709418415816,90.2496252171849,101.3782013218535
130.3032202279075,77.5146375912218,90.19938929247841,92.69985824720786
105.06976707994133,94.87158531216214,87.86108967825254,88.85025632253594
54.28461401323638,103.90642426894854,86.49167282353984,88.65642557318007
67.98107446707884,106.503660902929,85.99478169895413,88.79851466498437
77.31833662211842,106.6789122371132,85.95660781538521,88.5952092346808
107.35234909603585,124.49396646240262,86.25490091948012,87.67479158421145
122.57251443955765,118.08391921964802,86.52288272430356,87.59612948383456
60.31168644384693,105.39263368595893,87.82417204432116,86.81672349584377
98.90572782455236,119.57659677147818,88.6082509361284,87.3590488081455
111.68305442603302,98.54011427427247,89.34059306259138,94.18968050226306
114.91559706381808,32.28759308967413,89.89331868350831,100.76571948853858
105.71339804441475,26.612443700253536,89.62951131264577,110.87525368090893
95.17959509987092,26.47339329434148,90.42778595379427,113.87726380258627
95.5172603983915,30.834287214515154,90.68688547649812,103.80197315395407
100.1883424498714,52.95240335213799,90.51135664984194,97.54025173836614
146.23401141854518,114.22806898593002,91.17555574651962,90.13606687113983
140.8806692405162,132.44567068552794,89.81021471149117,88.26010450420551
58.536916919419866,92.69229686873362,89.76940556493025,88.54075286419588
49.65710551440957,86.795273838537,89.62461948934174,88.2284215549427
58.35868296036238,101.28760950233006,85.33150760432758,86.19136369869524
141.17746530253842,123.27424856035333,86.72942594658602,86.24420904904022
105.25715870834239,110.6692347265062,88.19472894215032,87.43774528091603
112.85468122939807,112.99840627303318,89.40656539248162,88.78172876173636
102.03917493582374,88.1353704563201,89.79035835517413,94.56959621360657
105.31431556048464,94.48295054841091,89.91208566706202,95.73766850835626
98.71776190987067,38.475614683208775,89.66224446811788,102.20448183397085
100.76783925283854,29.913554961389583,89.68488251142925,104.75474562633376
106.03543971101207,29.38855617538039,89.83381967650979,106.27664580801526
121.15893507184109,140.60036157207753,89.92000533032777,92.5793231205851
130.86238861653874,112.4786757864967,89.73241245674052,89.67088127465
115.32329263222205,100.98800302769483,89.76008282828123,87.45106713065404
129.60882151109865,110.72759175405812,89.49428061314478,87.11844064274389
126.89535673338854,107.038712051482,89.16795436954905,87.24393291153426
104.05554135842492,95.36770728623738,89.08916179715327,87.41859435903966
110.07840887369133,124.2469625819532,89.35398495713306,87.26916507137139
109.60615120826066,117.40473008412842,89.80111630535839,87.67487248496464
131.88601310072525,124.52422809663275,91.15862991193916,89.54164029095803
105.03335658261086,84.48978164593117,91.58912402392741,96.67960829102859
106.26096380158805,27.40971862953521,91.48159151506846,104.15094691331775
110.18749485093824,27.436006124783532,91.40481799762202,107.43760800378432
93.34990775642717,23.69220177664725,91.6375148737231,108.22719971931281
98.4257861279996,28.64291685875512,91.57515703806568,106.05351191550535
129.50532949038538,109.93725951382125,91.14442301715904,92.59471408331925
118.26987480952258,91.01883257772705,90.71549595662981,91.18448142537407
68.83228715839185,90.76615262600285,90.00565497016646,89.21398249005964
114.81613731611772,97.2429433503889,89.48633134373932,88.56128501171023
114.67825613895648,97.9431498136093,88.68035323783367,87.99862378647859
55.30275408207572,98.87333451125747,87.56422799273022,87.70546394862507
58.72938026775706,122.92345665091722,88.79487532685323,88.0712345392318
81.81258608043329,104.42405866161414,89.53725308088946,88.41720338484048
105.62155149720347,109.94023168329589,90.41850298239443,91.15579505939327
112.89255019857842,112.86982674186085,90.86514909974271,92.20265896548034
106.88871099271603,105.53173128730289,90.19954843411448,94.1311588119243
118.34143888031339,31.603677953218146,89.74031507069256,99.05062922935524
115.9999247353751,31.16516223096062,89.49627048343253,101.30383129874865
92.11441077005371,26.347991070727648,89.31574252678129,105.69141045696672
104.28609646939385,30.244367093521735,89.30663727823918,100.92675865692419
108.82399023608285,102.69375199692355,89.33769811168794,91.0746192992385
128.39073130008398,99.38494450495382,88.75629893493975,88.55462617461626
103.39462491662506,88.97170566251397,87.48197940314536,86.73398435780938
78.29316069184308,84.11824440164112,86.41654121373266,86.1989046896261
115.53166880545602,107.92687751582851,86.47661935014759,86.3907438402468
114.93018557224198,115.54848350952763,85.96493434652747,86.68775521977166
120.47983940957862,115.91085474474279,85.97373543970899,87.07527199849254
76.5989492700045,125.58891883846347,86.74164489880593,87.7335024232199
57.85264940383208,104.12518864596387,88.20588382537667,88.03179923955197
98.57745653037045,103.04996827447923,90.54077204973109,88.52281815225682
104.8781324415327,78.03352610433691,91.15124025126362,93.41912236326313
113.9462610263262,61.554416194493406,91.246624562932,96.85201747149719
115.2777723216486,62.099997569113434,91.6080246902245,97.6090118974702
101.05434439071112,25.11322611871295,91.44737167375808,102.14198449844432
95.67859904092761,32.962923773033296,91.73675660645239,100.74115724022937
112.59470485036671,58.15475201691271,91.54835683993214,91.80066696195045
119.02027164608343,84.90322838792778,90.08820943379499,87.69522070635682
123.7358210353508,114.16291964522753,88.44266832775857,85.96752494448401
141.25836451880397,113.31763276398198,87.73684520959142,85.81877470280045
109.3865261718622,134.27624123827275,87.65130574333705,86.24342576945084
154.32102340796007,123.16698944187675,87.39029742884651,85.74926001867985
131.77167412537466,119.71105158000447,87.89120549460579,86.10930486727091
108.50499038461993,113.04305135724297,88.8584922404597,86.38396104747486
114.82840832038167,120.67386254951802,90.27813190131741,88.77152359154162
117.15500764479349,122.22834992572237,90.91810055509231,90.13779008828799
113.03780971231748,121.00609770914389,91.29879813129259,94.2342223070344
109.42744121901758,27.876856591829053,90.94418146595464,105.42494558630409
112.57416927644124,26.118984572332984,90.98612789727692,108.31547210543812
81.52029050299657,23.93717003004475,90.79112239506061,110.07020147252663
98.24652350865544,46.543748717672344,91.24173240065245,100.31967449172481
96.68387782784072,91.04910512048906,90.78674667935202,93.30542724047129
116.02667895259206,93.90965884142861,90.38006940868395,90.2960978678649
134.12494381760075,80.5484139811741,88.67113700737097,87.73122073399418
135.19982314552797,81.50833383015448,87.71491148894863,86.67682414199429
38.39512424602569,88.66604657080539,85.58367231513859,86.24196556888162
46.34898629411677,95.78751574112904,85.54077998291781,86.50016543880412
54.1893277895299,96.74225846944266,88.4981656262492,86.99644808766479
79.75061870550184,104.14446298676563,90.5509251269503,87.58255908336852
115.24705901498696,119.44618541616158,91.25152830134085,88.89248057362218
121.30702316929164,116.27596461769386,91.6347225912138,89.18581315373474
112.2887848752244,120.72519093336062,91.00664156285441,93.75347223834802
102.65970300423311,30.52360447511317,90.66973160223766,101.39495517506191
101.70399498848164,36.48438978297574,90.72835208851349,98.31482710675554
129.4586259886871,94.51338813323686,90.04089018677703,91.61967295927738
143.532800661558,104.70973308228722,89.14746763342501,88.98331634091726
142.73527364134952,108.66777450961241,88.94747595909418,88.32120149025245
140.71138789358304,108.51613202359319,89.26276910739278,87.70911976477839
62.693457311871136,77.99570451366974,87.81383723938066,87.87594903373396
55.98296316876709,81.3341240016909,87.32320239931674,87.9639365609665
40.24068540873945,81.7714275809588,84.96801795781273,87.72157604664243
74.38314615915897,116.64398535135234,85.52149727225475,87.59711343045723
76.27488259404085,110.52082233587105,87.73520602615655,88.25437049856791
124.3743790408957,133.04018220407855,89.95955165751522,89.06251245354245
127.79757223239861,117.9898065983244,90.62225721682488,89.98618207063025
119.75500532148904,114.33676318251736,91.01008807110873,90.49868794418448
118.24041257206844,71.60725353970007,91.06284150981811,96.43587813703766
105.55910072466574,26.706412712038937,90.51535502101136,100.71540848743655
117.08518496986906,80.13634095755748,90.5240107458587,88.44275355539126
108.91136742811656,85.69537966784225,90.4613061481466,87.94366576230304
131.72677501777315,113.60542976074146,89.83724047063446,87.78598315379706
128.26268476778796,120.80120511882906,89.34040192427486,88.02406666345051
99.029311889046,103.80819379371448,87.59469966690328,86.77242617760945
42.47552131813605,92.62412653368344,85.43286943518655,86.76437974098985
48.328011908907726,96.65601655566256,84.08734157432721,86.47721737427763
55.1132893197681,122.73555762500541,84.80752863256775,86.53857984647475
60.524257373570435,142.46738195066865,86.76015032160794,86.47870924848621
66.37341357220808,141.04893238062652,87.77108237797151,86.49488758114822
102.13090272156707,128.30085386694776,89.19549983501035,87.0620500889125
111.06645465842801,105.34060814816765,89.90614776407622,92.23320784664989
109.35715731006461,25.617504873375733,88.05347030199607,107.83306990078577
62.93461471108461,28.403488613036767,88.64506496885188,108.10376422756336
86.0948413272047,67.88257650077065,90.09486026415131,99.22324561400134
96.75696113147721,49.672167659485986,90.59015100356477,98.24716511218118
99.40475310131289,67.8495109276996,89.98241853168729,95.08142855642049
71.48004573799365,75.87425587921463,89.64464205851623,94.67161545025272
59.041372507434176,73.91070666979226,88.94813531785847,94.3291044495581
67.31070933013939,77.20501519741532,86.3549279882942,90.50443515699355
124.8938554821849,87.22649262563839,84.57191777619515,89.24224674201015
56.47626625236315,103.22948558449072,84.3525583430621,88.35307579925234
68.67541247579237,111.51415060996345,88.97024502060273,87.7254494721412
42.67977518557008,93.45550643956201,89.69698512960593,87.71327916582737
36.89661848043807,87.55731659597636,90.37461455578993,87.60541061725144
108.71497331661429,108.79033339480316,91.08960119934069,88.0908844996842
105.74441777997609,108.25514035447048,89.97408173605409,89.87383252627343
124.66130939399687,69.73832507879912,89.34061834897935,91.9767586823962
101.07732398762616,35.281318710988806,89.13941371750298,92.92410148356613
93.4997772488664,65.51184419374404,89.40829953983327,91.4381475983004
96.40644821898694,37.30135684851334,89.5639154624355,94.53018075531504
100.10031914698791,86.49293916435957,89.34344715502004,89.84889466520526
59.02952795680976,90.36079846055962,88.00953916225438,88.80451972839859
63.49500433691693,96.03517392422988,87.4389943080717,88.63156126906152
67.85654349788597,105.77687265551543,86.11209076005098,87.61428427145128
42.03901049190588,97.6230952155262,84.06924363091066,86.7926012301434
64.17489022641743,101.0853904475433,83.70864039829175,87.00938668718182
124.71854495434438,102.09304736765935,85.38729727219014,87.00481644325224
104.30200378644592,114.94822534785816,87.03234082189822,87.283846622167
101.76935826249851,115.13676620842722,87.5934672040796,87.51418646438842
104.95923505677216,102.01668755016519,88.90967749085254,92.7589739773456
106.77298013077883,51.634645218581404,89.34392378338626,97.14123071645722
100.8506491118777,26.767143278935645,88.4509989164548,110.7363494029096
102.76976072378191,29.002266992548485,88.38858715398473,101.7302706880062
98.65523171427563,99.4674084697373,88.05672748268005,96.13709093645912
96.0538019178336,110.73637251713072,87.9009151411955,94.13193865750941
105.71581118733344,109.85801760983875,88.07670232549887,92.18302381015731
60.341258927894756,58.565997682565644,85.95391210916307,91.21765156201602
61.83127775193847,72.09233989158267,81.11140344707809,88.9695315464051
48.99176582033108,63.41041942855505,76.82464859749015,87.29077247699632
50.96777744164849,94.32670027783634,76.00835486296923,87.24862545172161
55.27981667767579,88.33993879033427,76.08849141619112,86.98568117258547
52.9108195389472,104.09569405743605,80.36331151462683,86.88669934208322
87.1893149794851,114.70527565501206,88.19972597003776,87.8196138182933
99.94474652542345,116.7763944385504,89.37138543227623,88.80774771000976
94.7441859970828,101.67378835049318,90.43157118571028,89.89698350881844
103.01678218011875,100.47660796051758,91.26168125364927,92.1562883879754
104.08382535483413,24.743658737247348,90.1688951073041,97.86096678377386
97.15971487405898,33.57491616070854,89.32137531597017,92.87918991217174
105.98974232813518,79.65357482767784,89.24276056958841,91.36754272876794
101.59586351488241,92.11526375483658,89.18035653371665,90.92761688558464
85.80953910433325,69.8464869246169,88.73905757385448,89.8671807654396
59.73016656233297,92.603124946978,87.52442716978373,88.1193305961838
29.234261962638573,101.86611392830181,81.16532927786584,87.6335814436201
30.687466988152583,94.18601601385873,76.62451866447228,87.21674162848629
36.30425668725691,100.69603563743327,78.02179100680375,87.75553664457526
46.3270468448774,102.69599406994669,79.28166148696113,87.69558247657181
116.67097908589155,108.78435229034582,82.27750968098924,87.90970113515935
76.30326092869879,81.59927548671702,84.93190584004125,87.8827894341231
75.28368723622707,93.16380679806599,85.75718452357454,87.67796936891936
73.02860009605051,88.61705545556111,87.65038636913559,88.42314521351022
104.17535527652082,119.26747632174914,89.20109930735507,91.25265308964323
95.63563630554454,26.630536690546087,88.52945935006512,108.25933588565579
98.60579953608524,26.96420496951934,89.31108606610886,112.88794703492313
103.91780217329173,37.29241028281621,89.70256405719893,92.76373334532416
98.47319082470514,55.73313099142589,89.75440253477531,89.40030225207879
104.37932573263735,65.68245022250012,88.6473769461017,88.20518489953731
120.56317258156601,105.41099345449001,87.23675123754113,87.36853715308861
57.67115990793379,98.99244007631097,83.05299084266322,86.89320692180371
42.61976337924518,100.76533729943762,78.83546986086843,86.00592274752555
51.30034876824688,104.48632317810588,80.74816991290156,86.32912572616803
50.137006198493175,100.89572825218757,81.08993407221871,86.57997538098302
43.5399641094994,96.26263615889668,81.8426630197832,86.4016128551474
79.46947503725009,110.26487647551672,83.99141031607842,87.15899974707017
88.60983624361322,117.13726579942018,84.72709987759546,87.51941102080585
109.86128968151553,127.13119819922393,87.17091170318454,87.53654025926654
95.23937333831608,109.09469297196691,88.57003698073477,91.48780575677102
96.25901139831458,26.99346310814994,88.7335218796848,118.72321125079932
89.05304188381062,24.28871342216176,89.45815312681178,118.01444083861766
107.06890198051515,59.6044797514236,88.96983107114445,103.56464407730637
111.00285313824723,61.621561137105,88.6676380656913,100.94524394712906
105.25237075466482,52.47945505057151,88.75395056652809,97.89383313279467
109.42200997590604,68.07168233865737,88.6739296750067,92.22350952784768
74.6179821518464,97.2801498581426,86.97609790570729,89.25815725986065
50.941441890647916,101.08977648929533,86.0624162669292,89.04559065540354
68.75351925127633,112.25810554854525,85.27995202672747,88.32279770737291
76.4260233233081,118.17282843694866,85.09881723462524,88.24704607869418
71.18891560500394,111.74605160797188,85.91324411129169,88.16509692985349
63.575962184906764,109.5313399488343,89.92614079275417,88.27093481500236
92.44845968304084,103.25810605779812,90.78627762839288,93.34826768542996
110.90935187775979,45.15179399529984,88.28457628918139,95.55402137312656
112.47252981194607,20.68265537392284,88.67178458481924,106.93163028307877
112.62241604385781,22.131548311946542,89.0908675309089,104.96045540211958
97.89215524556262,22.42114106422693,88.26478647391097,119.19189614602627
101.54866090102065,37.2569385523015,89.31396322900953,103.91379398399613
100.04543177312667,39.620752338337056,89.68694544876863,101.49633544231739
102.7000080478813,49.93068670321124,89.32349593630003,96.04648754823185
76.42378771075104,71.64368864186864,89.6792774244097,94.50027338933711
59.24240979654533,104.89831059038609,88.42976020581028,91.3552432728368
51.968607642534245,94.22216296670163,88.2114106592183,88.27873867575673
57.73511594193498,90.64390185106053,87.4932049290729,88.96949440992647
56.3353449765944,92.29298401084418,86.41901860957871,89.3273781615077
48.561619022785706,79.62693086455532,85.56355063955877,88.42143273276469
51.41877922083815,90.80672323946708,87.51539083096506,89.03745515508568
111.93084610669786,99.649429190663,88.44085868601817,91.28430650565548
113.1261295406488,79.90340224562806,88.54267883699451,94.65152889828222
127.45210022848764,78.19026508615059,88.30846325586641,95.24069894636332
127.1477480196211,53.1896880536204,88.3521317336603,95.88487008819855
111.67400888780456,28.903336371702025,88.46780910292803,103.89844850997332
105.22599985334952,26.571820193943992,88.3304834492819,106.09577952611345
93.39612288583616,26.395285574146495,88.33764247711784,104.41971837293589
103.33043659251474,46.08163981263788,89.01085847927854,91.44650400440739
102.89327016253652,66.38453449064296,88.65677987719711,88.81913039536467
50.122311836405316,70.48367126520137,84.76644682951141,86.9176382418189
65.27640253478252,93.59104636280651,83.85852190283768,87.69569415457484
35.30713984163614,105.04055941869183,81.96430667702171,86.00463788824455
39.26723861333419,104.34274611053117,82.82504532999067,86.13876287177742
63.827471758862444,107.09782891809174,82.7095435319126,86.72439371035028
98.8424482788713,114.56825575315554,85.21278994496187,87.09704211469281
108.43191862252743,120.20631085886423,89.87060648876835,87.41746753442203
107.51629424057914,65.1810031974091,90.53739439147348,88.90629708561957
114.23700492208638,119.19938373511432,89.08571948550022,93.06142808336244
108.48297756318338,89.56137835633216,89.190424580438,92.67942285634098
114.6448969794762,79.80682225438764,89.368558974453,95.58820844434314
105.67962772850291,36.35922709779367,89.53379496770836,96.48304140572108
103.75754408968935,32.34704434427712,89.87557081248261,97.02249837225112
101.12907714928131,38.894066507652255,89.95244969170884,95.42654485811582
102.95619867688809,40.394084619470135,89.938457387173,93.00073046101429
122.0271222573423,113.04148768472369,90.20870863130109,89.28368517915342
123.98070767022384,121.7531963718706,88.683812528146,87.99674975362905
140.7171310736719,141.90245073899456,88.17965742076346,87.40742369011953
130.22224659976547,137.29350253955084,87.12681844966,87.33454646147347
87.19936637264982,136.07522466117007,87.09808593056127,86.21957874229119
121.30848124527108,140.60618016012552,88.288234000726,86.40348399120467
125.09473486118488,122.24774409490344,90.33133131104988,87.30158394102774
117.64240219554978,108.19391656758498,90.31173641021398,90.72539512663259
126.43909694048074,122.72252766761144,89.7384152978309,94.68620031949773
131.0843858415322,117.6848988045703,89.60385398406015,97.57513469560463
115.0606150925129,26.759138467200003,90.1513749814167,108.73340087713272
98.7058067954106,24.99155300223809,90.0625495481589,117.06139795442859
95.59237327700703,24.944686808088303,90.07562247621179,119.83972502137875
102.86126187312183,28.999961535839525,90.50459207306248,107.54339200372652
104.79840891951537,44.108290230474445,89.73817798727997,94.41203717018023
99.14780704178499,101.64007462661014,89.52186593519242,89.85586396663948
104.58316211581187,113.62889976857916,87.67999291614254,88.75573088805119
134.70238439413384,119.2938766172857,85.59468703031442,88.41396073644526
57.23690006634682,106.72307112453731,85.56435948987111,88.63183148490691
130.59352850846878,128.99839962128172,84.85020736083696,87.32534777509032
78.41990411695313,115.78310437222892,85.92664754045742,87.74139098302163
91.98131357867548,137.61650674802817,88.1289663948993,88.29814564638461
111.96332092056912,115.57282783870716,89.6781683577926,90.94513748963541
109.35414174916356,58.34986113656561,90.15513131498719,99.58824680489636
112.39024141810617,36.41687133546737,90.13783299995242,102.13589875218723
104.95084872937808,23.541829093599905,90.6250331342209,107.71474861603149
105.7559054021149,29.314471310226708,90.60929571118604,103.98091602832456
106.55381250221724,29.709143564672043,90.6167138673228,102.02018138177608
108.51332756034337,42.8951505751162,90.56072208599115,93.46281811955079
96.05934591071355,54.02841294837625,89.59697559333546,89.69640806742453
79.41005333432011,92.76113154932077,87.1773278590141,89.37048608216625
47.62115112934777,95.05927467478354,83.88789348154587,87.16855191333238
40.33552356523704,85.94289482339276,81.62048395697317,85.12738994891757
32.94989981637408,87.24688983025455,80.8199842907365,85.06597841295668
35.914603817602604,92.871772704136,82.79295213296494,85.07065560822605
90.8895560416248,123.86168995458368,87.5803522025724,86.25054925496013
111.35211886878375,118.46833654665862,88.52544451232524,87.89540719398819
109.57192857988366,69.88902849102715,88.83780384412496,93.85151455394195
115.7658416658631,72.30417075671751,89.1176129085107,97.15090219991794
129.4899586156834,96.62542032541283,89.87526240747788,97.5684424239039
106.4725750155007,22.27699803177316,90.13270175156501,99.32568024948377
105.68834598108907,31.124708524498626,90.41852311675709,96.79818100036668
105.71599625601426,33.986000267338554,90.76290858844155,96.26609770723682
110.39273622047256,56.99063778711413,90.75953260905747,90.98923469581489
101.12011345068194,82.78550332910697,90.20354371223051,90.00820037166608
65.4688111523073,106.4178833422713,87.59700009600544,88.803494165069
37.0086977815931,105.37596469637849,83.87342288295085,87.55500687927564
46.07196667641037,108.41341172065557,83.48674273199214,86.78567431389368
38.946573101565335,99.33910026026004,83.35348029379315,86.73239585438249
78.22428941025422,99.65029214072406,85.14479562363759,85.92849338389112
75.2603448885618,110.30704528265089,86.79694600459817,87.44112773573133
119.85630758446713,136.472269174989,87.50686276439248,88.23494389009836
112.76706284684337,99.91283188591186,87.92872497641355,92.56662466829886
105.45448793153605,26.87070775302384,88.1916739623321,96.12940570081128
99.80322281797964,27.59023820426421,88.27540099224895,99.64187124723068
118.44456405132638,26.18344827415743,88.7384945328875,97.15867110504902
118.12500241948068,76.33345510326046,88.99228831285711,91.80459192302907
117.14610247482676,110.13432670660667,89.16312114970314,90.52643027983173
112.7937568442381,107.35596734686628,88.95231694524277,90.2953965170788
107.7427395519111,63.68755092021801,88.41650589788983,88.87735356927864
55.275192517383545,93.97330704337787,87.01881276238569,87.35086353162254
77.36056490271598,111.87054824150597,85.41307844706766,87.34654990832176
42.958629238127024,99.9546080812151,87.95001528325726,88.70019363901638
54.9579952919469,97.76113374862798,87.45918939746942,89.30210396223741
40.93175283962392,87.69458104154471,89.36583721797268,88.48189125931762
94.3240161848589,130.38772523831037,90.79011086317973,88.49672319441174
113.50120471027498,105.23347368595788,90.41096636759329,90.45047277935495
149.0373685946596,100.147724341328,90.7953877282969,93.34993936138677
124.2696606246066,26.04246579490344,90.69230104902165,106.15399542128384
121.17948104504379,20.726389404581234,90.73048000896615,112.36797496676753
101.78069021836401,20.967017581890968,90.65009698521004,111.7209471196313
101.10428493677348,42.195674498965246,90.80664786552703,98.46477136449053
102.54579968757896,44.28869598675313,90.93811781259056,96.11502665915914
104.0583025617453,61.45284076944988,90.90895703909803,91.01435214662112
81.59351758840069,84.04811793324184,87.5102401581621,86.16454278768073
90.10452757469132,107.01234718137889,86.45637477633312,86.04709365074689
87.78077240791738,109.739034505739,84.94029117728746,86.15235958126705
45.23900744130739,111.1525078904403,84.97053609938963,86.49254917756792
46.59872862864133,112.39693271367688,84.98684037851979,87.00729467767015
61.287329373735304,100.17211684401127,86.74005690831811,86.08479618279942
90.41065573060233,112.34531584400703,88.16284983282183,87.5936859608443
111.52985824500009,114.07479894486492,88.40179658792887,90.05905303125033
109.65250483796089,86.36144212429154,88.6331287907607,94.97419869213816
102.98519546425828,28.460730334839923,88.70715527243387,103.27614312455847
100.73701194243866,28.99475372593592,88.8484348092443,105.01657817980852
98.37627355454809,26.01305619348657,88.78522729116837,107.00663039177824
105.65713180323523,37.43276877754607,89.28248901239505,102.10453470940354
110.00383095561295,98.44443413375542,89.18865748296756,92.94934351583491
122.19646498974917,101.55927848754418,88.71209338967546,90.97188659950933
98.35924221688553,120.50340779716119,87.87125784915759,89.17301262841328
90.1699571769056,120.25483719915128,87.51228541462218,88.76236564117076
101.61298603868417,111.78187605881664,85.76742813534335,88.18705104949245
55.581306094311444,108.54228411518821,83.67725810706774,87.87770313690119
112.33545974993422,110.14043927018793,83.68711060654908,87.77037213841899
57.51594979858984,108.42066480160359,87.73482882691854,88.02080944301726
74.04038490115973,107.66116044654717,89.30665927382937,88.18092240246455
104.40713321070068,116.11231364896909,90.31590403822823,90.39592858663885
100.13117188069435,84.52629129518402,90.19006230292558,97.92003169801889
95.79979197731652,28.109179825117078,90.31396372135889,108.52934709696866
103.06466623127686,30.83400274200126,90.24532439734818,104.71744474679745
110.1966761490795,41.66234182589171,89.98456842272925,99.05494554780165
113.05894498961723,93.38603959849526,89.92490360559609,92.05906041373763
118.74650816835006,95.60581408592884,89.91021212372448,90.55988089216055
106.32861697003652,98.44571372489209,89.88595734410109,90.37923847289714
116.903797370304,104.01821172676645,88.51666236067112,88.15029875675619
104.23165926112117,103.32168840329089,87.84817019171926,87.42698632431319
135.54228227602766,119.18415040075949,86.24317966041409,86.93159942960916
61.65842075580287,116.8077980595088,85.44261673851464,86.77401092458565
82.71654791679336,125.42733753456174,88.57536275686185,86.64213203803567
100.41107512933175,122.32472157009482,90.26784056699582,87.55175491326528
114.38070328003255,122.0166572732594,90.0874529776445,88.85983796497443
118.62140331801572,123.84433677338403,89.98996131171882,89.24729834972344
122.92984138451969,99.08900051717092,89.56941183441049,94.68537885253647
110.1277953748577,24.70048961963013,89.403149753537,105.44550547788492
113.63146084356055,44.16905206708157,89.39145128260431,100.37978937783816
109.5194084720649,65.4710829804979,88.96070202686182,97.14226781899443
101.99729632904652,65.3456416905623,88.13223130836549,91.58976124544377
98.12250272807752,71.65199837134433,87.77801367036706,88.74117837125694
114.78588400580382,94.94238497995771,87.18147007203189,88.96785252584766
103.81284387027517,111.66601417314527,84.26309562084754,88.48433247040792
93.06028086874147,114.3496050604946,83.19629967727525,88.52794185525607
99.83587711281075,104.3944381927575,80.86833414175089,87.92590955563404
55.67678551410055,108.7618410104757,78.97796593918358,87.70527805853109
71.67985103412447,118.43871531355877,86.00474473855603,87.93322766177386
101.40297079409267,117.80381567152959,89.32905397777368,88.08745065020389
106.78921588185744,108.3321249628588,89.94360174697933,90.41546357892926
109.28168962149556,106.990864384163,90.09969908750867,91.2872579943558
110.07713061618622,98.24092185407167,90.55060916878158,94.04132142511607
106.4758645063474,45.237227120594866,90.37284513039765,98.59535952484718
100.36226964683235,73.46301837374646,90.83770421093818,95.88947177624472
101.5324458309901,52.60096924106815,90.48739532181794,94.20627831586974
104.82969871084728,65.05917672716714,89.62073306231662,90.71640825013546
111.8550535155795,73.30381727020412,89.29545566137546,88.0302761240909
90.27647342981739,81.82065385416212,89.29548041420242,87.75915962599669
51.09615605308398,87.50501108434274,87.95367059355237,87.44038615181647
53.42432119687257,88.71616671456124,87.38923873976918,87.24392516084743
39.569476405439815,92.82925439575011,86.86082284874539,86.94106121106573
47.92841521374683,100.20712909327048,85.77512829199348,86.61832236968
106.76659147687937,124.1256979089574,88.29682369200819,87.48845376634465
99.55181242678714,115.65090292915062,89.16009387345333,86.97900698861861
103.73809470383117,106.12582003176509,90.00456123054663,87.59677386053386
106.54121261980156,108.61930884540477,90.4700237399175,88.17518444671295
108.31049955167326,94.71323252610443,90.73458689182675,90.51966917892572
102.57677856776026,92.55864462611629,90.68316747123976,94.78798322389501
98.8054656207239,35.9785688794973,90.67724922842461,97.26606867931262
99.18429854747583,41.9054662629474,90.68701303869437,95.9750620168061
96.73356014860182,43.41551674090585,90.24669771276416,94.94103206746003
97.20094968568228,45.17076966111873,90.04620671045815,94.67648196575551
113.39903062611295,106.8345124125416,89.53685594468784,89.85312106637144
116.30294128245222,115.66913727647,88.27948857175062,88.4878948724167
115.35227871220933,118.75226919527958,87.78876912393115,88.2417354151958
93.40217959682013,117.2373350074179,85.10967711745478,87.99435707574366
52.14921401698477,105.85626904676923,83.06159446584934,87.9280642579258
86.80386508402573,113.2774535862122,83.1282524865513,86.94554688029272
101.34030248005934,123.26148398705382,87.1662239301496,87.18663583028018
108.82325049808247,116.68023428158051,89.21877762017871,87.26147770240419
108.2324583674885,112.33548018850276,89.9913139046446,87.31135725441645
108.2644294758017,91.39463051838436,90.38903668865278,89.20361935670164
105.01609392315112,86.74073835930363,90.61839521205582,93.46185647463858
101.30335687052215,44.539713054446075,90.4198450403248,99.01700334430811
102.42437312116924,45.79246060688944,90.31278435067595,96.35048746657455
99.27355694304474,38.931904025486794,89.71901621844476,93.72726396173212
98.69909388334953,34.36644932461944,90.05403230331278,96.45436886813101
103.23997955743559,55.60091826255762,89.89018988141127,94.10172300337466
120.87100248676276,105.2768408252927,89.82597029476207,93.02942017363736
106.75337638095044,115.04105042645172,88.21128527456625,91.81515693581548
144.25843591736697,126.81578422688762,87.38744016078124,91.15851070124889
103.10248675673554,104.99396174949719,86.96781895136255,89.8600656279666
108.53040949693181,108.7304347239241,86.74459282882158,88.5789634446367
116.36216687622854,124.58404841137819,89.57174034660257,88.32586397698874
110.82225362380248,120.57001693673722,91.22381028303252,88.44614928396007
110.71439863360581,122.11019091622302,91.5480037908763,88.51680246992962
111.46861586229639,110.64210432743063,91.51154874179457,88.98057901955343
113.73679121825297,84.25199623754472,91.6422315538005,93.64375579020407
105.83932365201602,44.53026401410885,91.31354848883291,102.9823936340285
103.47400595550131,34.08443471415004,91.51804051731733,100.47568816689278
100.42912664728891,39.12804020992461,91.70632236437662,97.07871782
102.42282957235378,42.96316346274976,91.76446868915545,95.36057183291875
99.15663310866483,56.92593450237795,91.60698087220514,92.15655039865757
105.1028923190481,107.4714376138263,91.07062505492907,88.61433392150239
83.96353600791045,103.23444826416059,85.3294072494381,88.49416764239228
86.15037602771159,110.26185454546375,84.19082440923907,87.89265668365158
33.764552163665996,103.34325710826633,82.07962994794997,86.38942722481946
46.30802186166164,105.49035339759783,83.43898822106952,86.53163809579134
55.03723343210097,107.10638539633406,82.38002465480518,87.37534545524433
69.92352926555223,112.07426379505827,84.8206985638139,87.77891901484425
77.73623535376876,114.9911229830184,86.06708037266746,88.00966603044156
111.90010710243789,132.8511058739642,86.50701998187324,88.68747968006903
118.45006153053542,131.80887591193618,88.02505993227209,90.10804281300048
101.69839602605552,35.054073948822534,88.44024943587742,98.64063095824655
104.10539223605169,40.553553753186236,89.35719308315238,98.3426758856843
106.96650065936961,49.50396196065459,91.19577642073152,97.55417452003186
108.04841960358374,86.155203377895,92.16141172285784,96.6264601893004
108.23541634086757,53.50079795224085,91.85426155691293,94.59918460455305
107.27925986823561,71.58959949069134,91.6531814847262,93.20436584731748
104.28014822132585,106.00555793032873,88.48601048459989,91.36107567317556
93.07827680945836,120.04029648991789,84.95100261634137,89.99705358077956
103.99313403627266,108.4222924646862,82.90011703031543,89.84459061223372
54.23206022743681,101.71789974223874,82.31126312958948,89.6147274491281
74.8562677183841,106.44698158718903,84.0153002442199,88.67654644788564
38.468264273866865,98.68264191841949,85.3715351699646,89.15745540568973
95.2977389186757,121.71413498580195,89.49218248251934,89.79032656818073
105.64693313971468,126.67701247726039,89.62879871106601,92.60066204997413
101.8949009043845,40.18709798660196,89.8176222618272,98.21895415834402
102.64229279676336,39.163529487040435,89.61209300664271,100.57589370584336
102.56567385925892,33.4501693642744,90.27192753276658,105.14050987284591
109.98886071984904,54.981379173887326,90.3980992043421,100.89290463671283
110.74248477662198,69.34755669187508,90.4889762806125,98.35287962317513
117.10587925288675,42.735407050958926,90.38425814247697,93.58769786435585
114.46329420500668,63.316700291797076,90.1072999120012,90.6033479571265
124.28829925889993,128.60991260722056,89.7885756712983,89.36798884719614
43.55795550252243,76.63409243315859,87.32761588957703,88.68127138188513
44.77559890804075,93.33975337006041,85.36313020463743,87.80742442685921
39.01465181708661,93.03636165900541,83.77753818310804,87.55782821732902
46.257692394000486,93.4395530046271,86.01274775643259,86.21742298840887
91.77646239980928,111.22656234817947,87.93352504526216,87.30705692161318
118.31183142572235,112.65883473124595,87.16453501566893,88.0007859045133
105.60731636692609,74.87334228468569,87.92531304127387,96.62562086826426
105.45031029349475,31.887862843171295,87.93241248954999,105.18149026049566
104.84399023124367,29.64959563833877,88.34884822555327,107.35975271009555
91.35521685970194,26.80243423902999,87.73999819404656,131.77232716470186
102.1334984431086,31.23263222267839,87.9233057242571,119.03809496365285
98.16812727969072,50.03554397044837,87.99131659648111,98.0433498973388
85.83417696750503,59.75695570018778,86.84568854990947,95.36700653883436
101.83550896735697,90.7315714066409,86.51330755788678,90.37706317616463
111.06625901097516,87.8445505975852,85.97718261617095,89.55156787843013
43.38752626371311,99.82197911902499,84.3709448372743,88.51999808620347
39.9723863285378,99.96672234680926,81.6273642086734,87.96878386901678
37.1573721021223,98.59602274924214,81.16490457229048,87.59269300657742
43.80756465610881,111.17088143420995,82.4480231114304,88.13608434121608
55.23909967338423,113.68628458895853,86.86509138043307,88.62769044077639
110.33379156861947,123.39497106295414,90.22095470664608,89.45002646501729
108.9816008761489,109.57555511493766,90.97028679069177,90.83372138067195
119.37074041288496,105.34991570845526,90.924133007513,94.12696865188698
118.35612398081686,96.27106948659959,90.90505712563362,95.19540392917857
104.61203762055155,69.47211595836737,91.48619578975793,100.59650513727594
89.93602777329053,33.881092784984936,91.25854464442838,107.38324075849488
99.78458880945301,43.22576783039793,91.32325940294818,101.30246440775586
103.70897125274809,54.596667189906015,90.99621501625694,97.97281423017532
108.41799209789393,91.34184511846011,90.87843690412791,94.17767105010674
104.95163301730626,99.43089377391229,90.82004493408037,92.71608444447484
117.6319197988522,121.04868972282215,89.92184543551538,89.6071392078964
62.976902013347924,123.60242426637856,88.45448166045401,87.45743019559292
64.29997252939108,120.73655366355027,87.61431200571562,87.00145258028547
86.77119968886839,123.76676245782737,87.29230469574544,87.02435592848451
90.01939660038805,116.47225076199604,87.32800578630693,87.37236439912888
64.87336482552456,107.00260544463025,90.971060885873,87.78897392661162
111.82963698809321,113.8057931153539,91.63605585725904,88.00116270175747
113.5850143464684,107.34145548681046,91.48908467056961,89.19923563208523
114.63916454079936,115.32037213924076,91.28984972136703,89.5873989630365
109.53350938202915,88.031484009829,91.52295035819965,94.93886944555162
103.08175001904961,30.00339757471257,91.61498057007215,102.86726553061946
103.82497582353281,33.74284298471803,91.51379120706598,100.38491306002287
107.90789383076957,52.41734553775238,91.45936811074647,92.85493190287005
110.05772351592104,87.90335525942632,91.5051382107419,89.66882922127122
105.88442832027047,78.925960514921,91.58734083288091,88.82501252100445
116.43682033048529,118.64830776261662,91.4622823034101,86.87265130343917
111.14516385802146,113.53489114405224,91.08482111203098,86.87738764644259
50.74267904924905,108.53222685387243,90.35119361087156,85.24360110468726
54.26168943272822,108.5742854825318,90.13730622231122,86.444794841458
63.36680237103452,114.83572838340048,90.44089491187844,86.36132130027136
73.11411253462984,113.67223458877709,90.58840895679516,86.61081459082652
110.75790194975298,125.97133517663764,90.81050010411151,87.68756459093157
119.68384926931947,124.25074441736905,90.62490587138437,87.79670537604295
121.1069580208292,127.05012281005881,90.55316001488735,88.12212017623973
109.31389416491704,104.05198682127241,90.72538489772947,89.43743169023463
106.33419239405384,105.5951651853963,90.81832582872401,94.62820816143534
98.07604709547766,24.022700842324202,91.56359993588192,107.58603310950751
100.73953248774001,34.5081922190396,91.35414382762202,99.56457355894813
102.24511711157939,41.44175780080655,91.29212403782118,97.14699924330303
99.68147069012187,41.59848858690401,91.23064127405458,95.89855452232669
105.1191167123029,62.26372439888996,91.03957426845562,93.61062229023895
110.81722418315226,98.15870884917327,91.06567270234316,92.09653753983301
109.7709855202335,93.50456638128392,90.40194917962852,90.00171607924015
160.10629669052847,102.10272664799777,89.45432666173467,89.41975037124696
44.75837576871801,94.25910712315128,89.04067010211479,89.27559496893679
52.86682432984687,100.39879436059,88.50740841750623,89.08645301468667
91.31036276093488,117.05094573035855,89.68748918318822,88.8791240420686
91.37087139954832,112.42188210263761,90.24435239017906,88.97916493288595
97.38714472677317,116.28693657853708,90.53779120963051,89.00341651368211
112.17842220786679,118.45448280699807,90.71500873936367,89.03492050954188
110.47539699549115,103.41497749457437,90.91536756045186,91.58592303396615
101.12403358146652,47.226576505345705,90.75823679984741,98.97736840410819
91.88764106843738,23.767281232287992,90.6323280475793,105.75998395739518
100.77973783603896,32.53826600028175,90.62455687976545,98.88411135360366
100.81925220734227,32.3480192356537,90.49641313092285,96.73454172861501
101.38955910453399,41.36935816339938,90.22058061452208,94.70070135709521
98.8703250753883,52.1506530124868,90.14648282138837,90.02106537230173
90.65601606810056,103.46097318679223,88.88365694810933,87.13171971890321
82.41617521602129,106.63047960836107,84.90617561507337,86.61119065048669
134.65762496146843,107.65858595399142,84.32157880957287,86.38332146558999
132.66258830751974,119.26527669207792,84.0723461568343,86.33965820338422
56.55055020386752,105.0425558806242,84.52661673276711,87.21541216421801
100.841569430067,108.69879045000224,86.05134253086362,86.91596135989742
124.16550693393746,108.70609610575922,86.52424871054392,86.6906275734563
111.58442015814937,124.49582277938381,87.59254849317904,87.4588434045653
107.06115629743582,115.84658188728594,88.74776651341374,93.41582234390384
113.36610784302071,128.9960027735113,89.44448812462603,95.18557711685077
94.10208089574712,60.39456631099943,89.5925861583198,100.43181292277964
94.88001522138141,34.3316002200801,89.24434770820501,100.69390972920111
92.03041817967943,31.675653652635987,89.41744608968715,101.07248410002065
96.20062461955118,40.102226029606655,89.67306442333368,96.14721641859687
101.00537973430761,46.68388776867038,90.06582519652493,94.34242929052421
110.25670286075521,98.53805268629216,88.59389747123014,91.47336032398637
80.26528185001654,106.62313781074883,85.66543101122892,89.54115958505486
79.26923304372566,110.6967348236288,83.65420130761319,88.27058877482987
75.07400458444408,107.63592702593046,82.51298259411186,87.59139876674807
38.2835597541213,103.07099613795668,80.73539159117017,87.36782082738839
37.14620820791812,105.68694986603896,82.21637486993623,87.10834588316185
116.09207257095244,133.2544619151148,86.35130216123795,87.53399981380583
112.29249045484154,125.89866509828114,88.14011330582515,87.93258642988216
119.6830511414986,102.57038861662267,88.86065683888351,92.1794649442498
113.3617097271106,93.18065570122175,89.0677917553615,93.9033171173869
108.39128112233723,86.12280417480852,89.32550417985543,96.36809660992692
105.93157926639479,23.396480973826485,89.64723212180832,102.11815303993691
112.78276634665339,30.3777251869557,89.8868200755654,100.28127423178283
96.24125824956965,24.92541976453066,90.18595766300827,99.16025010667049
98.47294482510684,40.14951541249633,89.69120890934653,92.22129623633084
110.51873061545116,98.23778246367687,88.65367546666106,88.91780228485366
107.69574790595485,113.09575866674486,86.93707339151081,88.36089793541872
116.7254205460793,116.83983448057288,84.51425084586808,88.16249842504887
112.9357831956594,128.74649890270626,83.41670500232536,88.24122964918078
120.92912910273753,106.88852164426798,83.62969259338651,89.21614083576269
62.92099361390338,106.38183492700026,83.62895725041636,88.69409096038973
83.93570351514721,117.32546012780539,85.62466750812101,88.86652733202652
117.9623223629215,125.89333632150519,86.55068874308148,89.84428681218739
125.1796744188826,122.89922612164058,87.11807368460855,90.52244298238185
120.37948586097714,128.2466353269273,87.62942772274113,91.57518401770048
123.80021061573669,141.06841178180773,88.91512612887792,93.27909828876092
120.59868025602997,53.623554664082754,90.11342540364404,107.50586443044567
104.60634336430915,32.444425379992055,90.48662456683863,111.73159569408568
92.06453731642009,26.625150999202546,91.84910889830314,108.38241905660433
97.27840434772746,51.272673485794584,91.35475548241534,98.27578539164777
92.05782674000491,57.07371344237415,89.9154753702344,89.27992209907109
97.69447795208995,103.56030997704563,90.20199343908868,89.01666012604663
97.17552945875516,103.3873228036447,90.46929527521766,88.58632428216734
124.33862015751988,103.17471531826949,88.94244782649388,87.26040581384673
50.84774860071471,94.44982334262774,88.176109103761,86.52407789446764
27.379731563717517,87.79963233078858,87.773982795514,87.06501980768017
103.5153209819028,115.62900434454136,86.80950540696134,86.04117711525214
108.64319388431589,118.75369088142384,87.91492455346858,86.75668195919678
110.87913961250567,118.8518082272735,88.28962505806972,87.55719786272172
117.26959606456943,125.44335076045076,88.40028306351851,87.9781886149058
115.71220162950532,117.76296170380758,88.51457573008354,90.95652161090149
114.68923129422194,113.91367128574393,88.6107190354191,91.42001643630499
112.78525403095612,110.37585679548579,88.99710979468686,97.37704154361421
105.9203342989948,42.985160080168775,89.37112293912597,102.13357927472904
87.34396582867305,26.08518822375815,90.49302932727855,113.80439742867485
94.08795209703193,45.102551370177125,90.11087438431635,98.52333238806517
107.66342186016422,105.9981362625002,89.54685660846282,88.2189940287053
90.0401018622119,102.98727350179985,88.20353040715966,87.35510629088289
93.008499291542,108.83126087435035,87.30655277176098,87.53096489429136
50.74135089371148,96.19699778054765,84.34626679691254,87.05215101241933
37.863835993869145,83.627207927501,83.0369292736275,86.9373453724237
35.90763880648884,97.66571488228925,81.40589248896188,87.00686372863522
74.5940583116822,105.5342001174513,82.53388536980978,87.15351341741359
100.22026293123385,124.54635418463236,86.28397259707646,87.95293584439891
115.43585585683738,127.36636141569596,87.7967888292126,88.20765126071933
117.22126447342889,128.63922282685826,89.19651850940383,88.12013696334967
126.42918283984564,125.49146027024034,89.734470155498,90.87998120161492
122.25167419303405,121.76982983573254,90.05017654810587,92.79313661675485
94.42103195432877,30.6833229568351,90.04276017777357,106.02558867320278
96.47079562881078,40.51326299982098,90.62714090392163,97.45795507025655
98.41161993486782,45.65307174410576,90.91700817706568,94.75852949201627
102.10857692460816,83.95664337650896,90.22417590310735,90.56514972026322
116.0841346804227,88.89203294803154,89.87417543689918,90.05016814547898
110.70806079496708,88.17582765845715,89.76881289328163,89.80209443706983
87.2049272096234,102.07306678197251,88.62294938226135,89.10805806932193
34.25331645321279,95.22601000025793,85.95003876226855,89.03816959021522
40.90400645000735,98.80066366979776,88.02600554493706,89.46579536986113
100.42304267185972,112.52059802456215,89.87222181099277,89.10797163664319
108.85261359388389,119.80601712360811,91.43901640350254,89.52199661385205
115.13258159371546,124.59950139399719,91.83950742395079,89.66517632037986
114.8229050337745,124.95587405829416,91.84137105728671,89.91100969541108
118.15505876682194,116.30354858344502,91.67450882996518,91.30835501006865
108.95696015705249,99.36096564564477,91.77009972116883,96.32875986137083
103.69672616253672,34.056487514193044,91.16946905594867,98.66765769250466
102.04250589287838,32.71860397658378,90.93161529948304,99.93331167760076
92.22845128259466,29.426164306974204,91.1049483634118,100.15768752790245
98.01365232276838,37.0009466725334,90.84704686868304,95.52932547612016
100.43977073691228,46.01652981691949,90.74090860900762,93.25575549794073
68.06177934791792,107.72287813302431,88.68160698193898,90.1933023109773
62.82154059950076,108.6008298921125,84.84557123781916,90.65255443473694
36.697716763675764,99.83135736241273,83.47343250740074,89.92840353611574
42.99567188846248,97.61174962773816,83.34093874549296,89.9651729872955
38.44004551268441,99.30135219803155,83.70490528400107,89.94074911480271
39.81399318060517,100.40103308001284,84.13459262506022,89.32113373055729
126.56057062560765,134.20675594803944,86.45999376756538,89.83711436966651
116.05595524468947,125.33778542494352,86.90702769584323,90.35585968698282
107.61951973104279,86.33645442028742,88.25052491158219,94.32902496774786
106.29717876942546,72.09867373617247,89.25209478679892,94.82936568472932
99.11168650899604,37.752697815703605,89.75654276307729,98.43082905397306
92.75336650307835,26.660204527678797,90.73037303072812,103.73040303504698
73.27506467359588,24.184879281039287,91.39731487710311,104.44353517810772
91.05163895535294,29.32566918053696,91.74324573799375,99.95572130855
89.8082007429835,29.188483252154462,92.04212260625464,98.13825245765753
104.58698072439607,85.64970318921286,90.06711970956025,89.85275294626692
91.18209071869516,88.72912967455125,87.7640269241663,86.77642708415927
93.0349713663108,89.7111314814748,86.63369871522467,86.105127185296
54.967690495641925,88.2311242100156,86.38966597178647,86.55053949815702
80.04590607505712,99.22767992859636,85.70622983195291,86.27149254326397
88.48325734235056,108.91720395073146,86.64055738246749,86.96089570452054
98.80269194433714,115.1431987676648,88.75575749668107,87.60958092363371
111.7639716191649,122.54104246300989,89.31819905443503,88.20381422848406
111.82127462561598,121.95327055981244,90.56891432630962,88.6550626228538
121.25135732029497,127.57387829432649,90.939951225352,89.31955659037055
112.06200363886224,96.77671881222139,90.8400318878218,93.36614946520686
105.38169870701567,122.97705273259567,91.00942870260457,95.24732260134016
98.87493772675052,34.240799805251875,90.9981040905469,100.33575470706785
102.44917688150137,48.22990914063906,91.32732768726923,96.25757479155516
102.3946925126583,45.75910214160872,91.47676088917403,95.35808454948952
99.39409607935136,53.54698186497722,90.96889145926389,92.93377802457096
89.30522774606347,83.15728775445895,90.59116731816847,91.30109523272384
76.41739567014815,104.61453425276073,90.23126303736342,90.74652968771046
70.26223242999346,106.2803840432716,89.96244297202111,90.33931723359163
96.05126031657043,114.75302044963628,85.92533290086281,89.3591283371992
106.2090911105627,101.391511793084,83.03469132307943,87.83675847229122
109.50886094952756,120.85535029634744,88.09283214229626,87.9589945895471
106.64689132841353,119.89712701419579,90.31402148029562,88.182973131263
102.17542142910494,117.99647964025014,90.9617334468563,88.26076594855478
116.52007074212348,130.30102697471753,91.63115930442314,88.34067205018725
120.45726796425696,119.68744346448146,91.21437772111135,89.98580056819414
100.44798647179852,90.4505371495949,90.90497758416342,94.03097564755988
96.27254132350285,28.538604889525658,90.81002004192922,116.13288927100324
91.4566780952774,27.12323048625589,90.63118424357135,110.15881179543963
92.64379180977866,35.87951064473055,89.98176039178841,102.45710221169637
96.36723957582836,36.41037793861051,90.16526127966048,100.19945402952771
95.15019204658346,46.851291505450185,90.20892384801819,96.36821508762921
92.42116726028026,45.667892115495384,90.10011570174457,95.41872953841404
68.32286171274897,103.78027724983936,86.96150229082521,90.65863510895484
60.53186723520612,99.61151316545303,84.93315580918528,89.7102375520914
35.03677756452345,93.28245080673875,84.28838833977892,89.25973399226305
35.3711945131014,97.7326996650118,84.22268513122076,89.02470424589683
43.02467424768951,108.41445397510975,87.01280424594576,88.36870362467108
95.53406682940752,117.37662120338143,89.74125883027794,88.76076267482975
99.8111013410151,115.68453114527452,90.17274108166853,88.92818887507576
120.44313339938783,135.3897555909722,90.74817365225606,88.93833183086154
120.1472195179357,133.83850847582048,90.99082402938396,88.92368704147356
100.95868084478401,57.57543327893672,91.18671073798181,93.47839550040808
99.82524278407601,44.11751757862299,91.25992032821718,94.39694847281383
102.6471407909836,47.17059562499283,91.31241595871413,94.37152649138548
103.32283046524142,49.18788616979752,91.3186460052919,94.57429047827051
104.30171559515753,58.16236796172263,91.19411793574676,88.75899660932636
100.56998115949625,99.07392876725925,90.09676379083231,88.87600178667167
81.42375309026147,112.75288898879506,84.69972621742096,87.45736100750419
73.1719341569705,107.60147586708833,79.64595179224074,87.28960763110611
73.18796392584433,103.33233219829162,77.87080142755113,87.86548981104343
49.399944279423046,84.52082492389171,76.26617182724203,88.31320011888488
27.51048437317784,97.84309676142814,76.37234509365194,86.8396765282644
114.98025110312271,115.41032539083949,83.0674459178811,86.83534732900884
117.9007830382995,129.07279726543632,88.55208831344416,87.52899078540207
117.62580572254211,123.95510810675923,90.03488847641819,87.77584187499318
122.01349060688194,119.01971007381553,90.84379368962628,88.24876594793808
119.65704863997279,115.6238608840589,91.24757889534763,91.37220558040443
110.5281504290264,66.89088306422755,91.65550444146463,94.03505769946236
91.48865272707623,27.060559971439613,91.6385366415227,95.51377306683943
85.02426366376028,28.792797190602723,91.7271650668628,96.59245119605289
83.72796468620697,35.617818301728974,91.63284050945236,95.9301137817572
77.5664606552146,37.77034767424269,91.85930879719524,94.33459885666787
72.85745044820709,97.75963610742257,91.4947855743781,91.70659263809608
69.02217681187025,100.24182810821686,89.35324814034156,88.07033589717452
67.74323929906667,88.9113299498177,88.58507010533813,87.50629603852985
53.969946963819694,90.04692415055584,85.83903819017137,86.78252253783036
30.841120964269415,81.19017795072787,84.79581670866436,86.86672106397384
32.47898881136264,84.14608382127234,86.26507676479851,86.11287496278814
103.70072726601222,118.35290504734922,90.37267688601514,88.38254682068045
108.13181760709884,117.73232072248699,91.02824819732831,89.30103589979745
103.00059515006011,115.75615312219152,91.06147724429354,93.17848029509433
108.77631197803314,111.16764290296375,90.94252036378865,94.9264424771877
110.22626297345971,97.19283856432726,90.47859471272172,97.71748239483037
112.88548771908087,99.06179402769715,89.95742634361731,99.03409881962776
109.24801382106168,33.63864460315771,90.21190933227889,104.40826303969554
97.7833152239182,23.778919209189116,90.73741860684089,109.48728289685202
74.3491106431316,26.330880155352776,90.67139063499882,107.88359040793995
88.4759531450205,69.1804707859698,90.53834848220676,93.54117699079228
79.17420723090446,89.69319004754615,90.86417041945863,90.1723651619552
62.2065985840084,108.48876068503668,90.7149298498584,88.59836585783239
70.35456720646513,109.65569787627102,90.73137464914893,88.68361303923177
34.96392946263836,105.83115453678423,90.23201073949632,88.49685753863372
31.204510493324808,103.95499132241272,89.56793194502212,88.53559835589162
41.015899339189396,117.338579425379,90.3871841523442,88.99892622007579
93.47000876201581,114.88944725843669,90.84269914611812,89.49811193485542
106.18555718892367,116.18448376827457,90.85253609892446,89.80920482638075
109.48790935057248,118.4501859979266,90.90217566814604,89.99043664025685
102.20888126326254,101.66219475957628,90.95789637459556,92.2347513322863
100.11732558171374,65.1009238132782,90.27201155914457,97.59623339128285
98.51621764223678,57.034387155935335,90.09638892939529,99.88984951503254
81.35426349974037,32.80980520434329,90.5463892893666,106.26054160237273
74.26820406663762,30.015119982551617,90.882821299233,108.78719495342861
99.35314827213773,46.691010908731506,90.03780805519612,97.98735492693413
101.32468019552046,86.40618352146628,89.50604524500217,93.798211760362
102.3401376645023,95.39389394377707,88.92797379714347,91.25577052278388
105.65215700030969,101.8564974626899,88.69030775371867,90.22508218476784
98.86275440315339,98.21721377631616,88.1367077326296,86.67114617830207
93.48648381573943,90.38887220724581,87.18723065355525,85.26799561197579
56.87338530471205,106.66522913241924,88.21952103909985,85.79246260457256
57.289327844644106,115.53364769148834,91.04541311512926,86.59634592578963
105.9888266107799,120.90560983066183,91.13550472055893,86.39788836519216
121.94440737516825,124.2058473682873,91.11779536380837,86.601632123349
122.99651461055136,131.67018086844288,90.84669133039333,86.46200427881665
127.03764437736659,104.82301266487607,90.74231260965956,91.08295368041065
118.21461491925058,106.08879880216887,90.89273447356882,91.80968990471013
106.96574611760441,104.10138434752446,90.82655892504158,94.1556666152553
97.21714664206011,52.68250335615853,90.34690190656481,95.4595900000043
113.27036142040272,68.49808919594757,89.84240715811434,92.18192183027395
113.65217962143622,78.77407339419841,89.31608017241713,89.50023784200486
109.84458674978968,115.9476168190827,89.26184143261179,88.13138452079664
107.85943253194664,120.13823598702464,89.10275603325199,87.67596362383044
74.34165172634911,115.62935281586908,88.64782819519024,87.76998242962827
42.4283615281737,95.5772436081757,87.99224654337551,87.29889673530998
152.8407481865416,119.96455596577137,90.62485306332863,87.70078900025477
110.95880022795227,127.62897494837841,92.13417363968976,88.0075122084848
108.13221899711202,120.68824168489402,92.19347834819365,88.12423894599516
113.72096772055217,129.79016358682512,92.69310963969542,88.9061877978149
123.38023182112305,127.23472040956581,92.02226553151453,88.79885280001031
121.64327334869864,116.59089223447934,91.57674047281922,91.5675581127111
109.06694585266978,99.88474233616274,91.3877769141162,93.10915661284378
102.92177558354639,104.81693716195505,91.30732019284517,97.95632489053038
87.42092545184973,34.33891798253132,90.99433816339727,104.76675722779103
86.40419079670497,31.221984960766285,90.85266617461393,102.37872425835855
93.58856779535706,42.94612502292207,90.25046253944883,98.14999089576196
93.63419199024919,42.086040238402376,89.9066711693907,97.14062151495186
104.25809169395015,86.65334403020734,89.88580781988081,90.70745781040488
95.03395183109046,78.79764308503981,89.75594795904877,89.73751554922251
80.65323926683895,104.11076306323697,88.15817758471292,88.27570154224942
112.42447130067224,95.9083948803938,84.97346546625754,87.15969239463362
63.237102697289224,96.4188454005157,84.63000698077455,88.13112453531959
119.07327761524286,121.97702639644604,84.97675032117891,87.37445415549756
124.39290053283342,123.05151529464597,85.06854293431414,86.9730096323666
118.66431011947239,123.09465311152339,85.52782171307138,87.12511480789541
120.47186995138034,128.8858457159501,85.8662709951582,87.2882053351813
121.91808110744316,120.2038992399072,86.76123867015465,87.26509260121281
116.75203855846554,125.7852169566421,87.43922472276857,89.7359030847201
102.72743991880182,45.12604367557287,88.26311365433568,99.13371714502048
87.82172469191943,24.814454538425558,88.48071298192394,110.00774360698361
92.4686034685295,28.959916947685773,88.91597781688876,102.0102177880084
94.22346013375254,36.91763272075281,88.85278031978879,96.97274830582145
97.27377653032866,42.75603507726452,88.99285792175817,95.03490704236376
93.64046280687357,83.06669165415641,88.76118390558206,92.3161577015442
89.42453745798345,98.34352919390537,88.67305278882974,91.17131847030413
39.194346880089526,90.86931296244782,82.144737385948,90.04713948623122
83.18530145517929,105.79772303013685,82.35459342380976,89.70183140348003
57.65633166795122,112.04164373238483,82.59708888606805,88.4485720005231
72.49069359362883,110.31532392218146,83.16696722650471,87.80953578183954
90.89717425304771,118.65982957860616,87.03069254438039,88.43609240297198
111.83276950138422,121.07859742741208,88.88043816720256,88.57131791963158
117.90781581156217,121.79479184742301,89.60078107640271,88.68221922616402
124.49482989294134,122.35826266910522,89.53793082702722,88.66330059087508
129.11982250893362,123.75516227174327,89.52704222326963,88.98258153678613
101.30284992341836,24.92827587094307,89.69983037970538,97.74594624082792
105.26262172905072,31.87624754521456,89.77435537273018,96.73523398545797
99.6152378118071,41.00700318963758,89.74288773977372,94.30096543261298
95.8471789582484,43.8721431252098,89.65795060594944,91.976667215834
101.40267696103554,102.27386061807354,89.75768223828902,88.8096798878366
84.31127117006966,102.83948925930774,86.16630726370074,88.08484176034855
44.685510637014836,93.29335610232924,83.09338263106675,88.51519542083601
43.149465835123884,92.67261952403756,83.27220814028115,89.66037371629486
51.60642796006014,103.05354019950605,84.04335841493116,89.34235093654377
48.725623819481285,100.95442238737675,84.18327247131138,88.95724470574478
41.115558430477925,97.09736933738063,85.32054681551855,88.38147263819525
101.76596398149344,118.5452146293554,86.37020307066662,88.73546440646984
128.54965888826698,127.19376464256746,86.9515991861752,88.53199055441306
112.14854843016859,115.40126286416607,87.09391580229378,88.00645284729143
103.35689500487398,103.90944505528665,88.43938731477364,92.02732941121518
103.13666016753666,33.0443926603514,89.6616344342331,94.71738575377144
103.16280785517276,24.970501534448992,90.93615680397288,92.90528558113283
100.82961408353786,42.92106457882289,88.72305384694587,88.34646822671779
98.40166444357943,46.23455265330002,87.65333849756298,88.0032543628697
99.18819220285862,53.963475924623886,87.78859703566526,88.66142466077271
96.68567365199776,83.34986866740385,88.36782641747585,88.45431656355018
100.3263835407021,95.24860028462423,86.59881509287894,86.63271209396981
106.1080213049654,107.78032281257542,85.6734932615391,86.98731022928187
78.72645808384262,108.95064348141159,85.2572221401525,87.06864982306078
36.53855750881615,100.78227006381657,84.47360778412958,87.47587960818726
43.793199861650564,102.34079979915319,82.61238363972926,88.28350141873031
72.10034221965749,106.69897844211431,83.97330216393813,88.64334108103596
102.14142428065107,102.57236111596231,86.48376821221359,89.65891882220245
112.72350725334982,116.65713654136701,87.58813084139064,90.91500191317232
115.41069530999482,107.53730402651026,87.69597595961255,94.0699805411111
117.6579514496642,105.02208621013521,87.76480079075469,95.03368450133857
97.68042078884457,72.42628333720006,87.15935536474316,96.1865178764662
94.63217826680223,72.99105479410451,87.3715484469726,96.58471024389698
71.90547221373227,43.151171977907666,87.26479278630381,96.049117520078
72.36047506841636,53.867189908841034,86.30091865413246,93.20041950556651
96.67138275800002,40.36132209997897,86.51314207252479,92.45725826942045
88.77058642845465,73.74393184977961,85.923201782671,91.91248166526736
95.50802008871177,87.5937701098954,84.2137505045244,90.42884953581985
103.91191530307006,94.07909078010229,82.60390726653809,89.9731575209419
53.97166790491626,95.8090310024412,81.44700568553819,89.79891352426357
35.775992165291974,100.15204216714979,81.77335109395528,87.07761877314059
31.097166603454134,96.75980343946482,82.14566925621534,86.36741787914123
70.72915164865569,111.12155432981545,87.16441286579074,87.42756103728954
103.86657166208714,114.14232907361203,89.60011466400096,88.64682868369702
107.91003857540804,110.02620446471515,91.24577765265126,92.41771881013645
107.70080414239963,104.50226578946231,91.73483279182634,94.36329758402951
105.90949603327098,110.79139450739619,91.17047228400926,96.39227357661444
93.14179018752188,27.080571655560256,90.85215283815822,106.58020829526046
87.31477547518107,26.15047328864381,90.70908242362776,108.13134216955186
84.63625693405261,65.72639349389644,90.03597010279194,100.11652113572762
87.76120467819102,50.55102187888564,89.94597462170549,96.11271715651483
91.24493565369525,71.35091757276606,90.14525532037985,94.27508840615783
101.02293753302224,97.33964843847627,89.67231742081096,92.55226987976944
115.07117604450697,115.20947661291899,88.06324946216043,91.03918936859235
117.81302103859689,118.55643056677243,86.77301531807085,90.479876850258
122.116692204032,86.7975087972262,85.89788745751619,89.19810471712675
146.99143520234944,106.0501312284265,85.48151698592963,88.41089079525176
94.14346865175297,99.13876813281146,91.08804892882091,88.28647560089605
85.19902168590453,113.93363960030636,91.9033956749323,88.2187660207252
108.25575211338757,122.88505011464791,91.9933525703413,88.56007110480607
120.2364018552797,125.69085754347455,92.04170625961561,88.8211050657056
109.33053336025458,110.72874168877297,90.84775292775629,88.82652855987632
105.95890950017134,105.12134692875279,90.65261665543507,91.34414963655699
108.41222831339664,101.02383895533528,90.81700327847555,95.88296834224622
105.03654529356231,33.3203060062233,90.25562199407304,94.64370144643968
105.55865129445174,45.28694092095585,90.13467690683063,92.2643328849809
104.12336227118134,38.48887981228806,89.62507869033182,91.51543476768713
100.63781177063353,41.43327727842138,89.83031222222509,91.26432947642853
87.31508358501551,83.77699986484299,89.94240267977617,90.21249394356842
88.14943508080353,89.6443074363157,89.89087864179963,89.24944898045324
102.21982083847934,83.41288509318872,89.79480964265605,88.83822151476792
53.06229335413943,75.41641860590134,89.35632621645073,88.88964987989908
118.12515905838295,107.24353464735806,88.79567844126655,89.1507175552189
116.7807789142898,98.58918248761069,89.10332955909603,89.29929803405913
123.31717319855919,97.07443098306675,89.07779746741522,89.27600364193337
138.9606120719683,118.39957671594937,90.18391859945565,89.63627351209492
115.15674116321327,94.58321246394371,90.16180400594772,93.52987886487557
100.61666512873218,44.86292110433944,89.79744249927595,100.69731739567094
99.97412340813594,41.7367642205675,89.32571839921941,101.60903776900219
85.86703290740255,31.34742953975723,89.55238553568142,108.69410729309305
89.51448598860905,31.824379445131793,89.82945715800109,111.66413441025507
89.16432035189979,32.103612141358816,89.94290075571871,112.38262305269
100.54136977529974,40.859636085645526,90.63532113730523,98.66962503262859
101.84550376879734,46.39053491315249,90.87164471642771,95.55430611536949
69.152847490624,70.29274609485391,91.04005174420804,90.5203001481076
93.78940697728207,89.70288466164449,90.29357415738578,87.71943838404374
48.90298403492545,99.73079595589807,88.62795702964445,87.76243648227843
56.560533727703586,91.55216437355533,87.41802215157132,87.89587941848328
37.69588033057183,89.00497651793478,87.1877793266626,88.34198096859781
37.814243517608546,114.78155997800995,89.36578287360264,88.86409953440575
105.67423874931343,119.18456724989113,89.55267883817284,88.7228633210095
112.08863776431991,116.66574074598047,89.46439269328027,88.98189770957052
114.97584774722188,103.0607025064236,89.19316264491381,91.12057452000694
115.88143358407676,98.95123170385004,88.97699823965489,92.36894622623551
102.43272147406212,34.949924761517444,88.94649025213596,102.62353036285293
96.6050299009634,24.432461089594128,90.13184687057839,116.74269904036923
91.59563882018635,22.559418319650497,90.91124580725132,121.11315305732748
96.00360659788826,32.28658907876037,91.42582742477667,127.02624961555101
91.87032381541005,50.32693200353867,90.49576672263302,91.709178038936
87.76999626367682,93.33657808810128,90.41480128296791,90.2436636277114
105.82155728255965,98.28448555735113,89.13462057923601,89.00880400764545
136.37138574694893,113.48841264473906,87.02963227624657,88.74664988299841
141.48860417067442,113.69552061836632,86.29428980540618,88.40373333011844
47.434592741635804,91.89499086372953,86.71637641050076,87.81679912242132
39.96421933921031,103.46482568958852,88.4596787416007,88.31628399355732
86.6463932662005,108.05760881920108,89.63006862237317,88.85285950306074
120.50652182611356,124.77901470430284,89.6543502152879,88.95995898715341
125.26783411211973,125.46893602937807,89.8215896035854,88.90288764520653
121.6948416340309,107.66334125355158,89.86892924057685,91.80120896764173
106.03580051014185,67.1264715919714,90.08441845659647,100.8667102758777
94.92635523423283,39.42130399185371,90.38112828916145,113.80609128258428
97.43809951285468,36.8241181680788,90.53523189644739,106.46336809675813
98.41826004242047,37.07026172011081,90.6297811034268,99.33814625674711
101.12290940238304,69.45209291822576,89.81412632306073,93.16028356066661
100.15306394949171,63.77967518995251,89.64071352136659,92.16250069621891
74.38210001212528,59.45384998754697,88.940143456037,91.50357144547004
83.74372797202575,61.11411665412628,89.11352492496623,91.49858370878653
73.94161444211697,101.35487872986191,88.45703715015452,90.07720199803953
68.50742023468281,89.39933074543161,86.520803964474,89.2354653807418
119.95768568777872,107.39676442341595,85.65232898205983,88.33547677681412
106.23868462877513,106.02161305186138,87.72247186736335,89.39157227697083
102.35145068173878,109.75043811670764,89.71081821601572,89.74033653022099
122.6966494930987,126.1382323381283,90.25330271267428,89.67962423619686
122.00721677500115,118.90875372867256,90.45907732351957,89.6623593741549
119.28303036112123,119.16023030365052,90.77217342939623,91.33637948005267
117.61438643901143,112.28574253638568,90.9296133419866,92.43623011705506
115.34269251112909,109.70010716018247,90.91098736221831,96.70731425606324
100.5305380038269,107.55889613450528,90.85343174998256,95.79743463944091
102.02093287834428,66.58681711973003,90.89333903805586,93.94174458779392
104.93076268774614,66.18298929634678,90.88521368886914,93.38421305725653
103.83119821226802,64.18007653879192,90.6167463545292,91.80589650335916
89.77378157161651,73.566884441654,90.71306089445342,91.34448609201732
83.78553293547735,58.54789922809126,90.36175488672879,90.63834440940461
39.579727392490106,71.11080104974609,89.58870744658677,90.27826216128257
51.12972870474046,97.35850678567188,89.80628698049752,90.19378662690828
79.69284054301151,106.84331163889578,89.70541070618643,88.07161544915121
122.0173493970367,115.19654470961814,90.12247905268421,87.84594918774816
114.25913777395311,121.90707160010108,90.73871180222301,88.26137907758003
113.43311101620131,117.8786184711497,90.9139263843152,88.49365780282545
116.48815878694572,115.37116708005213,90.94459912258456,88.74217471741188
105.49662240280766,73.38065140952538,90.76276307394983,98.11240565839893
99.02538561325309,33.250647139246965,90.1260058618084,109.57382649710725
92.80037005696703,30.142450170770115,89.91814593556299,121.53146027226174
88.38159354652765,28.00073565803586,90.03543515013754,116.15822230822643
87.28179978382946,28.242962401553548,90.13544422496678,112.29760230890855
93.20982406588092,36.287105788315,89.55093136776208,103.03134259807774
90.72813360708994,47.43967045755001,89.463373718144,96.92096263041797
87.8066113356465,47.7172316482159,89.18577395748888,95.13933058525282
82.69018758570701,60.23370874184738,89.09755885640675,93.57885833709713
80.80340338331723,96.420865137417,85.34944248920691,92.03504448015613
46.30802006718307,78.189074407022,81.59701349575457,91.24997719786685
41.08852318545569,80.61996522745753,81.68538505432862,90.61175300245175
49.62210936356067,102.69066900173215,84.11470919293946,89.99719111069574
50.9433763030663,102.95690316715213,85.09885109483247,89.86420284626408
103.25376235028835,121.19501274222995,88.21958363229436,89.62152582901281
111.47110005013883,115.79872032153472,88.95316097453423,89.64691746902912
103.62140854108648,99.0267358358725,89.33745504083005,93.91611816861297
99.7405573982109,42.94424976654327,89.20529774365379,97.61553196236409
97.87111544753704,48.550557389573605,89.36112118349014,98.36820405170684
99.56635907037526,40.820599741688945,88.87859477648468,98.28826086746413
100.49581554049361,44.25965715110502,90.21252621955516,96.57293587880295
100.15384540790245,44.33349326044078,90.02088270968547,94.19461796719027
91.95542450681307,81.49752904883381,89.61510465220562,91.70582519770477
55.49076278284895,96.29654546376287,87.8230711366813,89.40231636755136
59.5487793116736,98.96063573939547,85.97711131703547,88.90544467722073
78.20369095028144,100.80448899318547,84.89403366997195,89.15686898871743
29.26740432455897,90.13519538418468,83.3911295197163,89.44017977506476
34.49360378505937,70.53988886786841,83.497482518719,89.50289383963441
50.23016760426718,94.98114403578116,84.41931665543292,88.24320818921775
106.25622794378764,111.37345181281802,86.82646909640367,88.26303724622508
109.48444233113291,125.37173822089333,88.83944984803807,88.69656449003834
111.75979796630526,114.12683627821467,89.48304977608468,90.6062921384222
107.60198832908667,58.69344731001801,89.51312602616889,96.79109692266002
96.57228379173563,42.166042219087814,89.85306838675073,103.4838289629174
92.91682772101679,33.21469712688705,90.1769694236368,106.11726761794195
94.41375642051133,38.87109405838031,90.41617593579181,104.75898691122686
88.74378684089075,36.87539588381898,90.46622175188365,105.83399951254937
103.69895871656911,59.50082516303034,89.85051710982783,93.0785791026707
106.91891870297135,93.29177815712531,88.25003799212848,88.07575055162683
77.91984544655472,98.35425874572377,87.97744315140542,85.94418344593029
95.13598334938578,92.96500162624785,87.79367120341699,85.7616133598071
87.1952304335692,104.28678640083972,86.94375063301314,85.37970733159185
52.324790198724266,113.14844222549623,85.06737810407638,85.1173383309271
36.47405729153128,113.86822312437111,85.12579071641817,84.95523091701644
37.217189319414075,104.68502825922386,85.52899711387145,86.16841501686062
30.36457429095939,101.32750225931677,85.8260556850841,85.9277905281055
80.72219776467493,99.20965087943024,87.37489708801802,87.43915074754418
101.66779031470821,102.84329164024746,88.45848461446772,89.56172483883415
96.77114196664685,46.88747667443512,89.50121045946356,93.22483349811544
94.89174203880928,42.74085988326068,89.96808661457004,95.21304218410422
97.45356309177907,54.201834877543284,90.31471917238423,97.98841939926007
93.38449048204568,37.981378887359504,89.92308409101145,98.09511639856161
93.92784997304807,38.146186651668415,90.49825678635379,96.64945369369573
93.84059849038287,56.18639130025425,90.36783780659985,94.54403323656197
71.35791088337794,68.81950694085758,90.45442296210646,93.44468474132093
77.02169467199631,60.967588109987055,90.59381821375774,92.97215445270471
104.97584479754829,105.54167738610772,90.23793788427538,90.68892299999571
121.32789733233996,102.25380264923018,88.20069681053873,89.36303405815198
120.1864412214585,104.27558303709614,87.63619929859372,88.81373528662715
33.29386640297019,99.33358936898833,86.43695802403725,88.3857451108787
48.67119146100688,100.07621383818356,88.520630749567,88.23072815980217
92.25042872288252,111.83279416132396,90.00719966827697,89.01560653576674
110.03217851409856,110.73578215924786,90.14581066120475,89.58968814070744
114.07126180536673,116.37716220253303,90.2203209408341,91.54350224124312
117.77709641251847,117.53450271814562,90.2147977413543,92.55941408830562
109.83601419081954,116.77362156179896,89.52762314543408,99.51420847339296
111.5401371375928,38.35033379658983,89.51855463326119,114.03081792704481
111.09062411790215,35.48667764986793,90.18968804452898,108.4840920518145
98.30257274994696,39.80275797495265,90.10956954848307,104.06303039520414
89.76654671063056,39.98835521135151,90.12166860656791,101.92465629918253
72.9681404126854,47.98543777985869,91.54829992182363,98.9209774298465
75.12452775319719,98.0803581368526,91.45980368641843,94.6394840057962
82.11332946149163,93.71560297226256,90.99545505019202,91.45291252531025
77.81770704568584,83.73503006621249,90.86778129587964,89.73292954147792
130.62819788560202,117.93713837809365,89.61256091637928,89.04742755729013
93.51673758214193,113.49503325119608,91.3181073060916,89.05162176325373
78.43511313045794,109.79892498094276,91.63304026391617,88.96905472849481
81.27803730826908,108.91970951932065,92.36979415555,89.20515180712114
97.25348398347028,113.72871365786175,92.70886211881071,89.44368565689852
117.48796581027344,124.12156644868281,92.34412476268888,89.9089039055356
105.09735239317858,99.47798513235306,91.62551733363371,95.83913400614718
97.98176838732181,41.50290393460928,91.09695566750129,105.2777607892897
89.73586887479614,33.1040396814052,90.2864875591527,121.81237176843001
85.59288616013822,31.875645293210546,90.74474051196191,110.40337121058452
84.11951625750324,31.562224890337372,91.0500204089444,107.31763780453684
82.2986897280379,37.39813078898217,90.65989202386395,100.70692148347557
84.12936905764816,93.62704937331414,90.77122949901391,94.07360102990904
84.58838249417687,104.91350574751921,90.81966770712572,92.1689123245689
117.63844081582911,105.76225068175346,89.24806941108268,90.21172436004298
59.34900893913199,98.705128829109,87.21920259573591,89.22475627331214
37.09470603393733,93.64219899964947,87.04445284564487,88.68412036139239
37.08796311117962,96.7446720988595,86.38558784862563,88.50928672079621
51.733671837229736,107.69560146988948,90.25134532778434,88.98750498864969
61.08737538884193,110.03653387935307,91.29547306654149,89.31409062448076
113.03840419678824,120.23525142148047,90.77114583542931,89.13480928245396
102.2309637396882,102.67283639239584,90.17038096481886,90.79512749885855
105.60857275524862,103.48927231191158,89.85220876954635,91.25429444724732
93.16774061341333,47.57634966619489,89.36111980307454,96.23893860675577
93.92615846615351,38.5947819090534,89.57863916062357,96.14845970554593
104.03112534209396,96.68213183795217,89.74702179421524,93.71724145677508
104.87355411085439,57.13293307693329,90.02486958744755,93.02950788589655
86.56822568221176,93.96068484572412,89.9991233810605,92.59694892873021
70.6959950933667,106.65531128943836,89.79674123566733,90.31991369882056
59.635685879680565,114.67153843175194,87.55405101652569,88.88887766704096
58.9313942725898,107.71281347579537,86.31130708021101,88.72828642036028
33.74243338889005,100.50144890684993,85.50979208016392,88.13613600840492
33.064863801605235,96.28474848834588,85.45215319816916,88.08380478568927
41.54098379976735,110.60420198844156,88.10006350302442,88.46950761885095
89.18004634165989,105.23865921964405,89.22004274734914,89.75794604467922
99.14926859330333,108.06471569870895,89.83422061915037,90.09323260973648
123.58720331555698,120.01427470597088,89.72095666497958,90.03125832011256
101.63290601612655,94.59001851791197,89.2646728289375,97.24634941080055
90.73990271646852,36.137711248610096,88.97485148465455,106.88658835814402
92.5072060808742,35.78538168508485,88.91207559904247,109.67636425313758
102.4314767740156,46.645035573898824,89.58004221331741,103.29783978701583
98.93898301998723,42.826012576535206,90.05889975869533,102.30453513104786
94.8718098510176,45.8286280043029,90.0625179505722,93.75791905589345
77.55732159626838,95.77278146295338,90.63401639386115,89.07535883195833
72.06018954807617,106.06906406013339,91.12361512938001,86.94609751834456
59.399432460988756,100.41474758073853,90.38871956151321,85.50922518063238
56.74679519882957,88.62189649104789,90.14972202037409,85.57793869911734
44.777599508383844,99.57597493017944,91.47829010576255,83.49383280044161
55.35195676276166,107.09561430668803,92.64996727794156,86.39677094944977
107.3132135346992,116.15435409831929,92.73664939441512,87.67402907521786
108.9966339102042,103.90437584842716,91.600324007913,89.70436700591178
102.00674583495118,54.745944761709,91.7874199231477,99.71566512404733
105.75905531536132,47.58891255605549,91.23291933731113,101.12972992531097
95.47866279053542,36.2900155244642,88.88564855725905,112.08213966100719
78.48782684499052,35.387912704564705,89.36936730861568,114.87164819678533
73.39652342877845,31.500761840778,90.07734638366856,116.9618023061242
81.32077162824343,34.27275966003865,90.24611299652577,118.19868807823707
85.89648201468935,45.32747285061586,90.66642015487236,107.10557536938933
101.69282274322632,67.38793795462932,90.53621919914951,96.8625588669655
107.28681881981917,110.19955460717794,90.53926330379126,91.1007239046348
98.09572471143805,121.59861711791962,89.92142993215955,88.81699726717778
111.05505540742607,103.8806863618105,90.03834424698887,88.81633426687777
104.89617134610673,110.9921864781146,88.51247591822376,88.45686820930125
42.25578526024639,88.80122749778285,88.92561293514716,89.27665152781402
33.99289512716779,86.82770147579718,88.98069469211224,88.99587095340058
57.177012308163086,90.62670868722971,91.57085877750778,89.14176015311513
63.62693413694186,102.54959278769958,94.58361081980843,87.68417843646853
97.11378278753541,98.6098972266668,94.1120846421235,88.69520569332626
95.17701799187344,64.44488734434343,92.85947877422296,94.32873762388844
91.45675202511126,64.89770894222256,92.2386919881334,102.02455905650582
93.36024942668641,81.31575580447083,91.89292288698178,103.21202759795804
95.6245919190272,37.82421918412753,90.59276322567477,118.65684972402717
97.87158753005671,39.24991402942954,89.96943338263041,126.3946673141703
93.24690436071343,36.175481381643316,89.38083953218633,128.6567930947275
105.45704977713595,69.42715332587737,90.067132463783,104.68144581459904
105.09290504888516,85.93500306372725,91.1412717439409,101.86408450457307
97.77383774061337,85.13434017168535,89.90230001246303,97.81599657804215
96.85604156379937,93.56886563857962,89.60741566789046,96.1699186769651
147.20477916321613,105.63870026754537,88.21435560947376,93.61715427935282
124.20172899985158,106.03142269620585,87.53772715624494,92.1910806796434
149.71442804750245,93.86508359083632,86.27095798079108,91.4026385081081
32.027838209827244,76.91073918893393,86.50233864750612,91.26213853297051
31.059176518782735,78.3905654161203,86.69282963054535,91.23855163074886
92.25638808636697,108.0760030686031,88.71154936925441,92.06255741894284
104.11091552614465,112.70572853043726,89.16813305957342,95.08313827145471
101.07145607241247,64.15309812749375,89.38333786306261,100.93571054782785
98.38859587270301,66.84827509146692,89.82567426691993,102.4649306392554
90.95216706717464,35.28296616525574,90.05438795884638,106.16692609403138
88.42566477725453,39.311162381968856,91.27352599873736,93.64868382694227
106.1755881845923,64.81771336693323,90.9327897114952,85.20610689024498
99.41886563190464,82.47249752554637,90.98853370002901,85.30509636294808
69.58660834030552,107.81865412428824,89.15607114452838,85.5606921145465
50.580850964461064,106.18224421130131,88.3517879674727,85.82180982140184
66.98001213925872,111.63106464609064,85.10027735770656,84.68503860118412
43.63952753948937,104.3925095766833,78.19588569865755,86.05173423531673
70.87219421205594,106.17833413140598,77.37963841394208,86.04911122593394
35.35438594672005,101.5569559874567,76.80564443305896,87.69924142455103
58.611712228361185,104.2843733859841,83.42888644191035,88.42167822038957
103.36251635360468,120.98364887733283,87.58071446727885,88.17358228544204
115.83939301157743,121.44609070615259,88.38317807284352,88.23669698483677
111.3008830939102,116.84480507234107,89.03770894970789,88.74499157770454
110.74137436834981,103.07559069936255,89.11348697119372,89.35523482697731
104.98198586203812,60.61243202850372,89.11450529653554,92.11072090564488
110.13983455546898,60.15952373672908,89.86090659251218,93.7816844565516
110.07380533889213,110.2631586769085,89.92108756403424,91.25400275004232
109.95910817755494,105.35876839926823,89.9081897149891,90.34218339302375
109.67705911587967,101.81753539205594,90.28536851328765,89.94759541182985
109.2862982336567,113.18948027244276,90.23795140961404,89.92413239738326
81.86353762030649,108.28690119123469,90.30188634174111,89.45787088775201
75.38293600564808,103.73711478892287,87.55093281357051,89.132137651606
124.86696675820188,97.45695565381614,86.41686389070229,88.56554519641966
115.48886373526707,116.35479217856158,86.75816062458017,88.16177202564903
122.25930499920527,119.1331621693957,86.99811968425159,88.13422526070822
123.34594643796977,120.92964657242744,88.65738914219021,88.38934903562686
123.64509306737192,127.29022539638744,89.60188278413632,88.56620913709045
125.0026615185657,126.59194035818425,89.75529712139416,88.66037894688682
106.41159114163823,95.98461260906753,89.44222837775291,93.33158329144531
112.09010183310487,123.9929535414209,89.64433413410923,94.58142531502844
104.54931550343017,69.59146992347588,89.20798415590588,100.59257824209043
107.02565268105357,80.20589609644068,89.12776957599664,101.64914246477782
92.33971467465126,72.84336576233288,89.87816994020262,98.05750833858679
82.49377512394197,66.11883000422498,90.32873398013567,96.8952624523353
96.06914429116472,70.86939108586941,89.33559049303994,93.44580791917227
92.9442120603289,96.24421862513816,89.04111320113614,91.54553452216379
92.87382070430101,104.89432379878403,89.03496626297785,91.14510943252792
113.02776554211927,103.21487262842113,88.09937563380383,90.46118810525789
158.8935010590413,104.20226728483888,86.68181117875014,90.02975264450542
121.06527900068225,96.88192463591835,87.16777729050587,88.85447097856623
84.71978797064473,93.79797840802034,87.86296895273536,88.30858109033994
87.1819807923561,110.03380929319258,88.70753449926649,88.72615482607169
112.70415302570179,124.5855685029969,88.53889604022778,88.42956014868999
109.13321568113179,107.33596575973054,89.10974957179532,92.78663131426451
102.22930898144449,80.06251572174371,88.64904903275,99.61085123114341
95.33406910789186,56.94503662976478,88.55118415832636,103.89565353090643
106.29818884298614,80.14792382380864,88.60477651164133,104.5233852239909
94.18299580504991,36.35251449044981,88.78780313494897,107.70586413583429
91.479048593741,36.070053072026326,89.31223249791839,103.66348888657441
94.88683502296513,39.68815443356681,89.69123534567402,102.12274392472341
101.55785529374101,49.26183137129884,90.05678890683407,97.70827280995324
96.52604721135502,71.71140860584319,86.20388643686503,91.25044014002617
117.66251914257064,104.32551348225499,82.41617019492224,87.44462261239889
50.079335037387175,102.20232306810047,80.19325974668216,87.07592159825444
65.75361947216032,105.68722744585766,79.41828053516005,88.49002678039145
113.17770437139156,109.06599593822095,79.86185931578858,88.73992429409076
28.393769824077392,90.25607878358839,82.0833616658863,88.8125695140563
75.5949486965787,106.94040372250282,85.6548673670574,89.37399453393154
119.42131109926126,118.31459116308122,87.72650142990406,89.68191664513705
110.22457454349133,76.74880560650371,88.9739900563679,94.62853050022484
105.14930558627151,61.22990060025379,89.76915180242621,96.44416456760362
119.67221827518271,123.63576058886649,89.21277806375898,98.46768211595557
103.63517538891688,60.20583923570178,88.93912230314729,100.00461460359843
87.66662672482784,46.13021274577583,89.36543683536502,99.28715803446376
81.87796950905343,43.28348543868202,90.38981276798708,99.54068277298997
91.3550339236023,92.37977620447333,89.80550089961524,96.65727579063494
95.75149223707899,73.67352887295937,87.47951000263085,93.6995707393129
75.64775872949402,84.96935735506035,85.15549495261419,92.09397252970112
48.549117976240076,80.53424919986075,81.12034644698863,90.82533931853989
50.14536849846349,89.11879743754565,79.72429243863682,90.39212941382438
50.61289148167701,107.69942187727878,75.86187989316475,89.25635708442525
47.91354383499584,90.51818773662858,72.9555144010526,89.20819017017001
45.53101562505386,90.48941602274105,83.19832452965655,88.73333381269406
33.99136562770268,87.10477747328748,83.41717953320901,89.2355428230047
47.185166018404466,103.53511322551404,85.16553446635915,89.34672752047591
100.18894281455306,116.01469019603115,88.10150428727022,89.20254788193647
117.76885626321851,123.10698893095092,89.58994121714866,89.48168015312127
116.08158237296983,91.73533380392404,89.84814971543243,91.48913701848296
114.66814822571045,85.1575848915093,90.04059883296463,92.24188866031457
115.68135604643851,77.54052497278785,90.11555968389067,95.11165779110497
110.48829871577465,76.0986904162279,89.35452063874592,94.01539934938897
105.95154200604374,126.28536468030676,89.4271502961608,92.78635572363675
111.2541817501261,119.00515531882193,89.63547659237308,87.86075770104958
83.2424613662798,89.78610217007778,89.31892931589529,87.15194878111805
83.54196905346784,91.77910394517957,89.13952904632303,86.8237724947836
76.98660969010831,88.06596720787702,87.18930471949332,85.00999660370906
109.88435749108707,99.26526444334641,84.23944178852472,84.89208455119814
101.43549409354176,101.76733366030389,82.78010809936066,85.2754691803442
120.81054409964966,119.27984531903478,85.149704713669,86.2093327865165
116.91883633268435,121.00952315798301,87.73725123242974,87.08885851198762
117.94002123935098,125.93362019866419,88.87050538886088,87.83085281113948
116.61844717486584,123.27813036165443,89.34923995822317,88.28629925907356
106.88670879457396,115.22233589861466,89.6614277393146,88.68085186938355
100.04863627421885,108.60049197696561,89.99553293861793,89.21754901659243
103.18540397719433,59.30782832369059,89.96797515277684,94.55750658184655
99.17557475539951,60.29737388796164,89.90088165638984,99.02804498954399
99.37709442669332,58.28329416242016,90.01459095233822,100.5193642130135
100.80320138997315,73.3166448809652,89.7907529662362,90.84733338551321
104.12685879797566,86.40607241078403,89.86467972393963,88.60711623783203
112.52127401513566,95.66956041615087,89.1301385231444,87.02092017437228
133.95961854608123,79.09958739134989,88.77110784679138,86.82962972326264
117.8653215931601,111.3134743257312,87.08841821591494,86.84859999604687
25.73156824978145,103.77981715652872,86.03518334718436,87.05294623353034
13.995063395386836,101.20291408476622,84.92800452518117,87.994655707728
46.4724163765213,106.01730374335638,87.1136649642172,88.48282410107835
96.40915455332814,107.64212161986516,88.94013067634747,89.18141293152249
97.82603251319001,108.85045899352416,89.74358251373106,89.54580375772785
105.9091369084914,104.38804466252809,89.8003544357335,89.47259139316412
117.02032962908659,133.80827395751655,89.73176247266686,94.96247496581636
107.95519532154616,72.29226801373925,89.60455424613943,98.55783706352298
109.48503712452583,75.62946024807086,89.92420119598214,99.01461854273035
121.54783444560411,98.28859157008554,90.05468183536982,99.17917895779794
128.66559531967053,70.13902267037852,90.709482645556,98.43193986759701
111.19869749851318,73.9158898327609,90.76680031610623,94.88341404661577
107.16307897829878,90.74635246588029,90.06723572117534,92.98371536981229
98.67288637261305,86.98644027692495,89.66245734812162,92.05736239743251
93.65603217472446,97.36299539945284,88.73986887968317,92.05137627790634
59.158118043050905,108.94050975868652,84.83997491319471,87.50105701239919
26.525657158335907,106.50610364211546,82.48700676764615,87.3675856814264
26.147868468226964,103.29818238126778,81.9506014475406,87.6963895521557
37.0053633444293,107.34768659446748,81.5322881826679,88.01647003145933
33.83800112448217,104.07451445002975,83.58006495192156,87.07787960778019
91.545684762932,108.44394665959085,87.58262802202688,87.40291374245606
102.09723154195126,109.38400076058608,89.66848557552835,87.29833424418335
102.09387020564046,99.92725656411999,90.28523429641118,93.09523437348247
93.80091692459409,59.06318004157462,90.59111696433956,96.4693900307721
92.76506320466827,63.96138917455443,91.39017257546357,97.38557523301316
107.07216807146952,114.80632943801454,90.54078481472717,99.0260928071348
76.48599428080726,84.8613122693675,91.44173625603328,99.87459695558049
73.62136691880004,78.85807499311072,91.84085621880494,100.21139919154137
82.65239476839434,49.09650955026859,91.03848718453436,100.37578584241226
85.49495426145415,52.1719402246961,91.05846788329107,98.79494168433794
104.99115160646379,64.16908856115234,89.73000444383383,97.29045814199121
83.52923668082289,104.8263627923588,87.15389941020953,94.14976849761015
34.944981073524694,83.1350146519852,84.25507795651,92.85013962463223
39.906792998775,83.48103221481111,82.19945450244283,91.31283903027708
41.773720932918536,95.39916951145898,82.95376543111225,90.09493789907535
43.33477944512102,101.83094886479682,80.48711842669884,89.25373225417304
54.44593728201208,102.93081549155315,80.19659353279853,89.03067212068433
90.80782548437998,81.65298593123444,84.17184674294232,96.23673234187433
90.82637025590428,99.8743517796812,87.87045474059413,99.86982037925532
110.1290206737729,95.74746553122405,88.3908064567085,105.49188979545
95.81995919374023,104.23621819042752,88.61045348408751,108.22218498425414
88.6342271092775,29.01417192427447,88.99620136106114,116.1459867065932
97.16177330396471,33.45504947674712,90.34638746980313,114.34689664757974
98.96640296525874,51.54569329743176,90.81079014762598,98.47688837241178
108.05882813530651,108.67754993036219,91.1097867333078,92.52846925349264
87.66858029350925,112.83769136468518,89.14699016012047,90.15430087240792
91.58810612402766,110.30140271432481,89.1059196314162,90.57208193424306
91.3622524934633,113.47000068697956,89.12263454019073,89.73105819342062
110.05055585831781,117.11829796826568,88.32434647554477,87.78783763398192
98.47085814235551,118.73882308379494,87.85648085250754,87.25679568576975
108.20132204337393,115.24772772165511,84.48644013184413,87.7582249082222
97.28213414664492,112.62701598027684,83.84134897925897,87.98467234101966
127.51350577791523,130.73747965604758,85.4314548081916,89.71069517921795
127.5197626957406,121.65336367995648,87.03192642145497,90.54461550409383
117.35816369896867,115.09012323932681,87.46869913664841,91.97409334017377
113.93499168839152,111.50603277871114,87.87940546617865,93.13278040105035
101.44566534938042,86.11400850140333,87.99622930312198,99.42185148876514
88.3854106882569,29.523144101855614,88.26884117404568,112.45884511238877
88.49796824142392,34.40791501346318,89.14122609613995,109.90323061886534
90.88207794694038,46.82930341109677,88.30258999064044,106.48660047107013
82.0144442817905,46.96147922580527,88.38608334526491,104.58068283699515
100.27239674895016,99.06368784084178,88.8326404957008,95.32908171204343
108.06448601258141,111.82962426759481,88.2809473451315,91.17882159242177
106.72974751668718,111.53774962330104,87.82024585031287,88.3450446773485
67.10930988528906,107.97629601179128,85.5033123472481,88.47330769718903
92.37231672511602,122.33176419117248,82.0688177032611,89.41034803516118
81.02671163901903,116.96429079157105,81.97679294707171,88.19258356219277
93.88112626271032,111.88475346448455,84.05383724748962,88.9827607379568
95.30218537387742,110.08383019225597,87.60787592104404,88.7645074400493
99.70759090354566,113.72267963664969,89.44438328118308,89.0750422831226
107.50799407506177,114.03742048491252,91.07833177952145,89.64912698873964
114.70224529353496,113.81201100957185,90.88217825841448,90.93062716995951
108.11105676912356,95.38128998464563,90.49546095149064,96.51672967214857
83.78521851687974,34.996422658551694,90.57311178560411,111.4374798904164
73.89986213516336,38.00879819874228,90.81542178722198,113.9457623900063
69.5569483844863,35.80451733994272,90.75450985601563,113.25857803276668
74.39190634446877,37.0791681394691,89.8797735580638,108.40538944644588
83.09063469463085,47.71850538112043,89.82812911469021,103.13674239951902
86.56144372824944,51.263010857756626,90.01803308141646,101.09181651515485
71.13629659213396,111.7737179766175,88.92708286497597,92.59374350211117
94.85453879093659,105.38360246962193,88.58553749621724,90.62527623324321
77.84230369879849,101.01605739122427,88.68968072036813,89.35746460720523
62.83239920999622,96.11191517618661,88.1664348458875,89.1463617656809
74.0323992682712,89.5646873149707,87.65662858491993,89.18268998351388
100.63591027400203,123.11057482999377,92.85355811129266,89.44017537685468
117.7676527598425,120.71248794794141,92.66585223829291,89.31788732071588
111.74883401939887,109.18149965747546,90.42794690452544,89.74713007323129
109.28221001671758,105.00444554231704,90.53720001312008,95.49400297259544
108.87259825536485,112.4056948853362,90.79010746889233,97.08680054931516
95.40211812553457,54.15326050037178,90.95086591657595,103.1470665555103
96.16607308976728,41.35889124561202,89.75948953155674,108.82726651962052
100.18800190489675,43.72713256825974,89.73975148986898,109.18440897485003
103.75851488606384,47.33765868907885,90.0531530027109,109.31306627305862
106.86222903100513,70.52955502701494,90.31636286141944,100.97605049823962
109.68850145865888,95.87097447989407,89.86303525120316,98.7590006471123
90.53299910968153,112.21779458048931,89.27335805204548,96.57310223828651
72.98324109293736,110.95505036746593,86.74266653593124,94.74297692658666
83.77336930574211,120.84232002097087,85.76953308738982,93.32344089193795
77.97628126978087,85.73699629779068,84.61988400316807,91.53558677169987
107.59379526550995,122.833786278482,89.67550566511254,91.68469757961368
112.59840005441426,116.47795478139079,93.1058262812783,91.73763901018165
121.0966687090124,120.44161520873114,94.1965749664833,91.34339015961653
118.80380909471197,120.62855667057906,94.08963519902562,91.26755834926254
118.83143809668181,115.19567111179583,92.32935575541438,92.95461324795589
105.71714328433801,107.94709047211548,91.23140689529562,96.91433662105014
96.26702386815319,38.31138626397476,90.74365801358587,104.79865078362354
97.88890528432101,46.03753261354735,90.34816403034118,107.27995140455701
95.03390889464437,39.20434579576008,90.101145684408,113.62500154090431
87.65322892992234,44.825503354165065,90.56457970576665,106.31076434045904
94.97713072723066,56.62465419753274,90.65742729146415,102.58377648599054
114.22132422214047,90.63979108771949,91.50762202122704,94.88455312869971
116.70968236996016,94.95599849613106,91.74808674526788,93.51719640018989
107.38150808848354,122.68369073506663,91.68451471227407,91.4946161222419
91.08752283250045,113.9427441222755,89.28300094350152,89.02640178163337
121.97038513285115,122.78431191741025,87.52598391499694,87.49435825784235
127.10077483627784,125.41135812410673,88.30201257729058,87.70327168689639
114.71281479267336,122.13682247473884,90.44298523127304,88.77657674095839
114.57704999844302,122.00295570634465,91.50793301000533,89.22674835451564
109.54216772243129,118.46834201043723,91.79408310567337,89.4847326939291
114.92248545712039,119.77471004827976,91.98233529756175,89.89255995292895
117.71274240729699,121.42306022938187,91.98597609082827,90.12216474311535
113.22579820895642,92.19771536232912,91.43794684873052,106.56729356098188
113.13768492534246,55.60571277529336,91.25704710721345,110.69769058965387
103.11727561733318,58.390827407276014,91.4442790545836,109.1209101480788
105.6441000945874,65.86926453040874,91.45603377742542,108.584109177245
101.07146966343531,46.88020995821748,91.80005946025041,105.66998345647707
113.92089018385741,99.02680726645518,91.9775694398936,94.02654478007005
108.56068980311326,107.77864309795997,91.01195777455288,89.18810827106098
113.0484161493359,108.07533487927354,89.72748060744297,87.58672286190054
118.67044435838274,102.86534297136902,89.99728198780332,87.71703965344551
55.71196935821165,90.08499209892224,90.52305780131583,88.3461098444386
85.46828984868644,100.60754425792625,90.79741161136668,88.7450624101394
73.63344707301698,111.58789842041588,91.57896249181402,87.86605277349783
80.30150798499923,112.55053405556632,91.86985471778067,87.87088746958342
86.02089575039652,108.81890289841198,92.01382667341092,89.0830587805353
104.39730153182688,109.89900942297788,91.72205336040619,90.01849253672545
105.46587867128714,104.70149749609807,90.84363277985965,91.23948221673614
99.07190353582462,65.82947922113654,89.56257810141562,97.17256747081959
100.81107438511167,104.48647342789985,89.67192882851053,99.86627414673626
109.40945662831533,111.4754146688315,89.737664806901,100.0661115010911
120.23210956989084,146.31801439807245,90.05013209774754,99.28684971826122
102.70952055595417,118.11014977314369,90.57123244112364,96.43790501094956
106.51367261708472,127.9646324545332,90.59442780848946,92.95156913488772
92.82989071076165,117.12063041967403,90.62522931452287,91.3418940941743
96.51943711531597,113.34530594101625,90.58599635136035,90.94942605850034
72.53146645665035,110.22325787340786,89.1992243652913,89.40526086138573
71.79580247126243,108.27190134589253,88.61974554733199,89.1059486121001
106.43464288703578,89.01549567229684,87.87503104952134,88.80311664178635
101.3777739155803,84.09906994263143,87.16339577747401,88.74355113601828
60.5163942217786,92.3038042366038,86.81461286814402,88.58325275714213
66.93623113587218,98.67215625183736,89.20808313753763,89.77410054371897
82.09487172533252,105.8669430112064,89.91833790628327,90.16793051721035
93.73869341636772,104.43851843206622,90.41046143525578,91.45622203185319
102.41448461172061,108.4407641245564,91.10610246136198,91.90703484396923
100.51532847494973,85.79188341799866,91.09380797747822,94.55252943755583
95.15670118462651,61.15610343206513,91.05604767476166,101.7922391297674
88.37383373953523,43.72366681121363,91.15357110726168,108.0107364388258
85.76395755272253,48.456154391449864,92.8559722824574,103.69512499719413
94.68952548804988,57.31762465936329,92.07547156032392,95.43954700530449
96.88050714518143,78.49501473302834,92.05396460169865,92.6315222517227
95.93720658174573,78.66865895510398,92.08868438271352,92.02183266780372
91.7210076076157,89.03989923734096,91.00526025911809,91.57696869002706
90.65166342481993,88.96826463302519,90.60723749857948,91.05425521348386
76.86681735008362,84.06996949319601,90.49580875782739,88.4123626090134
72.0519523420986,111.43199570683073,89.18636738303246,86.50099429840071
33.26169227088039,103.167243937476,89.52778397172872,86.55338119322556
57.60002064586162,108.86865390641897,91.8439958947894,86.44648024340715
118.43374668988123,116.92839968069374,92.9229651273012,87.04222183482122
121.01553863271052,118.0400468431282,93.32681184322385,87.20948051071477
122.2692069176891,118.58150373916487,92.86708885837969,87.20099461064204
112.33331575192149,115.54852116007088,92.3024123150689,87.5750445922527
114.49344880026158,120.3109406863923,92.06130742764616,87.9741234492074
96.20930465916761,81.72489328181044,92.38002543784287,100.54546665581383
109.8296639109352,75.04293412034113,91.83893227028018,99.7522840995305
77.85018247379445,49.618327237956244,91.69584615174412,98.3977258261807
73.09706313900126,47.65343182052409,91.61522597991696,97.6122800926215
81.1979908184285,71.49070310217394,91.26358407600432,96.31104486945104
98.63702725373196,80.59632474383105,91.20642415170813,93.03703605853097
105.97207441581219,99.37106807999069,90.73946162698938,90.02146299060429
124.89940798362191,96.52273620331094,90.00634441196304,88.45178444894877
109.49804268517623,80.64619439271705,90.15694967819616,88.64032588827203
85.64534550764405,78.52568826989018,90.18879781985873,88.5696546521699
90.21812823348785,108.33674426788886,90.43647860280817,88.83412493026732
97.100188244993,106.25998500605135,90.93030394645176,88.93814015180611
79.36609552477745,109.22652213951271,91.49903981217834,89.22539731007986
111.0542879142733,115.055699109989,91.54659263960373,89.49392242098584
119.35664742709176,115.82977722678561,90.68865660079419,93.56465022132673
89.32118105199754,73.40059930915156,89.55381854573109,99.01391534772614
93.5271803248404,49.12221365778533,88.53415683008406,104.02315427544576
97.1506546287218,132.47403687860125,88.86047132108199,102.17145864466096
101.10840412981003,126.81957363570872,89.28960488719866,102.46117192929549
106.04569738171911,100.76592695745371,89.86017997084454,101.74061261705127
107.3986420341732,107.80215130040953,89.45937797212659,92.76521101252017
103.54203818666198,106.75432029814323,88.34627289002485,89.48603403105969
103.50098380513045,104.09737163357048,87.53767455833892,87.51883176357016
107.4996688722971,104.2122732827809,87.05240819926593,87.39719303561093
105.86479696434266,111.09793127778687,86.96394980789516,86.90646034228429
31.61956783127851,106.94133936246735,87.01165075728397,87.17988555496451
31.844844775995846,94.89843230690305,87.63191651620114,87.78497017431195
28.915789267828114,96.84476200110154,87.95815659913828,88.6722160627648
131.71569994195733,93.95105950467514,88.57219050635499,88.23773317234306
94.81043374565208,105.90744120230696,89.92992294359541,88.96007931050559
100.81467091340406,106.44929552104912,90.13824742035632,90.76404703697587
100.36663366868984,101.99151332722181,89.71550128526094,94.3854771331554
100.06997876062452,110.40635881553503,89.67979843150437,94.44632155836413
100.26720259964927,77.76946284871723,89.72033375265615,101.46392508253419
97.28165211260455,37.01881444764091,89.59221040849117,107.81442319307739
51.04286685107206,20.99832985655597,86.6766446173374,117.30679032259744
58.83694766052816,39.083123290367865,88.54934495270724,106.76776950076402
85.35420179292137,80.14767746800703,89.25610916669207,100.07074053333481
103.96694241303705,109.13356924120808,89.78289021136861,98.18466135719382
112.36556112827371,105.09381678967412,89.75704368442915,95.69520885750701
105.53468280839894,114.5994549120033,89.4327534104865,93.10439916957668
108.6735678651832,116.64024402997767,88.3646403281904,92.49606682820146
117.03984276481647,121.89528954294147,87.52173287719684,90.4454865333909
103.53496250875263,110.11453846813409,86.88882439385047,89.90166325651298
140.3211604060559,106.47824695673462,86.84804271739196,89.70493585903344
60.94382001783748,67.27313405054018,88.26155427528487,91.22246318308392
70.21899028564714,115.50384332181208,89.41527142482809,91.77706917706979
70.73012214147151,115.50351733613142,91.07118787355046,91.9321364066752
81.99147568625266,109.5863471446124,92.72197928073096,92.1809893849244
107.66469290808706,104.8518561002593,93.24752103562841,92.0302789406706
118.45517856210893,115.86960458122273,93.24268099341077,92.24073780625339
88.4427263202087,109.06707384725424,94.00920852547695,92.59262005920807
72.28854100230609,88.6193152380914,92.72454150953885,93.31513384455732
102.8640384839009,109.26093886559418,91.73545316212807,94.17358407436402
99.7292669600586,108.45260185868952,91.72653070376255,94.80503702128979
90.74706301723498,80.48477925370149,91.89705436236913,98.32630003274696
97.56934062304232,87.44985977381266,91.97161123967788,99.65005664683048
100.17467626239292,85.04882207928709,91.8374366287561,103.1443997110551
81.4248274524747,55.16057818601521,91.74324360192169,109.10564221035955
80.72787424474338,55.202660473807654,91.66074102181253,110.57175062662803
105.65275484795366,41.51507772419447,91.24286156094877,124.4841862670126
117.26779951772258,43.968953842768194,90.77509400568829,124.48633236860897
114.56358705848167,38.015582660318834,91.08405161325976,126.1765655650998
113.92685075135432,34.112203875968945,91.18107943384567,126.88784522270524
109.32564565591791,85.75230567353194,91.0644576388037,122.39688237512219
112.42226337104081,108.67607659555136,92.51228698747943,102.64872582647153
138.2932890076219,141.20384178689915,92.07747477809161,94.42079473792118
129.2758123599415,135.12297978399775,90.02379663004305,90.36156026669974
132.7212004451685,141.50643830959598,88.01190067154783,89.15463162488673
129.55904558117896,140.22988865055186,87.58001822963797,88.69882877146597
135.54255047038592,137.3114625726953,86.88999717185169,88.16210073703816
133.82962155332467,144.61428375949367,85.95103997405356,87.25371776921166
130.01547961859137,148.08973661014383,85.40187799142798,86.7790413945639
139.7628958909117,134.06163087486908,85.03181884347843,87.12454447560859
125.2481797916899,118.15996465273332,84.92025487072841,87.47765716547734
50.93117336534113,102.83838885188585,85.24784387177213,87.66185179538532
41.040912672174336,94.14224211376127,85.36415011181124,88.00049213156304
55.20214795376518,102.9068404393219,87.1759629284831,87.67236903732531
55.814596195575206,103.7242877557096,87.45155231634827,87.62769731125825
104.57464020590744,115.82194533573949,88.61305936599702,86.93146348460205
119.18638536649335,125.56806629050615,89.63096302113883,85.6785338091124
115.4070616935998,115.32550164250205,91.01868576964748,85.74446197824155
104.47328967219768,98.22033363728725,92.81956869942779,87.88707278952035
108.4094906043602,97.96473634952216,93.24336588669684,88.8321988483632
121.82337521817162,95.42100932156022,92.63320530762584,88.08586488054152
141.630804868113,98.57380243292756,90.20268862656248,88.41794983727927
138.95355612067223,101.73677406908567,89.91515776186031,90.41008905570119
135.3796016330796,59.35946314550115,89.68326785960608,94.24700071315411
99.54206146944927,53.88858215012533,89.07234955365097,97.16767973350736
76.95097748766156,54.66856622876625,89.38182423866941,100.12288244317193
94.95348401864052,73.20463521607898,89.08797226605577,98.68926621785657
96.25878322700828,66.09759280748978,89.40168372463818,96.92237984514229
93.92240722967813,66.47123464387809,88.79440324150572,97.53444178386091
114.69659913611031,70.22422570389509,89.3470284537807,94.63878209659727
135.3791006211986,109.52754338751778,89.79025740203119,92.6663311262628
134.30344076512407,117.17693345480014,88.4991584081571,90.74727142674074
133.70153418898036,130.33105235100072,85.518993732753,89.82245608900695
125.13965799632457,124.89441364565488,82.00355971442697,90.00818888546827
108.61337011589109,118.25210787864053,80.47586437746077,89.70907764944715
55.72027540324328,76.08089462974897,77.88227772948179,89.42578414719931
49.487360849843455,84.46181194280841,76.40592256781783,88.81662962432965
52.17370163603119,87.9644992226185,76.05554665265593,88.0173581897012
57.418779017174664,109.20774900845537,81.28815191936872,87.96925168747927
111.86770018484725,130.27540846884122,84.81167949884085,87.94250223452514
126.89443906580661,137.41522705181634,87.97282865236755,87.96980529946525
130.01802939760879,137.46800503505426,88.70814773893116,87.91076106691315
125.217057319044,133.43934015743395,89.28959307479121,87.69792627914391
125.1009561294256,132.3959363870787,89.4724997464301,87.62378769498044
126.00108985886727,133.488008913402,89.90091456560837,87.25112409095046
128.0849612144274,128.44093546534307,89.46065869357811,87.71380233665025
124.10073985432521,127.77252664263044,89.23598118125038,87.91695293035995
123.28177998533707,87.82946085676342,88.85951716708693,92.46414354726572
128.82505397759004,102.50621110894468,88.77420040938757,94.69449367068168
96.87740534674148,53.01548239111596,89.46944958555036,96.5469275313439
94.62370979519233,52.28809450965149,89.3572523465471,97.93956658905282
66.06822516560071,44.275826510495826,89.59256341520842,101.65452215982071
77.73722284800284,54.57253907501301,89.94168557162946,97.57651792554677
92.917734662751,59.63687801669656,89.91294339811002,93.67534517778041
124.02012601154433,106.19195765327315,89.86373509265451,91.13158732434307
133.25584660033758,125.85768793681767,90.04070182306316,88.67596554501787
129.88292975073918,126.27661179838921,90.03627829901232,87.9832337433899
129.2483820421499,129.64185606131053,89.6843640400656,86.92822296272949
129.30665949572904,127.95569213856795,89.38931437541537,86.72955175185461
132.64444389341992,134.80456860055938,87.98572069313055,85.74796689435473
126.06231492718258,127.27101969015386,86.30443184822833,86.04494032425391
131.4278632696902,129.87332163478794,83.79975215806238,85.99319723437034
89.43695539786856,126.69746492659945,83.17631520846854,85.89996871660934
79.91689875561215,126.00579305862934,83.54727437286213,85.86096685581329
91.81227568552106,127.50928541718147,83.67506071887007,85.93879731152475
85.0379768228555,126.02069861377979,83.70063116648392,85.76759229350168
106.10737575622193,137.030087549803,84.12275126115821,85.8178004681425
132.8221707902545,140.58650588708494,86.31311718997415,86.03743020316072
134.73793634807856,138.52119304941888,87.53094841827817,85.75199876081511
137.8582833552346,139.18116474203853,87.79103849805968,85.28338610757234
138.48815546631295,139.56049977842505,87.97791473235027,85.0981983738616
137.3439378503285,138.02480567944417,88.55187475987718,85.30485282411988
130.85281909382596,124.89541204793538,88.9229660752685,86.82963261037425
110.24325385000753,62.62435007948183,88.03895173192053,96.42505995561733
125.8692230410511,71.33082544737712,88.80560119945748,99.86664770901511
122.59831334473073,62.49191346915721,88.93620316715896,104.81243665544439
117.66100999617166,55.48268975116697,89.80190667660207,105.61421747727654
101.7427035282346,52.15848302269774,89.55494025801092,114.12970306057295
89.18351737352137,47.48475634925577,89.25891826204968,116.62015585817667
85.29057071995437,46.279292110450506,89.29979065950972,118.46557562065834
118.93425184102173,68.00704498499735,89.6227945109422,99.21131037690893
127.07724954379212,107.3127102403826,89.67160419682611,90.95526550159305
126.97994873900518,109.37438778344423,89.68070526442416,89.45024748756516
127.92275518708492,126.9503690993144,89.70704095774406,88.0889841560597
127.26815953691253,124.6146239291135,89.60379055372381,87.70192471181679
118.60944746682678,116.51126458099881,87.290257350316,87.00343705034652
100.69752196603929,101.1076026590709,86.19573173735844,87.00787774698462
64.71537471232658,104.62987254928414,85.40132705003182,87.3219687970532
67.77898078011656,113.1538895735782,84.13823608893262,86.11605858355179
59.33676051416165,114.0122318020293,83.60906821080387,85.67728437444703
64.73021187495875,115.57205716894036,82.2721841883558,86.12175335902688
96.49523649538682,122.91675590596645,82.34684730468173,86.07274255078943
87.13442817831276,124.32608421241346,81.95239646488565,86.05058866611623
74.5249878215486,121.72732294369705,82.10926527569474,86.64900629292833
111.05865266092056,127.89394006720887,82.19510267271893,86.91610856590748
124.31842227188139,135.6633827671297,83.63360305644453,86.78114227010981
127.19965064976209,135.2217937123742,84.09514842284406,86.26870949882841
132.00307565903833,135.3112034258483,85.51497012236261,86.00061268857043
132.95437812728846,133.54884767952075,86.16232696840248,85.84473462283844
127.74194319488835,132.0916299727154,87.6750114044427,86.16686181036465
137.64898167639126,131.42758172180856,88.03343602439381,86.4021873516246
136.60396226320955,131.07851163553994,87.57534876827516,86.8803774769427
139.73908906662692,126.94446750898602,88.17634022982065,89.44002867065366
106.47333230895892,73.09584618494932,88.15231655143677,90.54031321731001
105.18449523442911,74.0955811860626,87.95815517250007,91.80424934739618
113.2171527358577,82.91296290326792,87.94676040373561,95.80645641741252
104.14861879152268,61.582062174573224,87.84579949700064,101.13757877901712
135.73128878602517,66.22243587809639,88.15799969304443,99.65750575372198
140.98257777867562,107.88287693330301,88.53060390201595,98.39960385695709
141.57494928633224,116.29766391563227,88.7383393810352,97.79848786674435
130.72648928810602,107.46620567069623,88.80242161995926,95.7934543556229
131.05121187511284,124.74032285485875,88.867472817757,91.13274065832479
130.98200581168607,125.99376365974423,88.91717761414145,89.8003403239118
129.16219869490948,129.92267573670833,89.32391177759855,88.32449414784993
130.5692211178493,133.2735017019729,90.15516902111102,88.73497815113504
123.63573289958825,123.80097976541605,88.25044409855249,87.93053257544
125.64026924434256,124.62177366124297,86.35839608458626,87.98303502800152
129.74656882032772,130.61719023581014,83.85568479223467,88.06470107138347
129.62418864995564,134.4075898165409,82.84452561762481,88.0761592465928
104.12677799417641,123.14766147661608,81.13536678045332,87.7035633900131
108.38510961399577,134.32027362734826,79.49500653727696,87.28366991717228
118.89238884827682,133.33848543165013,79.62449789400056,87.45654850260824
84.53012710494946,135.50852756197165,78.45483248279717,87.29551041773571
82.50604439833631,129.06696125355256,80.14933242848365,87.35247081372975
83.12520700559904,129.3100627797885,80.91196846201042,87.43351874500202
74.98096673699035,126.82192216992988,80.98150187119255,87.42124980043118
104.89274575667058,136.4088523739355,82.1213221257985,87.50173295635696
110.07630739304513,138.10608028574197,82.50267808557265,87.56178500878313
123.21455650537375,133.88129190524515,84.62895975657722,87.62327509054819
120.11882353789913,130.34521921023475,85.79764509579392,87.62591789392415
128.73656492185103,131.19769364169045,86.05920608052726,87.38800638305555
133.54055935189638,131.37401316885808,87.85577062528478,88.24054225225521
145.3790813384346,136.36055106821027,88.71818679192404,88.20732831135896
145.06415812155603,130.28556064879132,89.31844679838717,88.21736402907842
146.06753979872613,135.45762872481833,89.08380614883438,88.84737808774695
143.44086807244634,132.29087075464355,88.96435713762152,91.46050705984467
141.87245458549305,131.8655600284346,88.86041709604093,96.45720449200425
139.39912796687506,84.0801596124912,88.79090451480425,96.16705534101578
136.35582981433646,71.54382569699133,88.78760720052998,95.73109462023707
121.0967772931128,69.79413158420398,88.5106797307064,95.43464095745716
117.24358839232826,70.21090860932239,88.46003772629581,95.17791623985742
136.06704941865866,117.92234514995296,88.73759520641977,94.1728728346812
136.49905023317737,126.20016220353058,88.65920788703677,92.67795690471476
140.32422230236605,135.05569675700997,88.75551026846719,90.89011459933634
133.98365519306233,130.75881165423513,87.63023502952737,88.75615796082607
131.23007292853322,131.67641424808147,86.83422589220785,87.46780788095504
124.616746625622,124.90098614373703,84.98011125468521,86.99475707870552
99.24807657178722,99.20610381725423,82.65369385696175,87.49543493371145
94.54193327249256,120.3956805415467,80.19411446027875,87.60071402838204
104.98760601210195,126.48444847583534,78.8323659947397,87.64355528211723
60.530215889882925,118.58623695595787,77.12321888005154,87.77491497092731
62.83720871681731,118.34740197927466,77.8125374110844,87.5168691742436
70.7255454865779,132.55453355988323,78.44948600633028,87.51476924190288
68.9552009809535,129.9683020304218,78.83384328233419,87.31524454567885
66.2584653231068,127.3912523600748,78.94477916947557,87.28961132396078
121.77210834642806,136.9311695861654,83.69316787187793,87.72448644886232
115.06851592749672,128.2782505480225,86.49617873562418,87.84133537542091
113.71833245802378,125.66633616349498,87.19400463350226,87.88430097941145
121.45980201238447,126.50352852727633,87.65481429247409,87.85524544128673
125.19113237834962,128.8681290130424,88.30030662515945,87.90883744268925
132.33519775571318,131.19321412016325,88.35383380900241,87.77666637485284
131.19992405740498,131.41218658837275,88.09703459671853,87.51596338557404
137.92165402092223,133.91200603695827,88.24294082781756,87.5884970887474
134.62251675036828,131.79198220306498,88.21920004392143,87.70357227848616
110.7487815220112,93.99502564539226,88.14028124785024,92.76492764389036
101.64839517421063,86.480563610601,88.72109396249895,96.32467897794676
92.60090258468085,68.27960896396348,89.20913402773593,96.0198263170048
101.77240581833937,66.40805964093343,89.61949102359635,99.39566711327024
102.24032826561879,60.97982584126068,89.80917316017873,100.0933129427114
142.14175770509934,134.45314693130277,90.04846172046206,97.06518044418135
132.24537578055055,144.04105446346017,90.01032485344386,93.93895963568926
141.3882023450333,135.65519867220956,90.18203602681447,90.59521473312199
134.02018974382864,117.73259241201679,90.1744002672456,87.80259988084762
132.4524411954702,113.59756531617026,90.1935084788626,87.1391899935856
129.46747101568457,126.36800834672266,90.29150899885909,87.5009217425895
128.99576590331867,127.06432594449794,90.29440732519129,87.56223278174103
136.77394953514334,135.3414449610808,89.85732297426593,86.90082332877957
127.41750140279242,126.26685038026014,88.88327341537783,86.5295952166517
123.10247152965196,128.84555480033865,86.46561273970757,86.4795001495201
73.5824294987331,109.96435897669704,83.78332632969722,86.75954524710203
64.77516257536604,105.38985682740098,81.5022578754912,87.0956964061698
54.45092212686695,100.54019962351424,78.95092215703899,86.77790510995554
64.88586186922672,99.47126351398528,79.46204317867225,86.99208010882047
52.40373420044169,103.75161148601441,78.50116243703216,86.98644312743357
50.858246000424515,89.77892636189068,78.85342838697244,86.82794898432508
58.357936321077354,109.05022695895026,80.96157117803715,86.79815746324546
65.3746626407083,119.05595748570222,82.22520536939058,86.03032203517327
67.28369956141059,115.16334979370254,82.51457106652006,85.59687013830062
96.84985335943654,128.56838771833552,83.72488145812636,85.89038068706827
117.98085025087873,130.97562832482922,84.45714183861203,85.77921288269954
116.02684455135753,125.94976842531742,87.29825668323288,86.29530146849724
123.23899861381601,127.2893402756109,88.78841958880002,86.93978199894677
129.39726252080723,126.69954490900659,89.30815059047072,87.65203351149769
132.47756987813102,128.00806091217558,89.56682011378943,87.88422298988061
138.39912759878015,133.1102065066797,89.4329199478494,87.7201498501611
144.5261184531756,82.35558784803759,89.7930364547521,89.6469492985517
123.97744023995502,72.57479836571196,89.66178796960759,90.52409578397965
124.9331073742546,102.20780264572811,89.63585433553531,93.54301627861804
110.7081296809338,61.91758107702261,89.49649550253943,97.08145201225277
140.9663875366456,107.48778201748486,90.23303881196723,95.2641925597172
137.56325221659145,115.64261686877049,90.10595915824969,94.45463390440705
134.7795356568242,131.38107420965105,89.88023498871108,91.93888670110843
132.62277359513732,130.72381320784604,89.53352315939019,90.70823414682235
138.28790278216633,136.47108461728564,89.19916175457652,89.799106484667
138.70499621614076,133.3042646986846,89.3975428833208,88.71145447356501
140.55607187191524,132.30242356359813,89.45265661170534,88.13607874620757
133.68376844240998,133.3745849658947,88.38849971278988,86.59865307924338
127.23557105545495,126.26697025061681,86.87242865029363,86.09549430694402
125.86706643092873,127.96552949618216,85.82801839177945,85.7657841592225
127.83036117538684,133.91383820855387,84.41536875328754,85.67161051888378
103.29353088650153,126.44135418499827,82.06121783959105,86.94955053062827
105.63243729580044,126.33389424745016,80.92274272733792,87.05919624402364
84.448123436649,123.36449602657005,79.16854796782793,86.95562060196535
87.54880907753564,122.83474953493183,77.63212877835201,87.0125707463813
72.53890157088597,120.49351417359769,76.92424611369132,86.86453679184517
70.84523639925906,125.12528953850001,77.06694324721488,86.89685814247157
72.12481388896448,124.72620548433014,77.52666632467957,86.67419608694162
79.45187551959958,132.60879674751234,77.92635786693486,86.42621449974789
129.09373928987137,144.0210192475441,81.07764323205039,86.56411389384894
137.68098453610028,141.7645994770785,85.20689867290177,86.58702179779915
130.29535040881407,134.59456500262107,88.1498329213101,86.81187044024584
128.36368138256054,135.76741464141858,89.66741888223657,86.92984619821421
137.89971107244432,137.2998652013199,89.67968621654364,87.25399036683903
146.48160283836776,139.3633120239038,89.9097369353771,87.65497302829053
143.56262643351135,138.21094380892617,90.2140641265876,88.08980479993373
149.87847937846075,121.53865010482612,89.94603289407317,88.81187949590651
129.83913208609243,88.91542585629611,90.20609609163664,92.93754412588483
121.7635209079973,78.25288958226403,91.39071302498203,94.8930343407201
109.9131684521634,67.26984909402013,91.7360153964912,95.75416263780836
97.67326150691004,65.53714601783115,91.68638098839588,95.99371054237642
99.34518317980223,76.86193469033181,91.7297980293346,95.30209942852188
126.99712983056813,88.0079529848618,91.00508492056511,94.16088533965684
131.6772456849529,127.3628688185197,90.79054921112157,91.8884686762475
132.14092947041556,128.07298959815225,90.66178477137588,90.99296028592197
131.74280898312296,117.74051062408043,90.55516633525792,89.05588575033833
136.3024853227894,131.40113446153046,90.32429163875706,87.75398709860683
136.30518036242086,137.54155024021358,89.77155377070913,87.40184680462934
132.04123330631575,135.30005135264707,89.03315575551198,86.80909613393742
130.0276362602928,130.50842728698433,88.68515467836147,86.6211707267
126.32014812469814,131.59860972287316,87.87871643629778,86.51531979596457
129.85637695134852,126.94904193091543,87.06689966027831,86.0130050373965
70.28130423751077,108.05334981885454,84.98058319285987,86.22563106178535
64.96011077269272,108.62161576493176,82.8804171112941,86.34690907891877
66.38840599159941,112.95420539574118,82.226867092982,86.09903019526344
62.9079273498069,107.77707375361008,81.54661869100498,85.99118105494756
74.41451557922227,114.69035809509157,81.86242094323019,86.22792614067667
133.23252935865997,140.5997203345151,83.22412372420786,86.24336224028582
137.23341738144057,144.98516007959145,83.74993931196428,86.33492521241219
137.3997653977209,144.3654110315264,84.36258075612241,85.87008712095361
136.3662137967329,142.57513477993032,84.99548779938848,85.7360502592028
142.93324434850754,142.76642867875634,87.18230039351035,85.6350619533648
143.89793514400972,141.47174098414678,89.07512343595624,87.16513252658777
135.4254831874323,119.60717799457623,90.44292560997361,87.12840023125892
130.809412655575,110.95696336043396,90.47032801071155,90.66292104584139
98.96356651154048,69.52695262449433,91.04801867084804,92.6944606829299
96.37501232001118,72.05654901189207,91.21552608007538,98.09029360746882
84.86855528774498,61.86869838911304,91.19921032548953,97.88562793757906
101.5583051829304,70.35418602547573,91.10705145228299,99.96556318676946
127.21942866827764,103.4593879551026,91.10895150635203,99.89577135419155
132.8287851894471,114.81874219310595,91.23931389175992,99.0872600845449
139.20262973128274,112.46116897445152,91.37710665123453,98.34299928444614
139.33700625706672,119.30298004418412,91.29240078587165,95.72190396138473
134.76517325770772,123.47449348390255,91.2075648762477,90.80637779724319
137.4208439382846,129.44053191205424,91.17326718688892,88.46891203352483
140.0919612570617,136.39511206804784,91.15371950926674,87.46663431265213
136.7044175762707,136.80441695505104,90.29993575828674,86.56517987184812
134.76991988018082,132.42094603916257,89.83009658355782,85.32931337075507
134.21931585199565,129.76808829420986,89.09545197596013,84.8138805619472
107.19741417002564,142.35639961413062,88.88664975063857,84.55640368022378
115.92692009269703,136.39271468241805,87.60759809691884,84.78495937854284
101.45323838134298,119.95329125501051,85.6990130924566,84.73034631522106
96.02975193316232,123.46611969321724,85.0015035400374,84.66886953646487
103.57469441261019,134.08876280453026,84.98234187333868,84.59455769496728
70.81722133803927,125.94422408399029,84.60503490857472,84.0044947011329
131.22737336342388,137.8272382949001,86.39882829506304,84.93533687778081
127.89861777058157,135.61001249057648,86.96936240015465,85.38838604892248
131.46184087265036,136.85973904800568,87.28374586518278,85.84997872227548
131.75059670034736,136.3582621195168,87.45714851010436,86.12266248388535
129.63347389481947,137.6520204352216,87.92583106108265,86.66117539352129
134.84275129412075,136.6312933399579,89.02257019343317,87.90059683727577
132.79360243456878,134.86752752497998,89.37288970111769,88.49914675499005
124.86381068615806,116.50816074432839,89.9303655107537,90.05860532128449
126.03790627835177,109.25036780834148,89.8676091379949,94.03408172323918
125.0828401159051,81.58679905328597,89.5777178458176,103.01159238265451
114.80334705501286,69.83651859643723,89.47844396245445,103.89317556656867
132.8320238768387,84.49246880792727,89.43109258145337,104.43796923129116
128.50371153631986,71.3087533673052,89.36996664545782,105.08259415450586
134.54837717921453,101.03968639117656,89.61051594356034,104.04361653289595
137.31441963514746,102.25033243992664,89.45136204001396,103.21491463604596
137.70309942455057,98.85016719397301,89.34692564650949,102.76092814637403
142.62769459693897,131.40858538036247,88.63379876345708,92.95496466069949
134.02663781590496,130.27544012063098,87.4335344351288,89.14870029862873
133.36010070056253,129.19582957286067,87.1529709713526,87.90205767271094
140.80669367149602,135.97467614523677,86.34999832142223,87.26029395790431
138.60296306021988,136.30566921343052,84.73468131424345,85.95408222235783
143.14158069516165,141.3240665414458,84.27272267943539,84.86594597715667
138.7522384961559,141.747123758848,83.86866297925016,84.8601482281538
92.34387562515833,142.91112213267058,83.3652969866542,85.61810672040926
87.48881826139932,147.41634078157674,84.48235034257688,85.96192235800589
87.69318284936645,145.5932813092259,84.46030018265597,86.11127131057164
89.12554163436276,143.45964877841635,84.78753628803406,85.85503617715803
87.7090370692122,142.33727822268287,84.53798488634563,85.42567213490172
102.80964105566558,142.11411044943043,85.25063130251662,85.67362063705498
124.67110347477563,141.79948032078562,85.77434322561582,85.92268435638086
145.14689793098518,143.41441428359306,87.43708768326806,85.90558083055494
141.30519523699277,141.05514605158575,88.51436538149595,86.03160505952087
140.94053271831328,142.860326173409,89.0727999582786,86.01474228675787
139.53625131958276,140.2492796855326,88.86242507395883,85.95309720578393
137.4160906219622,136.78234424520988,88.68282497304345,86.04045894005857
143.46565312182958,138.25212834895308,88.97819514188423,86.70083709272586
145.70569448803946,134.89046020092343,88.56972170567236,88.83747118250068
146.06007604811086,117.95423304925141,88.90041530171135,91.50837805730198
147.8969317935936,119.18689632854891,89.99641502469987,91.3153773122861
141.65694966124136,106.25067934597791,90.84192989384991,91.04563215395005
150.4122124880372,119.32523817889354,90.7913232966983,91.57003600718056
152.66874717303546,125.17328172089844,90.91739022049057,91.43780404716222
150.5166807376007,131.3141918617505,90.50471812142561,90.97131773064382
144.8823214212397,130.03927800133349,89.9154402000204,90.43267130086346
143.44023483355502,129.34528872054784,89.4578688456419,89.5093632774556
141.35316387948518,132.04292102901522,89.030275527352,89.0720394130073
129.7300263264254,120.64745506815666,89.04472142851328,88.25493269293797
142.51422635166688,130.4448352230447,88.13886067490509,87.23301303084166
141.25699462218495,135.52649145002457,87.64121205300572,86.89894949007001
125.89747681834629,130.45294448265568,84.36787931872473,85.96722879979605
118.90058526331744,128.51831159047467,81.24492163898101,86.33159322999876
52.42510351764121,97.84027792948764,73.16806970006,87.14616084090999
54.34482548503338,103.69712835244938,72.8596650887128,88.65319233235641
58.749343253647986,105.79544182131869,72.96714770546444,88.72476123559042
58.072106646795,100.90006002774848,73.03033203100254,88.77584278166478
73.5975972649204,102.17232475426508,73.95914121441307,88.94610280212662
59.86614307522825,102.98500339876031,74.38574115046782,88.83512255714935
59.009602703707685,100.93958026573547,74.37232898890002,88.81082253387291
123.76622433635985,136.63724780615667,78.47666536915646,88.2079744294743
120.85094232455232,130.82382645818893,82.08300134526748,87.70241675099065
124.01505399219258,130.34618939557276,83.20900258808778,87.40173700900857
124.3246871605955,130.2353285258384,85.28760200063745,86.84000161115252
123.34514478379246,127.45050558968414,87.02691193651351,86.90146330510717
144.94952785935251,135.67185289789936,88.03119017858441,88.19641418347902
153.433718567792,140.32379207329825,89.0266603883528,88.59716595001012
144.67958855661576,122.94578171806128,89.26792014709811,88.70840711558346
146.17729473077927,114.0359917062992,91.13585446380162,89.01702599536692
141.26529291133195,102.02681149238592,91.41112315888894,89.24466132709647
144.32472428959605,97.67050891113405,91.89136921854173,89.09109726329308
143.00407342583588,95.82565564248286,91.7415711641324,88.82326111325123
145.82334045700838,106.68374366270673,91.47126313124184,88.96728961037493
147.01895619024148,109.43833913631615,91.26999505670429,89.33625363744565
137.28533292467782,101.67007820418344,90.58003993740103,89.42054384147531
141.00663296664166,102.02468014671214,89.97869315925887,89.6192986480109
142.78143352323735,129.73122029463255,89.2892797864084,89.14419382713162
135.79116727775292,131.70035060628405,88.37113559360267,88.08785761790352
130.956888133212,124.99067373156814,87.91185092115698,87.50474037863233
130.1826821332955,123.6753219553167,87.23072899505927,87.31329242035056
113.93002785918402,108.45567351150079,84.40335339324223,86.92840865117225
105.44235395025112,97.88097978734127,80.97345252587631,86.9329938510455
102.99901995826073,79.75157913355288,78.17515008445541,86.89553767842929
85.34085754911764,88.1217407623822,77.84063288846181,87.00345541123001
86.23663622768316,97.63617604249153,77.17514258008141,87.30876336023178
65.35730610241099,100.91396478358912,76.91707711944397,87.31378755681554
65.31159890351171,101.69386919387775,78.17073114540122,87.45564554179762
79.64165098923256,126.44938143421163,80.27556933812251,87.23256687163706
101.62753120983841,118.9503026530797,83.52728352976678,86.81181043317626
108.49852894972393,119.06737243418412,84.71582596349964,86.79514098516188
113.50522590672603,119.7206591559722,86.33433905089788,87.24244065154976
124.00219443422627,122.79496163995803,87.71341167474412,87.87650497805369
122.72133626384428,126.44728011517869,88.07243777847583,88.1533195638209
126.68925493482546,129.80238355094048,88.54839280761057,88.89981940419891
115.11227166326402,111.53060383528515,88.99731124312154,89.40688763606084
104.32507765796026,75.3718347969546,89.30603925979582,90.5051700149091
110.40736155509813,83.90634088650287,89.50552318744101,91.96954270709999
105.09236882716223,77.79257787273136,89.89730358219501,91.96145334158557
112.88906049938004,81.23790010559178,90.08036123781278,92.5715958768301
118.58928493337817,87.67346324661557,90.29598327107406,92.22001166803192
132.68246293963475,95.01399032284986,90.63117886580721,90.8082727604529
129.9925526952453,94.13082728330554,90.83557949331761,90.34953339853242
127.61598080241218,124.60283767384894,90.30378566948907,87.12053927115787
133.06311057489614,137.31284802764716,89.93126983202069,84.92698581312891
133.12613334273365,136.5491292523846,89.84195089581188,85.00106571483374
128.90558510002134,134.06507263694675,89.82081478862564,85.29600647783235
135.17791590071806,140.83250720102754,89.77182545370378,85.03368894611494
129.7475269149614,132.93259271742423,89.44884044125716,84.94681776295971
127.6015302447418,126.42527861379394,88.64749043384217,84.3544384008279
94.81998165392477,124.60583137943759,86.71050705114475,83.93289798713873
100.72019977525429,125.0224158967651,84.44861100990686,84.364050757826
103.6860164137555,124.64059574298854,84.05839219143837,84.40071231578202
66.13673260169892,116.86457654792804,82.47829469750617,84.45135595998167
71.45517556975759,114.8538541338697,80.13391522602822,84.44987972513469
79.67544067211611,122.08053939790936,80.73610756911688,84.11692747184776
85.38065398567237,128.93384775060872,82.16397678166717,83.68995266316597
76.29943673670213,126.66048000517736,82.38682206231547,83.66058999549368
112.51480242411296,129.78752349520192,82.90136549824665,83.56074769551884
128.38858366008375,131.2107041856032,84.4488376105083,83.944175204051
140.86040406780413,135.97287818025274,85.92428857062662,84.53805925083323
134.2676334932935,138.31672111006895,86.53042893049403,84.87070296827112
135.2484293971724,136.92945956373214,87.3384696999027,85.21543492105889
125.8360639603354,121.63457651535626,89.56209110357949,86.66523766654649
133.9103186200205,125.44762126884986,89.9183964652497,89.34127702423311
139.38938436835213,133.52859280859914,90.15290958248511,91.46861862946106
138.11302385970873,137.43494068760796,90.15800389717471,92.34507730767321
132.52422152824596,109.07166684118476,90.50815165429928,93.85141994218806
134.27133224288926,92.29591639442137,90.80449111110725,93.91929779204612
143.49291400959038,115.4548368264275,90.36320289990616,94.99969513988799
149.05656988465688,122.16591661324155,90.1642816372489,94.21258369770217
148.2439832913542,97.60180137728706,90.24249804463265,94.01614981939322
148.92868563077576,101.43828011193527,90.29624620972629,93.70825004651806
144.98073442393243,109.24679066005062,89.21732624432485,92.34604099182371
144.23041345623867,122.71743316295718,87.94843510034602,91.20848580152224
144.156585121819,130.8535571535875,87.36948352571451,90.63729144386922
141.9590446499477,134.07587793496387,86.02960528673157,89.77660160056777
123.67177149551536,121.93904309118437,83.3254045531398,88.01346873492795
49.06147087104634,104.44615392573871,76.58720391711846,87.26656711429226
50.54331670425421,102.13304322550837,73.1645867655184,87.94474828381006
60.638945120357874,102.66865100428795,73.28021247113071,88.06263379403642
69.83005657956647,103.42856329432904,74.50387936460382,88.12898773743474
93.34518824189962,118.46865580661465,75.62154781949985,88.16990012599439
123.24570640567289,126.20805666935769,78.36738305437498,87.38679215544457
130.70663673293555,128.68925481750026,80.66247443766852,86.97291393517219
129.9770109962487,127.51607820231374,81.5423456017206,86.7176672789802
143.53273419101296,126.44320092890054,84.22947018735749,86.76540309629644
143.7917736856724,132.95623601217312,86.96205374850804,87.06404466606755
139.98971553940427,128.23342038770377,87.4573252593385,87.72652508697733
139.8353651980125,121.97400339175124,88.92281463118353,88.2731833480308
144.74235939855,120.64897774052349,90.11001744957936,88.80852722672905
138.91354748617766,92.30948028545305,90.55852443066966,88.43804951499683
132.96781839508876,91.05196778943252,90.91909127884715,88.89233304589614
122.10976996787512,83.52831388081766,91.1116626303561,88.790050854363
118.13861698096296,79.11775524823666,91.06617662644807,88.81013937634825
127.29541955552097,87.17854524144553,91.30734941892601,89.16208077420379
137.37531530594106,113.7176920756229,91.49238222253715,89.89676214971954
140.56796468909448,104.61992346546988,91.67966585984348,89.92804373060767
141.09671252878275,99.4744396547306,91.54345176112436,89.97778143324564
141.2765747002266,97.17132078429577,91.44044044240582,90.02771336170913
141.61038139957068,117.46505115796705,91.64531371108005,90.18692013960536
143.2194421548274,125.44207456230552,91.74088680979398,90.00029013459344
145.65329690196327,127.22344608905705,91.62899336950815,88.77142377282009
144.46761977777453,130.00043505835205,91.45847059055221,88.15250515617534
145.35008043421064,138.69519978216843,91.25182528778623,87.5722894325378
133.4250908180369,129.46515377671966,89.9973188414535,86.48571967439624
132.67480680874388,129.6566063174334,88.37278334193871,85.55728669390544
127.54223264032748,126.87868654511607,86.81877198203185,85.23588920567366
127.74632305473952,120.89193884270861,86.33117006476027,84.97439651120838
119.71364911240623,119.75820106833287,84.43344595204424,84.72406862463727
55.53630994070815,72.83846495578643,82.57715696947575,84.38641091858946
84.85926869516715,89.1997552160042,81.28286799360983,84.81665520913104
90.89410960177277,113.24232096177762,81.4226843614599,85.32575903355877
129.09257164162875,127.717315761058,82.75615730835459,85.44945577973624
132.7941791157672,134.26255701404764,83.54657252284913,85.39205647408158
136.23662750345645,133.90662961479754,84.08119982518224,85.4891352261247
138.47752379962353,136.8260232517067,84.92675593403523,85.45451210967836
139.23592221523393,136.94664120179704,85.4499588675234,85.42822673038245
141.94317914422507,137.2316884959543,86.32518785909565,85.52034909655644
146.62477130351286,137.56425074840482,87.04350473605103,85.79328035858066
146.94526469121166,137.24069852553265,88.06545783354801,86.86424458480398
146.199037602987,138.56655677528443,90.14082436825048,88.64088502047619
143.18754709358794,135.6007307585031,90.62423633665117,89.4943932025093
141.55946693837322,132.8334816512176,91.35350857003141,90.73280589009372
146.86000989204163,137.60284410367814,91.41448949289523,91.38522982877444
143.77544173173624,136.33780356756452,91.62127543549626,92.30937092582285
149.84015185632427,139.6093406123828,91.32689027813285,92.09849753033161
148.90706107168987,139.66815323506742,91.1357965828919,91.70841634402774
143.960880368899,134.3318995447857,90.80162372049064,90.74680825897057
147.20123859535624,136.35132986102914,90.81285988596738,90.0837963617772
138.66055482867742,128.12317520043257,91.09790386476395,90.34811644780287
139.81325739239682,131.77014491258277,91.03407071254644,90.31900856789747
139.2173935468841,131.40552381486827,90.9884427061507,90.24387113337659
138.4443066867034,132.07259792424213,90.98003673610685,90.2628776645542
141.10392905872382,132.27920203075183,91.0830358600339,90.03576134857735
131.80610750715303,137.54295950928363,90.65630674530945,89.20734670070703
128.78334994988393,135.98879536366664,90.45775442816586,88.83268876182541
130.97225947536867,135.62551935625635,90.38695097517864,89.08635034697686
131.64758738741338,136.38083456905022,90.25946403932443,89.4802954512979
130.12537602887093,136.20411936291245,90.50337308026454,89.60542883473144
131.40607257781568,138.61408679386258,90.21796458493559,89.04887323155651
132.25678305902997,138.46314759028772,90.11353021688832,88.97833527978575
132.3873622515888,135.44185045854758,89.98248648587575,89.05961725323203
133.4270365922028,134.68020037311547,90.00174097606521,89.08081413471845
136.52559525144764,138.8260108121637,89.87107423698204,89.51135577487928
136.61774543584033,141.44018011010917,89.88420852610648,90.42328053031855
112.52804698023355,138.70565660229406,90.03812092563874,90.87292374677016
113.19846199229119,144.053817920454,90.12694393992523,91.15951396250546
119.86168939477811,147.7503818111389,89.90038176583526,91.00290810652768
121.03102175848015,144.28573311524772,89.18306545082959,91.56843493672788
126.8560570127752,142.53508991894353,88.85626892374783,91.69864251253674
131.87979136701574,146.19964301608132,84.01478575366289,88.05500702412928
125.99448431995756,138.8040961100064,82.40230593219519,85.65908433038467
125.62648998580947,133.80782532332395,84.11752620079577,85.33620634593441
130.29674985709633,136.67393832780408,84.27818445205216,85.81131914091179
122.72273138457861,134.0541178653424,84.11721207359798,85.27546870277384
109.52091478148171,130.17249789923548,82.96448918921304,84.8775951317432
113.68167627382155,143.62311216962564,82.73718899027662,84.52644652409714
114.30009970757285,141.22579837835303,82.8357898597803,84.55595156853678
111.99203166022939,140.4698326026424,83.0622967687622,84.44796722044579
104.70248460158999,139.57412292845737,83.11529669400763,84.29386436412912
88.93361223583008,141.47468652436262,83.21084698749256,84.47195634741887
91.90672050067178,143.48139117672105,83.25347774959435,84.51512571907882
102.17982647412056,147.30052401421855,83.56615873064821,84.57842281701105
120.89118624605683,147.80069852293548,83.7172798810173,84.36294323932697
122.68276598878704,143.376858992219,86.10525074935306,85.8767706329856
126.59320483210352,142.61869219884596,87.89887931312741,87.12359134097997
125.40566137354267,142.49641879247102,88.43062195082653,87.74065838317462
122.6829069144408,132.0280863687985,88.09557772843802,88.90815935145363
120.14979060409838,133.80894662605044,88.26899191328032,88.95631907435579
119.99688172337815,135.39450269554584,88.8711127681188,90.17946722407194
104.51187240780231,135.65435746850784,89.94206453841004,91.68141952614303
94.10309177712382,131.85600316919243,90.59312242426091,92.28410533638848
98.0243404164684,127.50236995790824,90.56815806322257,92.79811304786764
100.93381433806147,128.67456741459785,90.68135512320534,92.47825838118708
102.28694388453175,130.799319837501,90.46095360086977,92.5281220278857
105.18472369561636,125.05567566488396,90.79245303784288,92.0988609607608
105.40799816417227,123.77141563140937,90.82311739186568,91.87961005950095
114.3116629023527,124.28904725039858,90.63469834874154,91.20181892301632
121.7742596015562,123.58391450753516,90.27447868464682,90.16932798285451
118.77709169281961,116.11406051135022,90.11080147783457,89.83442413622818
118.20887705535073,119.44919679034292,89.80116009482123,89.29484824680108
116.07151072812519,119.89205495774699,88.85792006479168,88.5882456221613
114.99850871630557,118.43505362137583,88.50964151088247,88.31563276577643
114.20221752151544,119.63890977336808,87.71640603565811,87.02306768591659
119.87639395447066,118.26124309755423,86.75690932110956,85.99337513108782
118.2039042594971,123.03988312590295,85.45856910628191,86.19852036071836
120.75485836675475,127.92393350398235,84.8900155754853,85.9039804963942
121.60067495356259,126.64112334264817,84.08753877436266,85.82504793664253
124.27362091192654,126.96178235737919,84.16420783630394,85.64912953060511
121.49396286534821,123.07270795338111,84.27219601121503,84.88605871014732
116.50584959569446,120.92684570607835,84.14310769570545,85.16664972568563
113.58847152594237,121.40342595013394,84.149173770859,85.46279222155675
110.55596103997765,120.6120576551484,84.16293509678027,85.55710128298398
117.26567837143672,129.97211600226723,84.49800444196693,85.74256292342456
127.49557880571501,137.97570036452976,85.97532392030739,86.03093989438239
117.46299672243713,132.54004802310638,86.26077545882136,86.11257370855776
118.88304283180578,131.3846336031092,86.52417987111515,86.17524810158508
119.71957264615052,132.99985881452164,86.59162113775895,86.2032983698445
121.24209019688864,132.61157187049648,86.46184636327591,86.22351267754227
122.99202311073594,132.96413537423052,86.55121257955109,86.1756652547254
121.2723249260574,131.03332579031334,86.95947147811994,86.32662571496375
123.20133243558233,133.25009919903954,87.24541423833396,86.45455869853068
127.5440013756314,134.97836742890382,87.63738084881071,86.72149712527886
126.92338645190029,133.61281115753948,87.88379155975244,86.97244639886374
133.33467828372844,135.76944076473998,87.97318153969313,87.62014751851783
134.74427247546407,138.73634845991722,88.44770025179193,87.78262258560719
131.81920436978916,140.32729720439022,89.1439024034852,87.72769860517529
131.34502988420294,139.8549401976654,89.45948851943943,87.64226763928386
132.29830087557002,140.03522121036167,89.69378551421332,87.77510309956442
133.56921921422932,141.05535017508208,89.78204572278419,87.67875004969302
131.7239061900152,140.53965214184927,89.62117836700938,87.76529303686625
129.68411408791414,138.7722060749311,89.75208280425352,87.96335222209163
129.53417302380151,138.3542617459446,89.8482332955179,87.9771004356545
126.7296561754298,135.0739213283826,89.80511865715636,88.18713804775227
125.98019675981003,134.75782767113265,89.74268397616125,88.22238272434821
118.2791276411057,129.55493934578345,89.95531759246664,88.4597873385985
110.50262583708755,123.75383719065863,90.13979347578112,88.44322150430025
112.730776757292,124.04084212687873,90.10629105345085,88.39911456128169
114.46333642330637,126.16831175010911,90.16360791196787,88.46607961272791
113.4678747171962,124.61776927926172,90.34235971315353,88.70426829445982
111.66383616775511,121.10040952266637,90.46858838841496,88.7251114653194
114.34598335656719,123.87089554268019,90.46353086801312,88.81543584846305
121.48800330403857,128.76866430833377,90.37685475084689,88.93005517165142
122.39479601797365,129.21421158059772,90.3458559904892,88.5277596725182
122.68976110561549,130.24907110327277,90.32004585062491,88.28840557453388
124.79785905524899,131.50965954660336,90.25982412609724,88.3124357759925
125.193828644879,131.88238350706823,90.17075041620568,88.10599178003682
122.91178828024252,131.16044813640767,90.08242383414814,87.99925308153024
117.6178171455288,130.06846920267893,90.07290582234695,88.04579156498689
115.85006710315814,128.77609172408467,89.97779885994575,88.00176056651979
111.61795128265551,122.95208347100885,89.88323372110338,88.06756674808373
110.8233334344885,121.47378465723627,89.87046823770356,88.32866973777101
111.59445579730473,124.47274769019934,89.8210180378764,88.34775943691251
114.07584132849625,127.4989000459516,89.8032641028308,88.37148759977997
118.00221199070798,130.33472541387843,89.80147848442932,88.46308022601805
117.50082747912245,129.00519227385817,89.79670752429256,88.91866687426177
118.58325596584388,129.62973416847055,89.8372154533332,88.81232509935374
119.07152747423814,129.4729831009188,89.82816540346658,88.78132241478019
119.22495428294923,129.54009111462145,89.84515423378656,88.56896757965907
118.97842926607915,129.13869569286442,89.85655626371279,88.4234398675761
120.95253076122091,128.9379168796851,89.87721257627936,88.51525376826625
120.63202259068207,128.6961152237332,89.89907608314712,88.48559181493837
120.82176601236877,128.6831421317669,89.91201621072895,88.4603475753976
123.01865220365707,132.73774420103516,89.94601759605995,88.62765435550952
122.80420393644619,133.16532483224225,89.97624182065229,88.68758581389048
120.6738791149237,131.22162547011024,90.0819250156245,88.7462983666053
115.6625659118795,122.88762746806655,90.16165493458593,88.84298906655066
114.38966700665414,123.3413639621541,90.11217736992573,88.86940220561236
113.8592345802073,123.66333086422864,90.07734135891538,88.88668253982348
114.25893252976654,123.71201190259727,90.2408319255026,89.00150725440207
114.23448916778815,124.18007657387899,90.30308517273384,88.95248611630814
114.34989003033219,124.07988301146052,90.3826414439151,89.0748675227184
114.25870471983413,123.80380811090149,90.51121783710526,89.19850375751014
114.60735289325599,125.8383049353484,90.77784321814683,89.59098517363884
114.68988689590151,125.87282617965904,90.99120356325095,89.86394821966806
116.70334735615923,126.31512196785994,91.08681300007399,89.80681549516055
118.03437789267416,127.64062609590185,91.04768160245915,89.72846607059061
117.74322795064748,127.67452255819141,91.05660302067564,89.75933012145354
114.27503861396842,119.83379460893039,91.05242260431726,89.80258179818556
114.05732960658831,120.2296147870567,91.0473640736863,89.77339482471677
113.62493453084066,120.15910630393473,91.01277280812661,89.72094232118849
113.05758435952512,119.72867325747751,91.00011003605259,89.70082265898519
112.4828841277494,120.06299714863985,91.02986150520496,89.6095582588241
112.35290254281777,120.30514819381673,91.00595477314272,89.5631853675149
110.48482595539876,116.59430359537394,90.94855227867394,89.54087585928107
112.87391125096526,119.49129456574218,91.06099631498344,89.47951373578431
116.25795983608924,124.12523881230052,91.0314370329919,89.42907140217407
115.96648469770983,123.93975787162634,90.99303512254951,89.51978404678138
116.52832555349019,126.59562834341602,91.03091041192226,89.65858666213126
119.2944047978685,128.76655364894776,91.06683088836928,89.7033706583742
121.17409441785766,131.73057581185313,91.07461998479981,89.42065806801698
123.93403154373817,132.5968578320264,91.09878785123753,89.41516820480678
123.67497487711547,130.74232780825295,91.08438765801799,89.32422828033313
123.03410086340023,130.04867556533605,91.0734038051605,89.30612546604065
123.02048824607519,129.38184817020962,91.06134419318296,89.24813294680641
122.970709543556,128.92081335848826,91.05481285216732,89.19944962056664
121.96676756096326,129.1892374073163,91.02655938794072,89.30258267324074
123.45656262622832,128.22660417632596,91.03332299890866,89.4872124973755
118.85961704058151,127.92045609070072,90.99655235953117,89.48624847046294
114.29832205939422,119.34342994705102,90.9512422874005,89.47956742969141
111.61783964392161,116.8638130455487,90.95402920284663,89.49053714023303
110.7793832814432,116.54186647656101,90.95540907678782,89.49932115451364
106.33801559543488,110.47266824557872,90.95546206191821,89.50174585923851
108.01788293199695,115.00757997186608,90.95967405882652,89.56697685394342
109.10217743842018,116.90198179793506,90.96620016880354,89.61520779471597
109.8307984590342,117.06225282621703,90.982115940458,89.63886954341204
111.26710684340013,118.20553834595762,91.00719181770545,89.64021004299218
114.05721394260468,123.70549174647799,91.06583739976108,89.60829517814732
113.96744801489389,122.96673404584665,91.04861822741593,89.62056510972823
120.80750263991942,126.03357526579057,91.11672666017148,89.5352534700984
120.87151829032847,126.40531061850344,91.15051749430928,89.46866127717728
120.20440663784629,127.93302140361541,91.17737433881544,89.50812239597953
119.34242554857937,128.2967111288937,91.16986835938323,89.53295960503756
119.44354167522754,128.6705785366308,91.16538631313828,89.5423877390459
122.49956931354693,130.85923140330104,91.19005514742607,89.53448683396695
125.9207573114218,131.06315120829268,91.24041950567151,89.56909402454232
127.96990313014079,131.03534672302982,91.28930127065583,89.57495721160232
126.9391372673659,130.79182372393456,91.31117943141103,89.54225899526894
126.4107567037271,132.62191202135867,91.19771750822748,89.4903519639367
126.29061792117996,132.94731667145322,91.15291995088141,89.4552455359117
129.11074285982917,135.4111720319699,91.14332320895909,89.44500449074792
131.27356179478116,135.71075546580568,91.1055423174589,89.3150651255193
124.43499003613015,131.58394059667248,91.0568577136678,89.22679177341678
132.46449026962836,135.6021662998469,91.04943265987431,88.99624146900243
132.35015579561315,135.1445280002645,91.02642750041173,88.9009296271513
131.30590187799706,135.08408665271793,91.01485821756935,88.82544801689019
130.82339238816942,136.7253918105162,91.06757043996818,88.93560839888141
128.9007308099893,135.56739683448095,91.05945645522974,89.04019007558139
123.05113499130397,134.10081972538222,91.06375865123987,89.13452180151354
119.92117875756263,133.43705626290594,91.03916822347365,89.12554742351242
127.87840629693522,135.3083084823736,91.04772410648394,89.11374332872244
129.95920535776466,135.59385316555765,91.05360242533098,89.10509288891815
124.57413549108398,132.55738222465834,91.09891185624986,89.12388329056537
126.04899625795115,132.38360237676608,91.12411473522796,89.13488064919191
130.43953647854536,132.50582985134932,91.14462148086587,89.17199818101412
120.93535396162048,129.88458913137447,91.16052372334791,89.25466812202184
121.43111772675506,130.06845760236692,91.16698181035561,89.25297943275135
121.8672442134956,131.17069213864008,91.1695057861412,89.26022408668217
128.09586399787284,133.04033490777744,91.1939546911069,89.2519912309597
126.22704064351004,132.80768600722698,91.16865650482498,89.30924106926716
125.77604743900665,132.77811121834287,91.13712152524323,89.34463428718112
135.70763755391036,134.27236268182642,91.10960540680304,89.13568874246803
133.07253615044044,134.37685682936686,91.05036939578326,89.07500147609677
132.15040406830445,136.4974679101651,91.10153523112193,89.1893520360477
131.99176460732386,135.60346921327306,91.11331214898667,89.25712362898763
135.20067194067423,135.9811719166221,91.1283226667198,89.30809661050142
136.43510126844697,136.095368414347,91.1353491381369,89.34609227175388
136.0736698341339,136.28280484736518,91.03457412176755,89.28608571936336
134.26613766974472,135.12044406603513,91.02851298199562,89.39824415737333
133.94090694511664,134.4080934546329,91.01274179443068,89.47037886229268
137.32465292210333,135.88345002988302,90.99272479867341,89.42400108553396
139.51975305871997,137.3257490378058,90.96226912826593,89.37552504198828
140.66170632515568,138.067050607939,90.94656080296267,89.34361218487616
141.01566319819398,138.98221788638457,90.92054980174835,89.1830898360648
140.40043683813036,137.99100189195855,90.96528502959053,89.24185467619229
140.0994531108413,137.42684165892265,90.99460779991637,89.28023021248964
141.81434317820478,138.9677398575699,90.93541018699042,89.14128898869146
142.12136031054604,138.85567775405298,90.85358188977833,89.15007527289887
141.7044907948435,139.32446953660917,90.89534558928162,89.17784966131748
138.38663115663564,139.2560484144435,90.87491916486219,89.00118024941602
131.92200118362254,137.46893097325213,90.85112506573378,89.0151989620449
130.26330237493937,136.79825209955436,90.8371135440958,89.02187029260571
127.23829084565926,135.56645580002274,90.84731303460889,88.99277551215778
127.43407623362502,135.11407207203476,90.84034575025535,89.10762903314648
130.38506673166668,135.62586774138157,90.81102050211601,89.02740505275501
128.7096948470175,134.0309944229436,90.82643882715328,88.94156687149157
129.98628956243056,134.8989642518985,90.83806298166353,88.77947868670655
131.56340781781964,134.84442335599522,90.8564914899377,88.63790920542986
133.4816280218554,135.20932225966288,90.8622082228122,88.51210307497871
133.80166342359092,135.62185211732725,90.9193858060706,88.54183780471544
137.59004216745026,139.75908081560976,90.92800773648814,88.64815563121624
132.41428956384684,136.9225636926614,90.92783139564656,88.65483030807772
132.57792397768515,138.15604454844066,90.92401413623634,88.65833503853712
132.7181196367969,138.6354061801613,90.90791342387995,88.66062117412065
132.28332313728316,138.3874382160809,90.8592779627332,88.68610785034377
130.75724656487208,136.71167066093892,90.87716995863407,88.89180024249343
130.26856340406061,136.44583884491632,90.8966545763837,89.0296659959897
128.52322888011454,135.84240797359206,90.83715257402785,89.02699423801805
122.87832288175275,135.2006346299977,90.84741786031411,89.1408871128908
123.20569245823773,135.39142468239584,91.49795727560642,89.53938194215583
125.20477068881965,135.32025105545492,91.97062110662176,90.14816467276779
140.0127410520559,148.83072299020859,92.13688273205265,90.36172610135654
143.5902738394959,148.99382864456229,92.20205384754684,90.37751747777885
141.74198424783697,144.47231701550893,92.40956973773206,90.4820693590146
140.90412604328264,144.40671746835903,92.5095471689893,90.56908418100716
150.4462046710703,148.37670868431618,92.6042813539786,90.82541822626652
152.85645103843544,146.5609477633834,93.00715436318721,91.44727276313154
149.2883848729181,143.8901070365908,93.2295639077173,91.65476420985944
151.08239162253062,142.67857978171446,93.41176206747039,91.68009940448881
149.88581909202227,146.3371685323251,93.28246104957148,91.07470327490887
147.82712456503268,146.58569151713206,93.53107417532259,91.2980148460431
146.53046637407903,144.70064745743642,93.68670153345359,91.28049633023389
147.3994636094491,144.76531041379343,93.1322543099835,91.22107200131931
143.80143915863107,141.55760454049093,93.30195072776228,91.24094698809742
125.56468043591302,128.81681247228798,93.81508532997728,92.55400006217135
125.11867515090026,127.16933864327824,94.03279423622652,93.02707371378348
125.10605746961387,126.26042085538987,94.65955085186918,93.41848279629383
123.04296197754115,124.4721510973162,95.15258219542284,93.81192271755657
123.26300768641032,121.7228850810816,95.68672068397454,94.11161943075084
130.4926396330462,137.1997250190122,96.0673440059295,94.32465616819684
138.08822742987732,140.25929144507637,95.98704944934927,94.73087719188624
139.32275846985138,140.48934984300826,95.78574929592699,94.63156617971345
140.43350264128082,140.86657029224267,95.5080053346119,94.01251333412229
139.2568614507498,141.67928223264445,95.34245804620251,93.69776234771183
132.36309452535463,141.00667956845734,94.99742801349542,93.40829105105043
125.25653266406401,132.39991306660372,94.98764408544977,92.70705942353368
124.21048097870785,129.91374125270482,94.974818859355,92.29326365379387
120.94898794787552,133.6009378157957,94.9374249080924,91.9518899090978
122.59719163596252,132.41574936752255,94.53942791734882,91.03818933645414
122.33239924419975,132.62448315087974,93.77495751919226,89.63314398772407
129.1301313374071,134.82321398022106,93.28557371425653,88.85714536312751
129.83945393428223,135.61106476222147,92.87942814566773,88.03700134678219
129.74657386241486,135.40569009975334,92.76104899728341,87.70825835310589
111.88010629151285,130.2639395847341,92.71998911050214,87.13150629034544
115.8844018999963,125.32328688426948,92.57898305919812,86.95888283978057
125.88403158549767,126.12972604297133,91.64248609643276,86.1351645610735
124.02091492895848,127.56994905738334,89.94010720706954,85.42124388642544
133.24491435855748,135.85276414406803,88.7538977214658,85.02117962149426
133.38367039176075,140.74210004155697,88.4633572818151,85.01416792366028
132.15596431121264,138.13964928426128,88.19048339418299,84.46682675073437
132.11904083929704,139.26400528596804,86.9386719253591,84.3944527097404
131.10518815785997,138.61884176978614,86.67203274623043,84.51845700362166
128.0399482904561,138.61908487107854,85.65050916348989,84.40903539359655
130.2910001883717,145.40408337422537,85.33677790558585,84.48988788426533
129.2920020213338,146.23277901660796,85.26411759110249,84.58500943613936
133.92521203417692,150.77546428929512,86.06255325781818,84.69357081817864
128.97901858923547,146.23711682533136,86.50973357614383,85.03109196386717
129.45104668853398,145.3685318851605,86.74323461651507,85.18080104237818
132.7569082457903,146.40605918099695,87.58948445661548,85.91576565232802
135.78466350042976,145.61205408250228,88.02272053254487,86.56177854288568
121.90470229686393,147.55057518228753,89.78031278210238,89.33268838586892
118.55378894831463,144.6503138291634,90.1713256910725,90.82146794868372
120.92025393609627,144.08754019287892,90.39729139640313,91.20655319729119
112.64048207208398,139.28658128813942,90.2527480731905,93.02101739809883
117.39353984105891,140.86981824409952,90.83333604722418,94.71492542870982
117.39084676228794,139.40350192540393,91.78218105475626,95.97413309983936
